Country,index,1980,1981,1982,1983,1984,1985,1986,1987,1988,1989,1990,1991,1992,1993,1994,1995,1996,1997,1998,1999,2000,2001,2002,2003,2004,2005,2006,2007,2008,2009,2010,2011,2012,2013,2014,2015,2016,2017,2018,2019,2020,2021,2022
Zimbabwe,WGDPZIMB Index,6.679,8.011,8.54,7.764,6.352,5.637,6.218,6.741,7.815,8.286,8.784,8.641,6.751,6.564,6.891,7.111,8.553,8.53,6.402,6.858,6.69,6.777,6.342,5.728,5.806,5.755,5.444,5.292,4.416,9.666,12.042,14.102,17.115,19.091,19.496,19.963,20.549,17.585,34.156,21.832,21.51,28.371,28.371
Zambia,WGDPZAMB Index,3.83,3.873,3.995,3.216,2.739,2.281,1.662,2.27,3.714,3.999,3.285,3.379,3.182,3.273,3.657,3.807,3.597,4.303,3.538,3.404,3.601,4.094,4.194,4.902,6.221,8.332,12.757,14.057,17.911,15.328,20.266,23.46,25.503,28.037,27.141,21.251,20.958,25.874,26.312,23.309,18.111,22.148,22.148
Yemen,WGDPYEME Index,,,,,,,,,,,5.647,5.93,6.464,5.368,4.167,4.259,5.786,6.839,6.325,7.641,9.652,9.862,10.695,11.778,13.873,16.746,19.062,21.651,26.911,25.13,30.907,32.726,35.401,40.415,43.229,42.444,31.318,26.842,21.606,21.888,18.841,21.062,21.062
World,WGDPWRLD Index,11336.591,11727.604,11609.77,11840.065,12271.599,12862.13,15207.735,17310.212,19341.19,20197.416,22783.755,23763.496,25410.282,25826.196,27876.766,31048.402,31741.78,31627.745,31546.479,32745.402,33839.543,33623.874,34917.873,39152.22,44123.872,47784.318,51780.103,58349.348,64120.604,60803.913,66605.599,73857.461,75500.388,77606.229,79732.637,75186.365,76469.364,81409.498,86466.959,87654.251,85116.337,96527.426,96527.426
World YoY,WGDPWDYY Index,12.8,3.4,-1,2,3.6,4.8,18.2,13.8,11.7,4.4,12.8,4.3,6.9,1.6,7.9,11.4,2.2,-0.4,-0.3,3.8,3.3,-0.6,3.8,12.1,12.7,8.3,8.4,12.7,9.9,-5.2,9.5,10.9,2.2,2.8,2.7,-5.7,1.7,6.5,6.2,1.4,-2.9,13.4,13.4
West Bank and Gaza,WGDPWBGA Index,,,,,,,,,,,,,,,2.843,3.283,3.41,3.76,4.068,4.271,4.314,4.004,3.556,3.968,4.603,5.126,5.348,5.816,7.31,8.086,9.682,11.186,12.208,13.516,13.99,13.972,15.405,16.128,16.277,17.134,15.532,18.037,18.037
Virgin Islands (U.S.),WGDPVIRG Index,0.728,0.822,0.833,0.917,0.985,0.99,1.036,1.148,1.205,1.344,1.565,1.671,1.771,1.996,1.996,1.996,1.996,1.996,1.996,1.996,1.996,1.996,3.262,3.443,3.797,4.428,4.484,4.784,4.244,4.201,4.324,4.223,4.089,3.738,3.565,3.663,3.798,3.794,3.922,4.117,4.204,4.204,4.204
Vietnam,WGDPVIET Index,,,,,,14.095,26.337,36.658,25.424,6.293,6.472,9.613,9.867,13.181,16.286,20.736,24.657,26.844,27.21,28.684,31.173,32.685,35.064,39.553,45.428,57.633,66.372,77.414,99.13,106.015,147.201,172.595,195.591,213.709,233.451,239.258,257.096,281.354,310.106,334.365,346.616,366.138,366.138
Venezuela,WGDPVENE Index,59.117,66.327,67.737,67.556,60.01,61.965,60.392,48.029,60.226,43.526,48.598,53.477,60.402,60.065,58.419,77.408,70.543,85.844,91.331,97.977,117.141,122.904,92.894,83.621,112.453,145.51,183.478,230.364,315.953,329.788,393.192,316.482,381.286,371.005,482.359,482.359,482.359,482.359,482.359,482.359,482.359,482.359,482.359
Vanuatu,WGDPVANU Index,0.121,0.114,0.115,0.117,0.144,0.132,0.126,0.139,0.158,0.154,0.169,0.201,0.209,0.2,0.234,0.249,0.261,0.273,0.262,0.268,0.272,0.258,0.263,0.314,0.365,0.395,0.439,0.516,0.591,0.593,0.671,0.77,0.748,0.758,0.772,0.731,0.781,0.88,0.915,0.937,0.897,0.956,0.956
Uzbekistan,WGDPUZBE Index,,,,,,,,,,,13.361,13.678,12.941,13.099,12.899,13.35,13.949,14.745,14.989,17.078,13.761,11.401,9.688,10.134,12.03,14.308,17.331,22.311,29.549,33.689,49.766,60.179,67.517,73.18,80.845,86.196,86.138,62.081,52.633,59.908,59.894,69.239,69.239
US,WGDPUS Index,2857.307,3207.041,3343.789,3634.038,4037.613,4338.979,4579.631,4855.215,5236.438,5641.58,5963.144,6158.129,6520.327,6858.559,7287.236,7639.749,8073.122,8577.554,9062.818,9631.174,10250.948,10581.93,10929.113,11456.442,12217.193,13039.199,13815.587,14474.227,14769.858,14478.065,15048.964,15599.728,16253.972,16843.191,17550.68,18206.021,18695.111,19477.337,20533.057,21380.976,21060.474,23315.081,23315.081
Uruguay,WGDPURUG Index,10.163,11.048,9.179,5.102,4.85,4.732,5.88,7.367,8.214,8.439,9.299,11.206,12.878,15.002,17.475,19.298,20.516,23.97,25.386,23.984,22.823,20.899,13.606,12.046,13.686,17.363,19.579,23.411,30.366,31.661,40.284,47.962,51.264,57.531,57.236,53.274,57.237,64.234,64.515,61.231,53.561,59.319,59.319
Upper middle income,WGDPUPMC Index,1658.117,1792.584,1711.731,1626.146,1674.642,1713.511,1734.387,1850.902,2052.565,2170.714,2573.841,2494.887,2601.335,2837.279,3144.387,3538.257,3850.175,4124.231,4064.946,3841.078,4246.882,4267.639,4297.954,4811.817,5767.481,6930.926,8234.043,10201.008,12443.466,11983.178,14604.337,17647.554,18914.789,20306.635,20939.604,19663.539,19549.825,21644.841,23304.502,23681.745,22851.375,27104.087,27104.087
Ukraine,WGDPUKRA Index,,,,,,,,64.088,74.704,82.709,81.394,77.351,73.946,65.608,52.543,48.215,44.558,50.15,41.883,31.581,32.375,39.31,43.956,52.01,67.22,89.239,111.885,148.734,188.111,121.553,141.21,169.333,182.592,190.499,133.503,91.031,93.356,112.091,130.891,153.883,156.618,200.086,200.086
United Kingdom,WGDPUK Index,564.948,540.766,515.049,489.618,461.487,489.285,601.453,745.163,910.123,926.885,1093.169,1142.797,1179.66,1061.389,1140.49,1346.184,1421.619,1561.807,1655.061,1689.29,1666.126,1648.658,1785.844,2056.612,2422.959,2544.805,2709.912,3092.821,2931.502,2417.638,2491.397,2666.403,2706.341,2786.315,3065.223,2934.858,2699.66,2683.399,2878.152,2857.058,2704.609,3131.378,3131.378
Uganda,WGDPUGAN Index,1.245,1.337,2.178,2.24,3.616,3.52,3.923,6.27,6.509,5.276,4.304,3.322,2.857,3.22,3.99,5.756,6.045,6.269,6.585,5.999,6.193,5.841,6.179,6.607,7.939,9.239,9.978,11.903,14.44,25.128,26.673,27.872,27.306,28.916,32.612,32.387,29.204,30.744,32.927,35.353,37.6,40.53,40.53
United Arab Emirates,WGDPUAE Index,43.599,49.333,46.623,42.803,41.808,40.604,33.944,36.385,36.276,41.465,50.701,51.552,54.239,55.625,59.305,65.744,73.571,78.839,75.674,84.445,104.337,103.312,109.816,124.346,147.824,180.617,222.117,257.916,315.475,253.547,289.787,350.666,384.61,400.219,414.105,370.275,369.255,390.517,427.049,417.99,349.473,415.022,415.022
Turkey,WGDPTURK Index,68.824,71.04,64.546,61.678,59.99,67.235,75.728,87.173,90.853,107.143,150.676,150.028,158.459,180.17,130.69,169.486,181.476,189.835,275.967,256.386,274.303,201.751,240.253,314.592,408.876,506.308,557.058,681.337,770.462,649.273,776.993,838.763,880.556,957.783,938.953,864.317,869.693,858.996,778.472,759.937,720.289,819.035,819.035
Tunisia,WGDPTUNI Index,8.744,8.429,8.133,8.35,8.255,8.41,9.018,9.696,10.096,10.102,12.291,13.075,15.497,14.609,15.632,18.031,19.587,20.746,21.803,22.944,21.473,22.066,23.142,27.453,31.183,32.273,34.377,38.914,44.861,43.455,46.206,48.123,47.311,48.684,50.271,45.78,44.361,42.164,42.686,41.906,42.538,46.687,46.687
Turkmenistan,WGDPTRKM Index,,,,,,,,2.336,3.01,3.008,3.188,3.208,3.201,3.179,2.561,2.482,2.379,2.45,2.606,2.451,2.905,3.535,4.462,5.978,6.838,8.104,10.277,12.664,19.272,20.214,22.583,29.233,35.164,39.198,43.524,35.8,36.169,37.926,40.765,45.231,45.231,45.231,45.231
Trinidad & Tobago,WGDPTRIN Index,6.236,6.992,8.14,7.764,7.757,7.376,4.794,4.798,4.497,4.323,5.068,5.308,5.44,4.669,4.947,5.329,5.76,5.738,6.044,6.809,8.154,8.825,9.008,11.305,13.28,15.982,18.369,21.642,27.872,19.172,22.158,25.433,27.122,28.557,29.489,26.852,23.496,23.798,24.322,23.85,21.059,24.46,24.46
Tonga,WGDPTONG Index,0.053,0.062,0.062,0.061,0.064,0.06,0.068,0.082,0.107,0.106,0.114,0.132,0.137,0.138,0.196,0.209,0.222,0.215,0.192,0.199,0.205,0.181,0.183,0.202,0.231,0.262,0.292,0.299,0.344,0.312,0.367,0.415,0.471,0.451,0.44,0.437,0.421,0.46,0.489,0.512,0.485,0.469,0.469
Togo,WGDPTOGO Index,1.136,0.962,0.822,0.766,0.718,0.762,1.061,1.249,1.379,1.353,1.628,1.602,1.693,1.233,0.983,1.309,1.465,1.499,1.587,1.577,1.492,1.482,1.707,2.116,2.26,2.281,2.352,2.663,3.324,3.379,3.429,3.872,3.873,4.322,4.575,4.181,6.032,6.395,7.112,7.22,7.575,8.413,8.413
Timor-Leste,WGDPTIMO Index,,,,,,,,,,,,,,,,,,,,,0.367,0.477,0.47,0.49,0.441,0.462,0.454,0.543,0.648,0.727,0.882,1.042,1.16,1.396,1.447,1.594,1.651,1.596,1.564,2.029,2.158,3.621,3.621
Thailand,WGDPTHAI Index,32.353,34.846,36.59,40.043,41.798,38.901,43.097,50.535,61.667,72.251,85.343,98.235,111.453,128.889,146.683,169.279,183.035,150.181,113.676,126.669,126.392,120.296,134.301,152.281,172.896,189.319,221.758,262.942,291.383,281.71,341.105,370.819,397.558,420.333,407.339,401.296,413.366,456.357,506.755,544.081,499.682,505.947,505.947
Tanzania,WGDPTANZ Index,,,,,,,,,5.1,4.42,4.259,4.957,4.601,4.258,4.511,5.255,6.496,7.684,12.27,12.711,13.376,13.582,14.142,15.224,16.676,18.399,18.65,21.844,27.962,29.082,32.014,34.657,39.651,45.681,49.965,47.379,49.774,53.321,57.004,61.137,62.41,67.841,67.841
Tajikistan,WGDPTAJI Index,,,,,,,,,,,2.632,1.352,2.157,1.644,1.519,1.231,1.044,0.922,1.32,1.087,0.861,1.081,1.221,1.555,2.076,2.312,2.83,3.72,5.161,4.979,5.642,6.523,7.633,8.448,9.113,8.271,6.992,7.536,7.765,8.301,8.134,8.746,8.746
Taiwan,WGDPTAIW Index,42.29,49.231,49.627,53.473,60.425,63.433,76.85,104.072,125.892,152.874,164.789,184.371,218.694,231.034,252.283,274.022,289.341,300.818,276.321,298.825,321.374,291.889,294.876,299.606,322.299,346.178,355.465,355.465,355.465,355.465,355.465,355.465,355.465,355.465,355.465,355.465,355.465,355.465,355.465,355.465,355.465,355.465,355.465
Syrian Arab Republic,WGDPSYRI Index,13.062,16.758,17.526,18.673,19.195,21.204,25.461,32.538,16.574,18.61,23.904,27.756,33.107,36.86,45.087,50.866,61.546,66.42,70.418,72.97,80.59,86.771,90.558,95.694,112.863,134.204,153.8,180.03,218.09,224.562,252.518,67.539,43.19,21.361,21.502,16.468,12.599,16.37,21.352,22.443,11.08,11.08,11.08
Switzerland,WGDPSWIT Index,122.661,112.339,115.14,114.731,109.547,111.074,159.224,199.404,215.722,208.281,265.764,268.902,279.921,272.238,301.375,352.836,340.104,294.788,303.459,297.874,279.216,286.583,309.301,362.075,403.913,418.285,441.635,490.741,567.268,554.213,598.851,715.888,686.42,706.235,726.538,694.118,687.895,695.201,725.569,721.369,739.914,800.64,800.64
Sweden,WGDPSWED Index,142.092,129.687,114.381,105.014,109.201,114.124,150.498,183.01,206.987,217.948,261.846,274.229,284.321,212.953,229.034,267.306,291.744,268.146,270.809,274.072,262.835,242.396,266.849,334.337,385.118,392.218,423.093,491.253,517.706,436.537,495.813,574.094,552.484,586.842,581.964,505.104,515.655,541.019,555.455,533.88,547.054,635.664,635.664
Swaziland,WGDPSWAZ Index,0.542,0.571,0.538,0.555,0.494,0.36,0.449,0.584,0.692,0.697,1.115,1.156,1.285,1.357,1.419,1.699,1.603,1.717,1.577,1.548,1.738,1.542,1.432,2.198,2.77,3.178,3.291,3.469,3.294,3.58,4.439,4.82,4.887,4.598,4.423,4.063,3.816,4.403,4.665,4.495,3.982,4.743,4.743
Sub-Saharan Africa Developing Only,WGDPSUSA Index,280.871,387.927,356.486,313.764,274.746,253.537,260.248,296.004,312.133,318.025,373.582,389.027,355.014,333.609,324.484,375.858,392.37,407.263,394.076,397.943,422.415,404.053,440.204,555.23,689.969,819.839,969.262,1123.103,1273.406,1224.883,1456.025,1643.076,1706.636,1813.541,1894.537,1688.645,1578.467,1711.174,1780.721,1801.677,1717.75,1927.599,1927.599
Suriname,WGDPSURI Index,0.795,0.889,0.915,0.884,0.864,0.873,0.891,0.98,1.161,0.543,0.388,0.448,0.405,0.429,0.605,0.692,0.861,0.926,1.111,0.886,0.948,0.834,1.094,1.274,1.484,1.793,2.626,2.937,3.533,3.875,4.368,4.422,4.98,5.146,5.241,5.126,3.317,3.592,3.996,4.016,2.912,2.985,2.985
Sudan,WGDPSUDA Index,8.952,10.017,8.316,8.23,10.448,8.089,10.092,12.093,14.373,21.408,33.641,43.891,7.034,8.882,12.794,13.83,9.018,11.681,11.25,10.682,12.257,15.716,18.137,21.356,26.645,35.182,45.265,59.44,64.832,58.316,74.151,78.403,63.195,66.027,76.818,84.985,102.944,129.718,32.334,32.338,27.035,34.326,34.326
St Vincent & the Grenadines,WGDPSTVI Index,0.082,0.102,0.114,0.122,0.135,0.146,0.161,0.176,0.201,0.215,0.24,0.255,0.278,0.286,0.289,0.316,0.331,0.348,0.374,0.391,0.428,0.462,0.488,0.509,0.55,0.58,0.644,0.714,0.733,0.714,0.72,0.714,0.73,0.765,0.771,0.787,0.814,0.848,0.884,0.91,0.872,0.904,0.904
St Lucia,WGDPSTLU Index,0.17,0.194,0.183,0.197,0.251,0.284,0.34,0.376,0.43,0.487,0.58,0.614,0.674,0.685,0.714,0.763,0.789,0.806,0.877,0.922,0.933,0.893,0.9,0.987,1.067,1.136,1.268,1.336,1.438,1.402,1.487,1.577,1.605,1.665,1.749,1.807,1.865,1.997,2.057,2.094,1.516,1.691,1.691
St Kitts & Nevis,WGDPSTKI Index,0.068,0.081,0.086,0.087,0.099,0.111,0.131,0.148,0.173,0.193,0.217,0.221,0.242,0.264,0.295,0.313,0.334,0.375,0.383,0.407,0.422,0.459,0.481,0.47,0.507,0.547,0.644,0.689,0.778,0.774,0.779,0.836,0.826,0.875,0.953,0.957,1.008,1.059,1.077,1.108,0.885,0.861,0.861
Sub Saharan Africa All Income Levels,WGDPSSAL Index,281.01,388.07,356.63,313.9,274.89,253.7,260.45,296.25,312.42,318.33,373.95,389.4,355.45,334.09,324.97,376.37,392.88,407.83,394.69,398.57,423.03,404.68,440.91,555.94,690.81,820.76,970.28,1124.14,1274.37,1225.73,1456.99,1644.14,1707.69,1814.87,1895.92,1690.06,1579.96,1712.75,1782.36,1803.36,1719.01,1929.05,1929.05
Sri Lanka,WGDPSRIL Index,4.025,4.416,4.769,5.168,6.043,5.978,6.405,6.682,6.978,6.987,8.033,9,9.703,10.339,11.718,13.03,13.898,15.092,15.795,15.656,16.331,15.75,16.537,18.882,20.663,24.406,28.28,32.35,40.714,42.066,58.636,67.753,70.447,77.001,82.529,85.141,88.012,94.376,94.494,89.015,85.349,88.927,88.927
Spain,WGDPSPAI Index,232.767,202.808,195.997,170.951,172.103,180.793,251.321,318.748,376.16,414.757,536.559,577.166,630.916,525.076,530.563,614.609,642.589,590.077,619.215,634.908,598.363,627.83,708.757,907.492,1069.056,1153.716,1260.399,1474.003,1631.863,1491.473,1422.108,1480.71,1324.751,1355.58,1371.821,1196.157,1233.555,1313.245,1421.703,1394.32,1276.963,1427.381,1427.381
South Africa,WGDPSOUT Index,89.412,93.141,85.904,96.204,84.87,64.459,73.355,96.536,103.977,108.056,126.048,135.204,146.957,147.197,153.513,171.735,163.237,168.977,152.983,151.517,151.753,135.43,129.088,197.02,255.807,288.868,303.861,333.075,316.132,329.753,417.365,458.202,434.401,400.886,381.199,346.71,323.586,381.449,404.16,388.532,337.62,419.015,419.015
Somalia,WGDPSOMA Index,0.604,0.699,0.774,0.734,0.788,0.876,0.93,1.01,1.038,1.092,0.917,0.917,0.917,0.917,0.917,0.917,0.917,0.917,0.917,0.917,0.917,0.917,0.917,0.917,0.917,0.917,0.917,0.917,0.917,0.917,0.917,0.917,0.917,4.577,5.025,5.335,5.534,5.609,5.856,6.485,6.883,7.628,7.628
Solomon Islands,WGDPSOLO Index,0.183,0.194,0.193,0.181,0.182,0.166,0.148,0.155,0.176,0.173,0.215,0.228,0.269,0.301,0.403,0.469,0.511,0.527,0.458,0.488,0.42,0.41,0.346,0.418,0.468,0.553,0.617,0.695,0.776,0.806,0.898,1.064,1.185,1.286,1.336,1.308,1.379,1.47,1.615,1.619,1.536,1.631,1.631
South Asia,WGDPSOAS Index,235.962,250.139,258.792,273.951,272.677,296.511,314.035,348.69,374.679,378.113,407.067,362.155,384.62,380.987,432.196,479.707,524.815,550.549,558.259,598.146,630.242,645.679,677.427,791.027,917.083,1050.602,1196.088,1504.161,1527.613,1683.173,2062.469,2277.344,2302.399,2362.71,2587.789,2704.836,3010.758,3433.882,3534.209,3653.951,3487.013,4088.771,4088.771
Slovenia,WGDPSLVE Index,,,,,,,,,,,18.198,13.264,13.101,13.259,15.05,21.352,21.507,20.763,22.146,22.711,20.29,20.876,23.49,29.635,34.415,36.206,39.481,48.067,55.779,50.568,48.208,51.584,46.578,48.416,49.997,43.108,44.767,48.589,54.178,54.332,53.707,61.749,61.749
Slovak Republic,WGDPSLOV Index,,,6.106,6.131,5.75,5.827,7.874,9.48,10.074,9.77,12.747,14.272,15.496,16.521,20.163,25.84,27.925,27.706,29.856,30.464,29.243,30.779,35.298,46.92,57.437,62.809,70.767,86.564,100.88,89.399,91.163,99.923,94.624,98.935,101.437,88.901,89.953,95.65,106.138,105.72,106.697,116.527,116.527
Singapore,WGDPSING Index,11.896,14.175,16.084,17.784,19.749,19.157,18.587,20.919,25.371,30.465,36.144,45.466,52.13,60.603,73.691,87.811,96.296,100.124,85.728,86.285,96.074,89.795,92.538,97.645,115.035,127.808,148.63,180.942,193.612,194.152,239.809,279.351,295.087,307.576,314.851,308.004,318.832,343.193,376.998,375.473,345.296,396.987,396.987
Sierra Leone,WGDPSIER Index,1.101,1.115,1.295,0.995,1.087,0.857,0.49,0.701,1.055,0.933,0.65,0.78,0.68,0.769,0.912,0.871,0.942,0.85,0.672,0.669,0.636,1.09,1.253,1.386,1.449,1.65,1.885,2.158,2.505,2.454,2.578,2.943,3.802,4.92,5.015,4.219,3.675,3.719,4.085,4.077,4.063,4.042,4.042
Seychelles,WGDPSEYC Index,0.147,0.155,0.148,0.147,0.151,0.169,0.208,0.249,0.284,0.305,0.369,0.374,0.434,0.474,0.486,0.508,0.503,0.563,0.608,0.623,0.615,0.622,0.698,0.706,0.839,0.919,1.016,1.034,0.967,0.847,0.97,1.066,1.059,1.328,1.388,1.416,1.49,1.573,1.636,1.684,1.261,1.454,1.454
Serbia,WGDPSERB Index,,,,,,,,,,,,,,,,16.833,21.818,25.676,19.458,19.389,6.876,12.961,17.121,22.482,26.142,27.683,32.482,43.171,52.194,45.163,41.819,49.258,43.309,48.394,47.062,39.656,40.693,44.179,50.641,51.514,53.356,63.082,63.082
Senegal,WGDPSENE Index,4.51,4.096,4.014,3.569,3.485,3.819,5.392,6.487,6.418,6.366,7.391,7.255,7.77,7.368,5.035,6.326,6.56,6.041,6.506,6.593,6.013,6.508,7.006,8.769,10.077,11.009,11.698,13.994,16.854,16.146,16.121,17.814,17.661,18.919,19.797,17.775,19.04,20.997,23.117,23.399,24.493,27.625,27.625
Saudi Arabia,WGDPSAUD Index,164.542,184.292,153.239,129.172,119.625,103.898,86.962,85.696,88.256,95.344,117.63,132.223,137.088,132.968,135.175,143.343,158.662,165.964,146.775,161.717,189.515,184.137,189.606,215.808,258.742,328.46,376.9,415.965,519.797,429.098,528.207,671.239,735.975,746.647,756.35,654.27,644.936,688.586,816.579,803.616,703.368,833.541,833.541
Sao Tome & Principe,WGDPSAOT Index,,,,,,,,,,,,,,,,,,,,,0.077,0.076,0.085,0.102,0.115,0.136,0.143,0.149,0.188,0.188,0.197,0.231,0.251,0.301,0.347,0.316,0.345,0.376,0.412,0.427,0.473,0.527,0.527
San Marino,WGDPSAN Index,,,,,,,,,,,,,,,,,,,,1.109,1.005,1.077,1.168,1.464,1.724,1.786,1.908,2.186,2.393,2.056,1.881,1.814,1.605,1.679,1.674,1.419,1.468,1.529,1.655,1.616,1.541,1.541,1.541
Samoa,WGDPSAMO Index,,,0.121,0.112,0.109,0.096,0.101,0.112,0.133,0.123,0.126,0.126,0.132,0.133,0.221,0.225,0.25,0.285,0.269,0.255,0.259,0.266,0.282,0.333,0.408,0.477,0.5,0.574,0.641,0.628,0.68,0.744,0.773,0.798,0.797,0.824,0.844,0.885,0.878,0.913,0.869,0.844,0.844
Rwanda,WGDPRWAN Index,1.255,1.407,1.407,1.48,1.587,1.716,1.945,2.157,2.395,2.405,2.55,1.912,2.029,1.972,0.754,1.294,1.382,1.852,1.989,2.156,2.068,1.966,1.965,2.137,2.375,2.932,3.318,4.068,5.177,5.672,6.122,6.881,7.651,7.816,8.235,8.539,8.691,9.253,9.642,10.356,10.184,11.07,11.07
Russian Federation,WGDPRUSS Index,,,,,,,,,554.713,506.5,516.814,517.963,460.291,435.084,395.077,395.537,391.725,404.929,270.955,195.907,259.71,306.602,345.47,430.348,591.017,764.017,989.931,1299.706,1660.846,1222.644,1524.917,2045.926,2208.296,2292.473,2059.242,1363.481,1276.787,1574.199,1657.33,1693.114,1489.362,1778.783,1778.783
Romania,WGDPROMA Index,,,,,,,,38.414,40.81,42.105,38.995,28.999,25.122,26.363,30.074,37.435,36.937,35.575,41.694,35.953,37.253,40.395,46.066,57.807,74.973,98.453,122.023,174.585,214.314,174.104,170.029,192.614,179.133,189.79,199.712,177.882,185.287,210.147,243.317,251.019,251.362,284.088,284.088
Qatar,WGDPQATA Index,7.829,8.661,7.597,6.468,6.704,6.153,5.053,5.446,6.038,6.488,7.36,6.884,7.646,7.157,7.374,8.138,9.059,11.298,10.255,12.393,17.76,17.538,19.364,23.534,31.734,44.53,60.882,79.712,115.27,97.798,125.122,167.775,186.834,198.728,206.225,161.74,151.732,161.099,183.335,175.838,144.411,179.677,179.677
Puerto Rico,WGDPPUER Index,14.436,15.956,16.764,17.277,19.163,20.289,22.009,24.026,26.386,28.161,30.604,32.287,34.63,36.922,39.691,42.647,45.341,48.187,54.086,57.841,61.702,69.208,71.624,74.827,80.322,83.915,87.276,89.524,93.639,96.386,98.381,100.352,101.565,102.45,102.446,103.376,104.337,103.446,100.958,105.126,103.02,106.526,106.526
Portugal,WGDPPORT Index,32.897,31.977,30.528,27.24,25.218,27.116,38.746,48.183,56.347,60.594,78.714,89.234,107.592,95.01,99.689,118.122,122.63,117.017,123.946,127.47,118.605,121.604,134.796,165.226,189.382,197.254,208.756,240.496,263.416,244.668,238.113,245.118,216.224,226.434,229.902,199.394,206.426,221.358,242.313,239.987,229.032,253.663,253.663
Poland,WGDPPOLA Index,,,,,,71.005,73.89,63.877,68.824,82.211,65.978,85.501,94.337,96.046,110.803,142.293,160.193,159.358,174.686,170.031,172.219,190.905,199.072,217.827,255.11,306.144,344.622,429.029,533.609,439.738,475.697,524.383,495.237,515.765,539.088,477.111,470.023,524.646,588.783,596.055,599.449,679.445,679.445
Philippines,WGDPPHIL Index,36.848,40.5,42.206,37.759,35.73,34.962,33.987,37.791,43.152,48.514,50.508,51.784,60.422,62.037,73.159,84.644,94.648,94.106,74.492,85.64,83.67,78.921,84.307,87.039,95.002,107.42,127.653,155.98,181.625,175.975,208.369,234.217,261.921,283.903,297.483,306.446,318.627,328.481,346.842,376.823,361.751,394.086,394.086
Peru,WGDPPERU Index,18.128,21.665,21.781,17.331,17.584,16.549,15.244,20.702,15.439,22.5,26.41,34.341,35.966,34.832,44.882,53.313,55.252,58.148,55.501,50.187,51.745,52.03,54.778,58.731,66.769,76.061,88.643,102.171,120.551,120.823,147.529,171.762,192.649,201.175,200.789,189.805,191.896,211.007,222.597,228.323,201.705,223.249,223.249
Paraguay,WGDPPARA Index,4.448,5.625,5.419,5.673,4.502,3.282,3.724,3.971,4.256,4.758,5.812,6.984,7.157,7.25,7.871,9.062,9.788,9.965,9.26,8.837,8.856,8.496,7.196,7.691,9.624,10.738,13.429,17.856,24.615,22.355,27.261,33.756,33.272,38.501,40.378,36.211,36.09,38.997,40.225,37.925,35.432,39.495,39.495
Papua New Guinea,WGDPPAPU Index,2.546,2.498,2.369,2.562,2.553,2.423,2.648,3.144,3.656,3.546,3.22,3.787,4.378,4.975,5.503,4.636,5.155,4.937,3.789,3.477,3.521,3.081,3,3.536,3.927,4.866,8.355,9.545,11.671,11.62,14.251,17.985,21.296,21.261,23.211,21.724,20.759,22.743,24.11,24.751,23.848,26.594,26.594
Panama,WGDPPANA Index,4.614,5.222,5.77,5.924,6.183,6.542,6.798,6.828,5.903,5.918,6.434,7.075,8.042,8.783,9.365,9.574,9.87,10.677,11.575,12.13,12.304,12.502,12.994,13.694,15.013,16.374,18.142,21.296,25.156,27.117,29.44,34.686,40.43,45.6,49.921,54.092,57.908,62.203,64.929,66.984,53.977,63.605,63.605
Palau,WGDPPALA Index,,,,,,,,,,,0.077,0.084,0.082,0.076,0.084,0.095,0.108,0.113,0.117,0.113,0.146,0.157,0.163,0.154,0.165,0.19,0.192,0.199,0.198,0.188,0.186,0.197,0.212,0.221,0.242,0.28,0.298,0.286,0.285,0.279,0.252,0.218,0.218
Pakistan,WGDPPAKI Index,23.654,28.101,30.726,28.692,31.152,31.145,31.899,33.352,38.473,40.171,40.01,45.625,48.885,51.81,52.293,60.636,63.32,62.433,62.192,62.974,82.018,79.484,79.905,91.761,107.76,120.055,137.264,152.386,170.078,168.153,177.166,213.587,224.384,231.219,244.361,270.556,313.63,339.206,356.128,320.909,300.426,348.263,348.263
Oman,WGDPOMAN Index,5.982,7.259,7.555,7.933,8.821,10.006,7.324,7.811,8.386,9.372,11.685,11.341,12.452,12.493,12.919,13.803,15.278,15.837,13.997,15.593,19.507,19.452,20.143,21.634,24.764,31.082,37.216,42.085,60.905,48.388,64.993,77.498,87.409,89.936,92.699,78.711,75.129,80.857,91.506,88.061,75.909,88.192,88.192
North America,WGDPNTHA Index,3131.774,3513.995,3658.081,3975.475,4393.971,4704.775,4958.242,5287.828,5745.207,6208.137,6558.666,6770.092,7114.395,7437.55,7867.242,8245.811,8704.364,9235.475,9699.949,10312.911,10999.202,11324.592,11693.7,12356.169,13248.368,14217.176,15140.996,15949.814,16329.828,15859.346,16672.942,17399.367,18088.717,18696.254,19362.844,19769.184,20230.005,21133.745,22265.612,23130.415,22712.784,25310.703,25310.703
Norway,WGDPNORW Index,64.439,63.597,62.647,61.627,62.058,65.417,78.693,94.23,101.9,102.634,119.792,121.872,130.838,120.579,127.131,152.03,163.52,161.357,154.163,162.284,171.247,173.972,195.524,228.859,264.512,308.884,345.581,400.937,462.25,386.19,428.757,498.283,509.506,522.762,498.41,385.802,368.827,398.394,437,404.941,362.198,482.175,482.175
Niger,WGDPNIGE Index,2.509,2.171,2.018,1.803,1.461,1.441,1.904,2.233,2.28,2.18,3.512,3.286,3.386,3.053,1.938,2.303,2.406,2.29,2.643,2.538,2.242,2.449,2.782,3.394,3.76,4.383,4.756,5.731,7.298,7.352,7.851,8.773,9.427,10.225,10.863,9.684,10.399,11.185,12.809,12.916,13.744,14.915,14.915
Nicaragua,WGDPNICA Index,2.189,2.448,2.465,2.743,3.106,2.684,2.886,3.851,2.631,1.013,1.009,1.489,1.793,1.756,3.863,4.14,4.308,4.39,4.635,4.856,5.107,5.323,5.224,5.322,5.796,6.321,6.763,7.423,8.497,8.299,8.759,9.774,10.532,10.983,11.88,12.757,13.286,13.786,13.025,12.597,12.587,14.013,14.013
Nigeria YoY,WGDPNGIY Index,35.85,156.18,-13.2,-31.99,-24.32,0.36,-25.68,-3.89,-5.75,-11.37,22.8,-9.1,-2.69,-41.93,21.91,30.24,15.92,6.62,0.27,8.73,16.97,4.82,30.57,10.19,29.62,29.39,35.74,16.69,22,-13.1,24.4,12.94,11.94,12.1,10.4,-14.13,-17.93,-7.14,12.24,6.26,-3.55,2,2
Nigeria,WGDPNGIA Index,64.202,164.475,142.769,97.095,73.484,73.746,54.806,52.676,49.648,44.003,54.036,49.118,47.795,27.752,33.833,44.062,51.076,54.458,54.604,59.373,69.449,72.797,95.054,104.739,135.765,175.671,238.455,278.261,339.476,295.009,366.991,414.467,463.971,520.117,574.184,493.027,404.649,375.746,421.739,448.12,432.199,440.834,440.834
New Zealand,WGDPNEWZ Index,23.245,24.418,24.165,24.309,21.666,24.68,30.605,40.376,45.177,43.92,45.495,42.745,41.65,46.776,55.315,63.919,70.141,66.075,56.227,58.762,52.623,53.872,66.628,88.251,103.905,114.72,111.539,137.189,133.131,121.374,146.518,168.291,176.207,190.907,201.313,178.064,188.838,206.624,211.953,213.435,211.735,249.886,249.886
Netherlands,WGDPNETH Index,195.152,164.134,158.48,153.445,143.913,143.846,200.862,245.046,261.911,258.337,318.331,327.5,362.963,353.55,379.13,452.302,450.49,416.813,438.008,447.05,417.479,431.587,473.862,580.07,658.38,685.348,733.955,848.559,951.87,871.519,847.381,905.271,838.923,877.173,892.168,765.573,784.06,833.87,914.043,910.194,909.793,1012.847,1012.847
Nepal,WGDPNEPA Index,1.946,2.276,2.395,2.447,2.581,2.62,2.851,2.957,3.487,3.525,3.628,3.921,3.401,3.66,4.067,4.401,4.522,4.919,4.856,5.034,5.494,6.007,6.051,6.33,7.274,8.13,9.044,10.326,12.545,12.855,16.003,21.574,21.703,22.162,22.732,24.361,24.524,28.972,33.112,34.186,33.434,36.289,36.289
New Caledonia,WGDPNECA Index,1.182,0.973,0.905,0.824,0.796,0.855,1.201,1.488,2.073,2.185,2.529,2.654,2.924,2.822,3.039,3.628,3.607,3.291,3.556,3.648,3.42,3.298,3.74,4.915,5.895,6.239,6.979,8.82,9.068,8.704,9.364,10.351,9.659,10.151,10.635,8.738,8.725,9.174,9.847,9.438,9.436,10.071,10.071
Netherlands Antilles,WGDPNANT Index,0.986,1.124,1.175,1.199,1.182,1.172,1.172,1.172,1.172,1.172,1.172,1.172,1.172,1.172,1.172,1.172,1.172,1.172,1.172,1.172,1.172,1.172,1.172,1.172,1.172,1.172,1.172,1.172,1.172,1.172,1.172,1.172,1.172,1.172,1.172,1.172,1.172,1.172,1.172,1.172,1.172,1.172,1.172
Namibia,WGDPNAMI Index,2.422,2.25,2.119,2.297,1.951,1.608,1.809,2.3,2.495,2.535,2.79,2.997,3.43,3.251,3.667,3.978,3.989,4.155,3.873,3.869,3.922,3.557,3.349,4.926,6.609,7.248,8.002,8.84,8.607,8.939,11.431,12.523,13.042,12.043,12.435,11.335,10.722,12.895,13.682,12.542,10.582,12.311,12.311
Mauritius,WGDPMRTS Index,1.132,1.142,1.078,1.09,1.041,1.076,1.463,1.881,2.135,2.182,2.653,2.857,3.224,3.263,3.558,4.04,4.422,4.187,4.17,4.344,4.663,4.614,4.841,5.817,6.579,6.489,7.029,8.15,9.99,9.129,10.004,11.518,11.669,12.293,13.074,12.007,12.594,13.714,14.736,14.436,11.401,11.529,11.529
Mozambique,WGDPMOZA Index,3.526,3.537,3.612,3.236,3.376,4.456,5.247,2.354,2.094,2.314,2.512,3.633,2.64,2.73,2.797,2.9,3.857,4.649,5.264,5.976,5.656,5.399,5.677,6.303,7.631,8.542,9.177,10.451,12.556,11.914,11.105,14.382,16.351,16.974,17.716,15.951,11.937,13.219,14.845,15.39,14.029,15.777,15.777
Morocco,WGDPMORO Index,21.729,17.788,17.692,16.251,14.825,14.991,19.462,21.765,25.705,26.314,30.18,32.285,33.711,31.655,35.604,39.03,43.161,39.148,41.806,41.632,38.857,39.46,42.237,52.064,59.626,62.343,68.641,79.041,92.507,92.897,93.217,101.37,98.266,106.826,119.131,110.414,111.573,118.541,127.341,128.92,121.348,142.866,142.866
Mongolia,WGDPMONG Index,,2.31,2.552,2.726,2.099,2.187,2.896,3.021,3.204,3.577,2.561,2.379,1.318,0.768,0.926,1.452,1.346,1.181,1.124,1.057,1.137,1.268,1.397,1.595,1.992,2.523,3.414,4.235,5.623,4.584,7.189,10.41,12.293,12.582,12.227,11.62,11.181,11.481,13.178,14.206,13.313,15.286,15.286
Moldova,WGDPMOLD Index,,,,,,,,,,,3.593,3.083,2.32,2.372,1.702,1.753,1.695,1.93,1.699,1.171,1.288,1.481,1.662,1.981,2.598,2.988,3.408,4.401,6.055,5.439,6.975,8.414,8.709,9.497,9.51,7.745,8.071,9.67,11.457,11.971,11.86,13.679,13.679
Montenegro,WGDPMNE Index,,,,,,,,,,,,,,,,,,,,,0.984,1.16,1.285,1.708,2.073,2.257,2.722,3.681,4.546,4.159,4.143,4.545,4.088,4.466,4.594,4.055,4.377,4.857,5.507,5.542,4.77,5.861,5.861
Middle income,WGDPMIIC Index,2359.821,2658.38,2617.466,2529.134,2559.428,2663.885,2755.636,2833.271,3029.629,3144.26,3617.384,3481.13,3636.89,3884.185,4272.388,4819.065,5282.574,5589.652,5403.542,5286.624,5767.244,5820.256,5959.303,6719.127,7976.988,9495.021,11271.584,13930.02,16663.357,16279.173,19858.752,23690.516,25254.428,26753.522,27662.207,26209.561,26449.059,29057.052,30904.258,31590.338,30468.598,35845.142,35845.142
Micronesia in Current USD,WGDPMICR Index,,,,0.107,0.107,0.107,0.112,0.117,0.125,0.135,0.147,0.166,0.178,0.198,0.203,0.222,0.219,0.207,0.219,0.22,0.233,0.241,0.243,0.245,0.24,0.25,0.254,0.257,0.263,0.28,0.297,0.311,0.327,0.317,0.319,0.316,0.332,0.367,0.402,0.412,0.408,0.404,0.404
Mexico,WGDPMEXI Index,205.139,263.959,184.609,156.159,184.261,195.22,134.55,147.541,181.612,221.401,261.254,313.143,363.158,500.736,527.813,360.074,410.976,500.413,526.502,600.233,707.907,756.706,772.106,729.336,782.241,877.476,975.387,1052.696,1109.989,900.045,1057.801,1180.49,1201.09,1274.443,1315.351,1171.868,1078.491,1158.913,1222.408,1269.012,1090.515,1272.839,1272.839
Middle East & North Africa Developing Only,WGDPMENA Index,273.629,267.035,306.279,344.206,364.417,397.322,446.509,390.483,358.478,360.488,507.14,262.771,289.371,297.115,318.543,371.194,427.896,452.41,461.255,501.594,532.014,537.955,523.457,571.742,679.295,802.027,935.062,1140.407,1406.933,1370.339,1580.131,1627.688,1756.134,1615.132,1600.857,1439.071,1475.844,1464.28,1390.805,1393.572,1274.09,1493.752,1493.752
Mid East & North Africa All Income Levels,WGDPMEAL Index,597.9,619.07,618.15,625.71,638.06,654.7,672.46,619.19,586.91,609.48,805.6,563.85,616.12,625.48,659.8,743.62,840.15,883.63,864.1,937.57,1050.27,1045.25,1039.87,1152.8,1361.04,1636.98,1917.68,2264.43,2821.11,2548.74,2976.77,3354.14,3627.53,3565.65,3592.21,3164.19,3192.32,3313.25,3477.25,3472.05,3115.7,3679.84,3679.84
Mauritania,WGDPMAUR Index,1.048,1.105,1.109,1.165,1.074,1.01,1.187,1.345,1.415,1.451,1.507,2.134,2.164,1.847,1.945,2.092,2.132,2.072,2.032,1.986,1.78,1.746,1.777,2.051,2.363,2.936,3.92,4.346,5.206,4.715,5.629,6.765,6.728,7.223,6.593,6.167,6.399,6.8,7.474,8.066,8.405,9.996,9.996
Marshall Islands,WGDPMARS Index,,0.031,0.035,0.042,0.045,0.044,0.056,0.063,0.071,0.073,0.078,0.083,0.091,0.099,0.108,0.12,0.111,0.111,0.112,0.114,0.115,0.123,0.132,0.131,0.133,0.138,0.143,0.15,0.146,0.151,0.16,0.172,0.18,0.185,0.185,0.183,0.201,0.213,0.219,0.232,0.242,0.26,0.26
Malaysia,WGDPMALY Index,24.488,25.005,26.804,30.347,33.944,31.2,27.735,32.182,35.272,38.849,44.024,49.143,59.168,66.895,74.478,88.705,100.855,100.005,72.167,79.148,93.79,92.784,100.846,110.202,124.749,143.534,162.691,193.548,230.814,202.258,255.017,297.952,314.443,323.277,338.062,301.355,301.255,319.112,358.792,365.175,337.338,372.981,372.981
Malta,WGDPMALT Index,1.25,1.243,1.235,1.166,1.102,1.118,1.435,1.751,2.019,2.119,2.547,2.75,3.022,2.709,2.999,3.461,3.586,3.722,3.958,4.155,4.323,4.355,4.693,5.489,6.117,6.407,6.778,7.925,9.09,8.696,9.036,9.639,9.462,10.552,11.626,11.091,11.668,13.489,15.299,15.726,14.933,17.364,17.364
Mali,WGDPMALI Index,1.76,1.539,1.334,1.298,1.233,1.392,1.852,2.091,2.169,2.182,2.682,2.724,2.831,2.818,2.082,2.706,2.78,2.697,2.92,3.441,2.961,3.468,3.908,4.714,5.454,6.248,6.906,8.156,9.838,10.232,10.689,12.995,12.442,13.243,14.365,13.105,14.026,15.366,17.071,17.28,17.465,19.14,19.14
Maldives,WGDPMALD Index,0.042,0.045,0.048,0.058,0.11,0.127,0.142,0.141,0.169,0.19,0.215,0.244,0.285,0.322,0.356,0.399,0.45,0.508,0.54,0.589,0.624,0.87,0.897,1.052,1.227,1.163,1.575,1.868,2.272,2.345,2.588,2.774,2.886,3.295,3.697,4.109,4.379,4.754,5.301,5.609,3.746,5.406,5.406
Malawi,WGDPMALA Index,1.238,1.238,1.18,1.223,1.208,1.131,1.184,1.183,1.38,1.59,1.881,2.204,1.8,2.071,1.182,1.397,2.281,2.663,1.751,1.776,1.744,1.717,3.496,3.209,3.476,3.656,3.998,4.433,5.321,6.191,6.96,8.004,6.028,5.519,6.048,6.373,5.433,8.944,9.881,11.025,12.182,12.627,12.627
Madagascar,WGDPMADA Index,5.202,4.759,4.785,4.686,3.906,3.803,4.348,3.213,3.189,3.176,3.931,3.255,3.715,4.063,3.522,3.838,4.932,4.263,4.402,4.278,4.629,5.438,5.352,6.372,5.065,5.859,6.396,8.525,10.725,9.617,9.983,11.552,11.579,12.424,12.523,11.323,11.849,13.176,13.76,14.105,13.051,14.473,14.473
Macedonia,WGDPMACE Index,,,,,,,,,,,4.7,4.939,2.437,2.682,3.56,4.707,4.642,3.913,3.766,3.864,3.773,3.71,4.018,4.946,5.683,6.259,6.861,8.336,9.91,9.402,9.407,10.495,9.745,10.818,11.362,10.065,10.672,11.307,12.683,12.606,12.364,13.825,13.825
Macao,WGDPMACA Index,,,1.143,1.133,1.304,1.362,1.532,1.958,2.289,2.706,3.246,3.765,4.914,5.666,6.311,7.046,7.177,7.268,6.798,6.548,6.774,6.86,7.372,8.247,10.643,12.16,14.874,18.44,21.027,21.588,28.242,36.846,43.19,51.536,54.903,45.048,45.071,50.441,55.284,55.205,25.46,30.124,30.124
Luxembourg,WGDPLUXE Index,6.02,5.054,4.602,4.524,4.438,4.577,6.686,8.321,9.418,10.038,12.779,13.834,15.519,15.926,17.702,20.853,20.895,19.564,20.15,21.899,21.23,21.388,23.65,29.667,35.065,37.672,42.91,51.587,58.844,54.467,56.214,61.696,59.776,65.203,68.805,60.072,62.217,65.712,71,69.826,73.993,85.506,85.506
Low & middle income,WGDPLOMY Index,2442.523,2742.897,2703.789,2612.767,2641.393,2746.155,2850.406,2944.562,3129.896,3254.191,3750.91,3629.52,3748.477,4001.227,4389.187,4950.534,5427.591,5745.72,5561.949,5447.028,5953.473,6006.919,6158.591,6937.796,8234.094,9802.488,11631.555,14362.828,17182.978,16807.898,20457.042,24141.828,25689.243,27200.541,28139.725,26680.396,26925.491,29590.947,31369.907,32079.766,30948.394,36370.595,36370.595
Lower middle income,WGDPLOMC Index,710.911,855.544,880.945,871.357,860.785,917.245,975.995,955.33,972.635,972.114,1047.873,989.26,1039.038,1046.852,1128.028,1280.79,1432.365,1465.41,1338.626,1445.505,1520.347,1552.592,1661.285,1907.224,2209.428,2564.029,3037.465,3728.928,4219.89,4295.996,5254.415,6042.962,6339.639,6446.887,6722.603,6546.022,6899.234,7412.21,7599.756,7908.593,7617.243,8742.535,8742.535
Low income,WGDPLOIC Index,83.84,82.447,83.613,78.161,74.443,72.331,82.244,90.901,101.754,110.577,131.588,144.557,92.686,94.146,82.613,93.82,96.099,100.978,98.684,97.973,117.451,110.639,119.228,132.424,154.259,182.611,213.985,262.44,308.85,319.704,357.153,397.459,405.292,439.35,469.063,467.057,489.979,549.268,495.876,504.13,508.74,562.978,562.978
Lithuania,WGDPLITH Index,,,,,,,,,,,10.507,10.287,8.562,7.425,6.959,7.867,8.383,10.119,11.24,10.972,11.525,12.237,14.26,18.782,22.628,26.098,30.184,39.698,47.798,37.388,37.129,43.535,42.927,46.523,48.534,41.436,43.047,47.759,53.751,54.752,56.847,66.445,66.445
Liechtenstein,WGDPLIEC Index,0.53,0.51,0.52,0.52,0.5,0.53,0.78,1.05,1.16,1.12,1.42,1.48,1.63,1.67,1.95,2.43,2.5,2.3,2.48,2.66,2.48,2.49,2.69,3.07,3.45,3.66,4,4.6,5.08,4.5,5.08,5.74,5.46,6.39,6.66,6.27,6.24,6.47,6.69,6.43,6.11,6.11,6.11
Libya,WGDPLIBY Index,,,,,,,,,,,28.902,31.995,33.881,30.657,28.608,25.544,27.885,30.699,27.25,35.977,38.27,34.11,20.482,26.266,33.122,47.334,60.093,68.035,86.708,60.81,75.38,48.167,92.538,75.351,57.372,48.718,49.911,67.158,76.684,69.252,50.357,42.817,42.817
Liberia,WGDPLIBE Index,0.855,0.847,0.864,0.823,0.848,0.851,0.841,0.973,1.038,0.786,0.384,0.348,0.224,0.16,0.132,0.135,0.159,0.296,0.36,0.442,0.874,0.906,0.927,0.748,0.897,0.949,1.119,1.373,1.726,1.768,1.998,2.398,2.792,3.177,3.226,3.227,3.398,3.391,3.423,3.32,3.04,3.509,3.509
Lesotho,WGDPLESO Index,0.432,0.434,0.349,0.387,0.333,0.269,0.319,0.403,0.47,0.495,0.596,0.704,0.831,0.836,0.878,1.002,0.946,0.998,0.928,0.913,0.887,0.826,0.776,1.158,1.511,1.682,1.8,1.682,1.767,1.741,2.235,2.579,2.478,2.367,2.441,2.36,2.114,2.307,2.553,2.454,2.231,2.496,2.496
Least developed countries: UN classification,WGDPLEDC Index,113.437,113.023,111.732,106.477,106.366,111.45,119.887,131.848,145.171,156.827,181.987,195.173,147.182,147.456,136.424,156.247,172.274,181.206,184.338,189.241,217.125,212.161,230.153,258.272,298.623,353.061,409.415,491.426,599.707,603.545,685.626,796.496,836.833,912.226,980.97,949.198,996.515,1114.13,1098.537,1153.041,1176.577,1280.908,1280.908
Lebanon,WGDPLEBA Index,,,,,,,,,3.314,2.718,2.838,4.69,5.844,7.942,9.599,11.719,13.69,15.752,17.247,17.391,17.26,17.65,19.152,20.083,21.16,21.497,22.023,24.827,29.119,35.4,38.444,39.927,44.017,46.88,48.095,49.929,51.147,53.028,54.902,51.954,31.712,23.132,23.132
Latvia,WGDPLATV Index,,,,,,,,5.716,6.827,7.69,7.447,6.756,4.848,4.468,5.061,5.789,5.975,6.528,7.166,7.534,7.959,8.362,9.557,11.772,14.436,17.003,21.57,31.054,35.854,26.411,23.956,27.474,28.17,30.205,31.387,27.263,28.084,30.484,34.429,34.344,34.602,39.854,39.854
Lao PDR,WGDPLAO Index,,,,,1.757,2.367,1.777,1.087,0.599,0.714,0.866,1.028,1.128,1.328,1.544,1.764,1.874,1.747,1.28,1.454,1.731,1.769,1.758,2.023,2.366,2.736,3.455,4.223,5.446,5.836,7.132,8.75,10.193,11.983,13.279,14.426,15.912,17.071,18.142,18.741,18.982,18.827,18.827
Latin America & Caribbean Developing Only,WGDPLACA Index,653.102,747.512,689.458,595.81,601.909,596.747,596.406,640.031,710.58,798.246,963.658,1030.803,1119.422,1319.249,1567.648,1678.399,1832.597,1999.607,2008.546,1779.891,1968.833,1914.116,1720.599,1759.684,2008.591,2432.622,2839.422,3356.041,3883.194,3605.394,4513.754,5275.94,5248.29,5386.387,5411.098,4599.491,4470.023,4985.625,4841.46,4773.98,3997.651,4585.104,4585.104
Latin America & Caribbean All Income Levels,WGDPLAAL Index,782.82,894.41,829.14,726.33,726.5,722.73,722.9,761.77,851.04,928.6,1107.82,1189.45,1298.73,1507.04,1769.16,1921.63,2079.83,2280.28,2300.58,2076.05,2292.62,2243.46,2014.36,2055.54,2368.13,2863.01,3351.39,3948.63,4590.25,4313.27,5347.63,6086.41,6152.23,6303.81,6428.18,5372.09,5249.6,5831.86,5702.98,5618.71,4742.37,5454.43,5454.43
Kyrgyz Republic,WGDPKYRG Index,,,,,,,,,,,2.675,2.569,2.317,2.028,1.681,1.661,1.828,1.768,1.646,1.249,1.37,1.525,1.606,1.919,2.212,2.46,2.834,3.803,5.14,4.69,4.794,6.198,6.605,7.335,7.468,6.678,6.813,7.703,8.271,8.871,7.781,8.543,8.543
Kuwait,WGDPKUWA Index,28.639,25.057,21.578,20.869,21.697,21.443,17.904,22.366,20.692,24.312,18.428,11.009,19.859,23.941,24.848,27.191,31.493,30.355,25.94,30.124,37.713,34.888,38.138,47.877,59.439,80.799,101.549,114.64,147.395,105.963,115.419,154.068,174.07,174.161,162.631,114.567,109.42,120.707,138.182,136.197,105.96,105.96,105.96
Kosovo,WGDPKOSO Index,,,,,,,,,,,,,,,,,,,,,1.85,2.54,2.41,2.79,3.56,3.66,3.85,4.66,5.18,5.02,5.34,6.34,6.16,6.74,7.07,6.3,6.68,7.18,7.88,7.9,7.72,9.41,9.41
Korea,WGDPKORE Index,65.399,72.933,78.359,87.76,97.51,101.296,116.837,147.948,199.591,246.927,283.368,330.649,355.525,392.666,463.617,566.583,610.17,569.755,383.331,497.513,576.178,547.658,627.246,702.717,793.175,934.901,1053.217,1172.614,1047.339,943.942,1144.067,1253.223,1278.428,1370.795,1484.318,1465.773,1500.112,1623.901,1724.846,1651.423,1644.313,1810.956,1810.956
Kiribati,WGDPKIRI Index,0.042,0.044,0.041,0.038,0.042,0.032,0.031,0.036,0.045,0.044,0.043,0.048,0.048,0.047,0.055,0.056,0.067,0.068,0.065,0.069,0.067,0.063,0.072,0.09,0.102,0.112,0.11,0.133,0.141,0.132,0.155,0.181,0.19,0.185,0.178,0.17,0.179,0.188,0.196,0.178,0.181,0.207,0.207
Kenya,WGDPKENY Index,7.265,6.854,6.432,5.979,6.191,6.135,7.239,7.971,8.355,8.283,8.572,8.151,8.209,5.752,7.148,9.046,12.046,13.116,14.094,12.896,12.705,12.986,13.148,14.905,16.095,18.738,25.826,31.958,35.895,42.347,45.406,46.869,56.397,61.671,68.286,70.12,74.815,82.036,92.203,100.38,100.667,110.347,110.347
Kazakhstan,WGDPKAZA Index,,,,,,,,,,,26.933,24.923,24.917,23.409,21.251,20.374,21.035,22.166,22.135,16.871,18.292,22.153,24.637,30.834,43.152,57.124,81.004,104.85,133.442,115.309,148.047,192.627,207.999,236.635,221.416,184.388,137.278,166.806,179.34,181.667,171.082,197.112,197.112
Jordan,WGDPJORD Index,3.91,4.384,4.681,4.92,4.967,4.994,6.401,6.755,6.277,4.221,4.16,4.344,5.311,5.606,6.236,6.728,6.928,7.246,7.912,8.15,8.461,8.976,9.583,10.196,11.412,12.589,15.057,17.11,22.658,24.538,27.134,29.524,31.635,34.454,36.848,38.587,39.893,41.608,43.371,44.994,44.182,45.744,45.744
Japan,WGDPJAPA Index,1105.386,1218.989,1134.518,1243.324,1318.382,1398.893,2078.953,2532.809,3071.683,3054.914,3132.818,3584.42,3908.809,4454.144,4998.798,5545.564,4923.392,4492.449,4098.363,4635.982,4968.359,4374.712,4182.846,4519.562,4893.116,4831.467,4601.663,4579.751,5106.679,5289.493,5759.072,6233.147,6272.363,5212.328,4896.994,4444.931,5003.678,4930.837,5037.835,5123.318,5040.108,4940.878,4940.878
Jamaica,WGDPJAMA Index,2.679,2.979,3.294,3.619,2.374,2.1,2.755,3.287,3.828,4.405,4.592,4.106,3.535,5.44,5.453,6.578,7.394,8.4,8.787,8.887,9.005,9.195,9.719,9.43,10.175,11.244,11.93,12.8,13.709,12.12,13.221,14.445,14.807,14.264,13.899,14.189,14.077,14.809,15.731,15.831,13.812,14.658,14.658
Italy,WGDPITAL Index,477.257,430.703,427.273,443.042,437.888,452.217,640.386,805.713,891.609,928.661,1181.223,1246.22,1320.162,1064.958,1099.217,1174.662,1312.427,1241.88,1270.053,1252.447,1146.677,1168.023,1276.769,1577.622,1806.543,1858.217,1949.552,2213.102,2408.655,2199.929,2136.1,2294.994,2086.958,2141.924,2162.01,1836.638,1877.072,1961.796,2091.932,2011.302,1896.755,2107.703,2107.703
Israel,WGDPISRA Index,24.249,25.668,27.935,31.201,29.262,27.601,34.217,41.106,50.274,50.076,59.217,67.794,75.871,76.251,86.644,104.893,114.506,118.859,120.057,120.923,136.036,134.636,125.061,131.3,139.973,147.084,158.67,184.052,220.531,211.97,238.364,266.792,262.282,297.733,314.33,303.414,322.103,358.245,376.692,402.471,413.268,488.527,488.527
Isle of Man,WGDPISLE Index,,,,,,,,,,,,,,,,0.915,1.023,1.181,1.383,1.567,1.564,1.659,1.947,2.329,2.822,3.032,3.423,4.466,5.928,5.487,5.92,6.566,6.691,7.001,7.709,7.085,6.847,6.98,7.492,7.315,7.315,7.315,7.315
Ireland,WGDPIREL Index,21.748,20.67,21.475,20.766,20.107,21.27,28.715,33.921,37.773,39.238,49.306,49.788,55.919,52.417,57.098,69.14,75.791,82.857,90.199,98.894,100.208,109.347,128.596,164.671,194.372,211.877,232.181,270.079,275.447,236.443,221.914,239.003,225.629,238.341,259.171,291.775,299.091,336.378,385.737,399.322,425.852,504.183,504.183
Iraq,WGDPIRAQ Index,52.569,37.823,42.382,40.713,46.938,48.425,47.265,56.774,62.685,65.832,180.408,0.408,0.554,1.032,3.991,12.894,10.434,20.765,20.617,36.882,48.364,36.176,32.928,21.922,36.628,49.955,65.14,88.837,131.614,111.658,138.517,185.75,218.002,234.638,228.416,166.774,166.602,187.218,227.367,233.636,184.37,207.889,207.889
Iran,WGDPIRAN Index,94.362,100.499,125.949,156.365,162.277,180.184,209.095,134.01,123.058,120.496,124.813,124.813,124.813,63.744,71.841,96.419,120.404,113.919,110.277,113.848,109.592,126.879,128.627,153.545,190.043,226.452,266.299,349.882,412.336,416.397,486.808,626.133,644.036,492.776,460.383,408.213,457.955,486.63,331.682,283.747,239.736,359.713,359.713
Indonesia,WGDPINDO Index,72.482,85.518,90.158,81.052,84.854,85.289,79.954,75.93,84.3,94.451,106.141,116.622,128.027,158.007,176.892,202.132,227.37,215.749,95.446,140.001,165.021,160.447,195.661,234.772,256.837,285.869,364.571,432.217,510.229,539.58,755.094,892.969,917.87,912.524,890.815,860.854,931.877,1015.619,1042.272,1119.1,1058.689,1186.093,1186.093
India,WGDPINDI Index,186.325,193.491,200.715,218.262,212.158,232.512,248.986,279.034,296.589,296.042,320.979,270.105,288.208,279.296,327.276,360.282,392.897,415.868,421.351,458.82,468.395,485.441,514.938,607.699,709.149,820.382,940.26,1216.735,1198.896,1341.887,1675.615,1823.05,1827.638,1856.722,2039.127,2103.588,2294.798,2651.473,2702.93,2831.552,2667.688,3176.295,3176.295
Iceland,WGDPICEL Index,3.381,3.493,3.207,2.766,2.864,2.984,3.99,5.52,6.107,5.673,6.469,6.91,7.081,6.219,6.389,7.124,7.426,7.57,8.504,8.982,9.026,8.235,9.318,11.429,13.825,16.853,17.465,21.653,18.075,13.154,13.751,15.222,14.752,16.125,17.868,17.517,20.793,24.728,26.264,24.826,21.695,25.602,25.602
Hungary,WGDPHUNG Index,22.163,22.728,23.146,21.007,20.366,20.623,23.756,26.109,28.571,29.168,33.056,34.754,38.731,40.125,43.167,46.426,46.659,47.297,48.707,49.073,47.218,53.75,67.609,85.285,104.121,113.211,115.716,140.187,158.326,131.069,132.175,141.942,128.814,135.684,141.034,125.174,128.61,143.112,160.565,163.989,157.182,181.848,181.848
Hong Kong,WGDPHONG Index,28.862,31.055,32.291,29.907,33.511,35.7,41.076,50.623,59.707,68.79,76.928,88.96,104.272,120.354,135.812,144.653,159.717,177.353,168.886,165.768,171.668,169.403,166.349,161.385,169.1,181.57,193.536,211.597,219.28,214.046,228.638,248.514,262.629,275.697,291.459,309.384,320.858,341.273,361.731,363.052,344.932,369.176,369.176
Honduras,WGDPHOND Index,3.968,4.044,4.267,4.477,4.915,5.278,5.678,6.191,5.903,5.432,4.923,4.649,4.944,4.927,4.642,5.347,5.215,5.737,6.366,6.415,7.187,7.651,7.858,8.23,8.869,9.757,10.917,12.361,13.882,14.587,15.839,17.71,18.529,18.5,19.756,20.98,21.718,23.136,24.068,25.09,23.828,28.489,28.489
Heavily indebted poor countries (HIPC),WGDPHIPC Index,110.362,107.393,106.694,102.234,102.936,102.388,117.634,129.471,136.483,139.332,161.043,174.633,131.554,136.51,115.91,135.299,146.668,152.734,161.61,162.376,176.154,171.246,184.348,208.943,240.815,276.75,326.308,391.217,465.48,470.318,519.695,583.082,604.271,672.639,714.858,693.083,728.313,808.419,770.673,797.572,803.236,891.901,891.901
High income: OECD,WGDPHIOE Index,8843.232,9002.275,8867.59,9157.658,9577.29,10087.065,12217.529,14149.09,15948.305,16689.745,18801.048,19899.121,21402.06,21694.098,23277.949,25661.383,25878.098,25485.505,25745.246,27041.116,27635.45,27374.243,28562.712,31950.565,35571.974,37608.265,39672.834,43434.191,46119.51,43143.05,45253.476,48671.49,48619.314,49267.243,50275.464,47408.828,48325.358,50443.933,53365.828,53878.591,52517.052,58268.354,58268.354
High income: nonOECD,WGDPHINO Index,994.149,1084.35,1033.37,1018.6,941.502,941.571,968.687,1042.98,1175.46,1168.24,1318.15,1430.98,1506.3,1531.51,1577.8,1677.58,1757.52,1866.42,1677.9,1651.19,1850.21,1848.63,1718.97,1922.69,2353.4,2833.26,3358.16,4028.86,4900.73,4134.33,4907.2,5766.02,6175.96,6370.36,6120.97,6120.97,6120.97,6120.97,6120.97,6120.97,6120.97,6120.97,6120.97
High income,WGDPHIIC Index,8961.142,9097.109,9012.587,9305.58,9706.804,10192.297,12375.609,14343.425,16148.905,16897.596,18982.696,20074.172,21592.324,21758.969,23422.833,26013.294,26237.144,25790.445,25887.095,27193.242,27762.354,27487.711,28659.649,32123.306,35769.584,37829.451,39959.352,43751.995,46619.256,43664.133,45753.889,49398.151,49429.397,50034.667,51110.586,48246.432,49279.729,51538.132,54799.161,55272.928,53874.555,59829.674,59829.674
Haiti,WGDPHAIT Index,1.384,1.479,1.474,1.624,1.816,2.009,2.318,2.047,2.614,2.736,3.096,3.474,2.257,1.878,2.168,2.813,2.908,3.339,3.724,4.154,6.814,6.332,6.058,4.827,6.037,7.184,7.518,9.523,10.485,11.597,11.859,13.009,13.709,14.902,15.139,14.833,13.988,15.036,16.455,14.786,14.508,20.944,20.944
Guyana,WGDPGUYA Index,0.603,0.57,0.482,0.489,0.438,0.453,0.505,0.355,0.414,0.38,0.397,0.349,0.374,0.454,0.541,0.622,0.705,0.749,0.718,0.695,0.713,0.712,0.726,0.743,0.788,0.825,2.38,2.731,3.025,3.166,3.433,3.691,4.063,4.168,4.128,4.28,4.483,4.748,4.788,5.174,5.471,8.044,8.044
Guinea,WGDPGUIN Index,6.684,6.616,8.179,10.377,12.634,15.65,1.995,2.042,2.384,2.432,2.667,3.015,3.285,3.279,3.383,3.694,3.869,3.784,3.588,3.461,2.995,2.829,2.95,3.446,3.635,2.937,4.22,6.282,6.964,6.717,6.853,6.785,7.638,8.377,8.778,8.794,8.596,10.325,11.857,13.443,14.178,16.092,16.092
Guatemala,WGDPGUAT Index,7.879,8.608,8.717,9.05,9.47,9.722,7.232,7.084,7.842,8.411,7.65,9.406,10.441,11.4,12.983,14.655,15.675,17.79,19.395,18.318,19.289,18.405,20.444,21.576,23.577,26.784,29.744,33.568,38.504,37.126,40.676,46.876,49.594,52.997,57.852,62.186,66.054,71.654,73.328,77.17,77.625,85.986,85.986
Greenland,WGDPGRLD Index,0.476,0.436,0.402,0.416,0.379,0.413,0.603,0.787,0.899,0.93,1.019,1.016,1.038,0.927,1.006,1.209,1.198,1.072,1.15,1.132,1.068,1.086,1.169,1.559,1.822,1.85,2.013,2.25,2.499,2.53,2.503,2.684,2.61,2.685,2.842,2.499,2.707,2.852,3.056,2.994,3.076,3.076,3.076
Grenada,WGDPGREN Index,0.111,0.116,0.125,0.132,0.146,0.168,0.188,0.215,0.236,0.267,0.278,0.301,0.31,0.31,0.325,0.342,0.367,0.392,0.446,0.482,0.52,0.52,0.54,0.591,0.599,0.696,0.699,0.759,0.826,0.771,0.771,0.779,0.8,0.843,0.912,0.997,1.062,1.126,1.167,1.213,1.043,1.123,1.123
Greece,WGDPGREE Index,56.83,52.347,54.618,49.429,48.02,47.821,56.38,65.653,76.261,79.169,97.891,105.143,116.225,108.809,116.602,136.878,145.862,143.158,144.428,142.589,130.458,136.309,154.564,202.37,240.964,247.875,273.547,318.903,355.909,331.309,297.125,282.996,242.029,238.908,235.458,195.684,193.148,199.844,212.049,205.257,188.926,214.874,214.874
Ghana,WGDPGHAN Index,4.445,4.222,4.036,4.057,4.412,4.504,5.728,5.075,5.198,5.252,5.889,6.597,6.414,5.966,5.445,6.465,6.935,6.891,7.481,7.719,4.983,5.315,6.166,7.632,8.881,10.745,20.441,24.828,28.679,26.048,32.197,39.337,41.271,62.823,54.783,49.407,56.165,60.406,67.299,68.338,70.043,77.594,77.594
Germany,WGDPGERM Index,950.291,800.472,776.576,770.684,725.111,732.535,1046.259,1298.176,1401.233,1398.967,1771.671,1868.945,2131.572,2071.324,2205.074,2585.792,2497.245,2211.99,2238.991,2194.945,1947.982,1945.791,2078.485,2501.64,2814.354,2846.864,2994.704,3425.578,3745.264,3411.261,3399.668,3749.315,3527.143,3733.805,3889.093,3357.586,3469.853,3690.849,3974.443,3888.226,3889.669,4259.935,4259.935
Georgia,WGDPGEOR Index,,,,,,,,,,,7.754,6.358,3.69,2.701,2.514,2.694,3.095,3.511,3.614,2.8,3.057,3.219,3.396,3.991,5.125,6.411,7.745,10.173,12.795,10.767,12.244,15.107,16.488,17.19,17.627,14.954,15.142,16.243,17.597,17.47,15.843,18.629,18.629
Guinea-Bissau,WGDPGBIS Index,0.111,0.155,0.166,0.164,0.138,0.144,0.13,0.174,0.164,0.213,0.244,0.257,0.226,0.237,0.236,0.254,0.27,0.269,0.206,0.224,0.371,0.393,0.418,0.477,0.532,0.587,0.592,0.697,0.868,0.83,0.85,1.1,0.989,1.046,1.055,1.048,1.179,1.35,1.505,1.44,1.432,1.639,1.639
Gambia,WGDPGAMB Index,0.241,0.219,0.216,0.213,0.177,0.226,0.186,0.221,0.267,0.284,0.317,0.69,0.714,0.755,0.746,0.786,0.848,0.804,0.84,0.815,0.783,0.687,0.578,0.487,0.962,1.028,1.054,1.28,1.562,1.45,1.543,1.41,1.415,1.376,1.229,1.378,1.485,1.505,1.671,1.814,1.812,2.038,2.038
Gabon,WGDPGABO Index,4.28,3.862,3.618,3.391,3.561,3.34,3.404,3.282,3.835,4.186,5.952,5.403,5.592,4.379,4.191,4.959,5.694,5.327,4.483,4.663,5.08,5.023,5.335,6.512,7.77,9.583,10.328,12.455,15.571,12.114,14.373,18.21,17.17,17.596,18.204,14.383,14.024,14.929,16.867,16.874,15.315,20.217,20.217
French Polynesia,WGDPFREN Index,1.32,1.235,1.236,1.284,1.326,1.448,2.212,2.678,2.723,2.732,3.32,3.41,3.714,3.545,3.676,4.187,4.166,3.763,3.903,3.912,3.6,3.574,3.965,4.928,5.564,5.705,5.878,6.631,7.137,6.585,6.087,6.204,5.693,6.032,6.152,5.326,5.497,5.833,6.135,6.001,5.709,6.055,6.055
France,WGDPFRAN Index,701.288,615.552,584.878,559.869,530.684,553.138,771.471,934.173,1018.847,1025.212,1269.18,1269.277,1401.466,1322.816,1393.983,1601.095,1605.675,1452.885,1503.109,1493.152,1365.64,1377.657,1501.409,1844.545,2119.633,2196.945,2320.536,2660.591,2930.304,2700.887,2645.188,2865.158,2683.672,2811.877,2855.964,2439.189,2472.964,2595.151,2790.957,2728.87,2639.009,2957.88,2957.88
Finland,WGDPFINL Index,53.645,52.448,52.798,50.974,52.889,55.876,73.532,91.595,109.059,119.012,141.438,127.774,112.533,89.214,103.3,134.19,132.129,126.912,134.039,135.264,126.02,129.533,140.404,171.652,197.479,204.885,217.089,256.378,285.716,253.498,249.424,275.604,258.29,271.362,274.863,234.534,240.771,255.648,275.708,268.515,271.892,297.302,297.302
Fiji,WGDPFIJI Index,1.203,1.236,1.194,1.123,1.178,1.141,1.29,1.178,1.11,1.183,1.337,1.384,1.532,1.636,1.826,1.97,2.129,2.09,1.653,1.936,1.678,1.652,1.833,2.3,2.708,2.98,3.076,3.378,3.523,2.871,3.14,3.779,3.972,4.19,4.857,4.683,4.93,5.353,5.581,5.482,4.477,4.296,4.296
Faeroe Islands,WGDPFAER Index,,,,,,,,,,,,,,,,,,,1.1,1.13,1.07,1.16,1.28,1.5,1.72,1.76,2.02,2.34,2.49,2.3,2.33,2.51,2.43,2.69,2.91,2.57,2.81,2.98,3.19,3.28,3.25,3.65,3.65
Euro Area,WGDPEURO Index,2962.181,2574.375,2492.495,2431.611,2332.403,2396.185,3362.907,4159.431,4574.521,4672.689,5880.688,6114.123,6745.618,6172.472,6515.618,7515.453,7604.358,6952.19,7149.215,7116.213,6495.755,6596.587,7200.157,8862.331,10160.399,10523.525,11184.045,12879.112,14158.258,12938.507,12641.746,13637.892,12638.779,13196.296,13510.071,11675.506,11973.697,12679.719,13698.193,13418.171,13085.485,14563.283,14563.283
Europe & Central Asia Developing Only,WGDPEUCA Index,,,,,,,,307.401,862.081,834.088,893.026,870.042,798.687,784.818,674.052,721.698,729.351,761.37,705.517,591.787,662.874,655.067,750.711,947.224,1256.036,1589.617,1950.079,2509.49,3110.418,2437.793,2953.063,3670.007,3914.702,4150.229,3845.83,2921.396,2777.73,3118.194,3182.536,3248.64,2982.627,3517.373,3517.373
Europe & Central Asia All Income Levels,WGDPEUAL Index,4600.28,4094.3,3945.55,3827.61,3678.86,3807.09,5196.36,6421.09,7147.46,7242.78,8860.59,9141.28,9800.98,9002.57,9412.85,10871.31,11095.98,10522.89,10795.85,10677.63,10065.98,10167.1,11134.43,13536.03,15776.45,16782.23,18169.15,21229.64,23365.17,20549.2,21021.73,23305.52,22449.77,23452.5,23779.71,20484.15,20418.63,21653.94,23193.56,22909.98,22139.98,25082.83,25082.83
Ethiopia,WGDPETHI Index,,7.325,7.708,8.568,8.096,9.481,9.849,10.527,10.909,11.477,12.175,13.464,10.493,8.831,6.928,7.664,8.548,8.589,7.818,7.701,8.242,8.231,7.851,8.624,10.131,12.401,15.281,19.708,27.067,32.437,29.934,31.953,43.311,47.648,55.612,64.589,74.297,81.771,84.269,95.913,107.658,111.271,111.271
Estonia,WGDPESTO Index,,,,,,,,3.99,4.665,5.124,5.01,4.784,3.987,4.007,4.117,4.503,4.786,5.154,5.674,5.757,5.687,6.255,7.368,9.874,12.146,14.107,17.023,22.449,24.342,19.633,19.523,23.214,23.019,25.116,26.634,22.891,24.073,26.924,30.625,31.082,31.37,37.191,37.191
Eritrea,WGDPERIT Index,,,,,,,,,,,,,0.477,0.468,0.532,0.578,0.694,0.686,0.746,0.689,0.706,0.752,0.729,0.87,1.109,1.098,1.211,1.318,1.38,1.857,1.59,2.065,3.092,3.444,3.858,3.858,3.858,3.858,3.858,3.858,3.858,3.858,3.858
Equatorial Guinea,WGDPEQUA Index,0.051,0.037,0.044,0.044,0.05,0.062,0.076,0.093,0.101,0.088,0.112,0.111,0.135,0.136,0.101,0.142,0.232,0.442,0.371,0.621,1.046,1.461,1.807,2.485,4.411,8.217,10.087,13.072,19.75,15.028,16.314,21.357,22.388,21.949,21.765,13.185,11.241,12.201,13.097,11.364,10.099,12.269,12.269
El Salvador,WGDPELSA Index,3.574,3.437,3.399,3.506,3.662,3.8,3.772,3.958,4.19,4.372,4.818,5.252,5.813,6.68,7.679,8.922,9.586,10.222,10.937,11.284,11.785,12.283,12.664,13.244,13.725,14.698,16,17.012,17.987,17.602,18.448,20.284,21.386,21.991,22.593,23.438,24.191,24.979,26.021,26.881,24.563,28.737,28.737
Egypt,WGDPEGYP Index,21.67,22.136,27.655,30.966,33.971,39.054,41.254,40.456,34.98,39.756,42.979,37.388,41.856,46.579,51.898,60.159,67.63,78.437,84.829,90.711,99.839,96.685,85.146,80.288,78.782,89.601,107.426,130.438,162.818,189.147,218.984,235.99,279.117,288.434,305.595,329.367,332.442,235.734,249.713,303.081,365.253,404.143,404.143
Ecuador,WGDPECUA Index,17.882,21.811,19.93,17.152,16.913,17.149,15.314,13.945,13.052,13.891,15.239,16.989,18.094,18.939,22.709,24.433,25.226,28.162,27.982,19.645,18.328,24.468,28.549,32.433,36.592,41.507,46.802,51.008,61.763,62.52,69.555,79.277,87.925,95.13,101.726,99.29,99.938,104.296,107.562,108.108,99.291,106.166,106.166
East Asia & Pacific Developing Only,WGDPEAPA Index,378.129,403.652,423.792,443.948,481.022,526.458,525.159,519.069,575.627,622.53,667.367,723.842,811.268,890.521,1071.596,1322.13,1518.47,1572.049,1431.784,1575.693,1734.674,1847.475,2044.358,2311.828,2682.432,3106.989,3740.827,4727.901,5978.961,6484.665,7889.502,9645.534,10759.167,11871.14,12798.835,13327.591,13612.471,14877.278,16640.445,17207.856,17486.917,20751.79,20751.79
East Asia & Pacific All Income Levels,WGDPEAAL Index,1815.97,2001.89,1962.33,2087.91,2235.98,2359.54,3082.61,3619.76,4354.92,4536.22,4738.19,5349.24,5844.85,6536.24,7403.86,8407.33,8101.13,7744.68,6929.77,7740.37,8374.99,7788.98,7911.87,8699.26,9756.92,10409.56,11031.67,12325.99,14210.78,14623.05,17066.38,19790.64,21172.19,21410.74,22086.21,21997.21,22772.04,24324.88,26482.26,27028.3,27127.31,30911.69,30911.69
Dominican Republic,WGDPDREP Index,6.761,7.561,8.267,9.221,11.594,5.045,6.122,5.827,5.374,6.687,7.074,9.824,11.605,13.081,14.645,16.637,18.242,20.017,21.672,22.137,24.306,25.602,27.138,21.403,22.322,35.778,37.88,43.965,48.123,48.261,53.86,58.03,60.682,62.682,67.18,71.165,75.705,79.998,85.555,88.941,78.845,94.243,94.243
Dominica,WGDPDOMI Index,0.073,0.082,0.09,0.099,0.109,0.119,0.135,0.152,0.171,0.185,0.201,0.22,0.234,0.246,0.264,0.275,0.292,0.303,0.322,0.332,0.333,0.34,0.333,0.343,0.367,0.364,0.39,0.421,0.458,0.489,0.494,0.501,0.486,0.498,0.52,0.541,0.576,0.522,0.555,0.612,0.504,0.554,0.554
Djibouti,WGDPDJIB Index,,,,,,0.341,0.341,0.373,0.396,0.409,0.452,0.462,0.478,0.466,0.492,0.498,0.494,0.503,0.514,0.536,0.551,0.572,0.591,0.622,0.666,0.709,0.769,0.848,0.999,1.049,1.129,1.239,1.354,2.043,2.215,2.424,2.605,2.763,2.913,3.089,3.181,3.483,3.483
Denmark,WGDPDENM Index,71.128,61.878,60.413,60.645,59.105,62.659,88.079,109.414,115.553,112.409,138.247,139.225,152.916,143.196,156.162,185.007,187.632,173.538,176.992,177.965,164.159,164.791,178.635,218.096,251.373,264.467,282.885,319.423,353.361,321.241,321.995,344.003,327.149,343.584,352.994,302.673,313.116,332.121,356.841,346.499,355.222,398.303,398.303
Czech Republic,WGDPCZEC Index,,,,,,,,,,,40.729,29.86,34.805,40.867,47.85,60.147,67.388,62.18,66.807,65.173,61.828,67.808,82.196,100.09,119.814,137.143,156.264,190.184,236.816,207.434,209.07,229.563,208.858,211.686,209.359,188.033,196.272,218.629,249.001,252.548,245.975,281.778,281.778
Cyprus,WGDPCYPR Index,2.154,2.087,2.159,2.16,2.278,2.43,3.091,3.705,4.279,4.563,5.591,5.77,6.912,6.59,7.426,9.933,10.012,9.548,10.249,10.498,9.986,10.398,11.42,14.547,17.321,18.433,20.073,23.969,27.845,25.945,25.8,27.642,25.049,23.961,23.227,19.909,21.047,22.947,25.596,25.945,25.008,28.408,28.408
Croatia,WGDPCROA Index,,,,,,,,,,,24.782,18.156,10.279,10.901,14.578,22.644,24.005,24.03,25.732,23.629,21.808,23.26,27.085,35.023,42.013,45.835,50.915,60.642,70.943,63.324,60.672,63.408,57.369,59.032,58.424,50.243,52.397,56.324,62.317,62.328,57.472,68.955,68.955
Cote d'Ivoire,WGDPCOTE Index,10.176,8.433,7.567,6.838,6.842,6.978,9.158,10.088,10.255,9.757,10.796,10.493,11.153,11.046,8.314,11,18.071,18.048,19.62,18.871,16.578,16.811,18.054,21.252,23.511,24.037,25.281,28.76,34.078,33.887,34.936,36.694,36.302,42.76,48.843,45.815,47.964,51.588,58.011,58.539,61.349,70.043,70.043
Costa Rica,WGDPCOST Index,4.831,2.624,2.607,3.147,3.66,3.919,4.419,4.533,4.615,5.251,5.712,7.196,8.564,9.583,10.487,11.579,11.678,12.615,13.684,14.255,15.014,15.976,16.579,17.272,18.611,20.041,22.716,26.885,30.802,30.746,37.659,42.763,47.232,50.95,52.016,56.442,58.847,60.516,62.42,64.418,62.158,64.282,64.282
Republic of Congo,WGDPCONR Index,1.706,1.994,2.161,2.097,2.194,2.161,1.849,2.298,2.213,2.39,2.799,2.725,2.933,2.684,1.769,2.116,2.541,2.323,1.949,2.355,3.228,2.797,3.034,3.504,4.657,6.65,8.072,8.783,11.65,9.723,13.148,15.655,17.693,17.959,17.913,11.89,10.219,11.095,13.67,12.75,10.483,13.366,13.366
Congo Democratic Republic,WGDPCONG Index,14.395,12.538,13.652,11.007,7.858,7.195,8.095,7.662,8.861,9.022,9.35,9.634,8.227,10.706,5.82,5.643,5.771,6.091,6.218,4.711,19.088,7.438,8.728,8.938,10.297,11.964,14.452,16.737,19.789,18.648,21.566,25.84,29.306,32.68,35.909,37.918,37.135,38.019,47.568,51.776,48.717,55.351,55.351
Comoros,WGDPCOMO Index,0.212,0.196,0.184,0.192,0.185,0.197,0.279,0.338,0.357,0.341,0.43,0.424,0.457,0.453,0.319,0.398,0.396,0.364,0.37,0.382,0.351,0.379,0.426,0.547,0.634,0.654,0.698,0.796,0.916,0.905,0.908,1.023,1.016,1.116,1.15,0.966,1.013,1.077,1.189,1.195,1.225,1.296,1.296
Colombia,WGDPCOLO Index,33.401,36.388,38.968,38.73,38.253,34.894,34.942,36.373,39.213,39.54,47.844,49.176,58.419,66.447,81.703,92.507,97.16,106.66,98.444,86.186,99.887,98.212,97.963,94.641,117.082,145.619,161.619,206.182,242.187,232.398,286.563,334.944,370.921,382.116,381.112,293.482,282.825,311.884,334.198,323.11,270.3,314.464,314.464
China,WGDPCHIN Index,191.149,195.866,205.09,230.687,259.947,309.488,300.758,272.973,312.354,347.768,360.858,383.373,426.916,444.731,564.325,734.548,863.747,961.604,1029.043,1093.997,1211.347,1339.396,1470.55,1660.288,1955.347,2285.966,2752.132,3550.342,4594.307,5101.702,6087.164,7551.5,8532.231,9570.406,10475.683,11061.553,11233.277,12310.409,13894.818,14279.937,14687.674,17734.063,17734.063
Chile,WGDPCHIL Index,29.037,34.51,25.326,20.356,19.623,17.703,18.891,22.255,26.04,29.886,33.114,37.835,45.964,49.298,57.008,73.447,78.574,85.729,81.995,75.596,78.25,71.517,70.295,76.508,99.079,122.315,153.84,172.566,179.663,171.413,217.105,251.225,267.176,277.239,259.405,242.497,249.299,276.365,295.403,278.585,252.727,317.059,317.059
Channel Islands,WGDPCHAN Index,,,,,,,,,,,,,,,,,,,5.945,6.263,6.439,6.233,6.663,7.333,8.554,8.827,9.676,11.515,11.515,11.515,11.515,11.515,11.515,11.515,11.515,11.515,11.515,11.515,11.515,11.515,11.515,11.515,11.515
Chad,WGDPCHAD Index,1.033,0.877,0.834,0.832,0.919,1.033,1.068,1.163,1.483,1.434,1.739,1.877,1.882,1.463,1.18,1.446,1.607,1.545,1.745,1.535,1.389,1.711,1.997,2.743,4.423,6.649,7.429,8.65,10.394,9.291,10.668,12.172,12.367,12.954,13.941,10.95,10.098,10,11.239,11.315,10.715,11.78,11.78
Central African Republic,WGDPCENT Index,0.797,0.695,0.748,0.659,0.638,0.865,1.122,1.201,1.265,1.234,1.441,1.377,1.412,1.279,0.851,1.115,1.008,0.938,0.967,0.999,0.917,0.933,0.996,1.142,1.272,1.338,1.462,1.7,1.993,2.067,2.143,2.438,2.51,1.692,1.895,1.696,1.825,2.072,2.221,2.221,2.327,2.516,2.516
Cayman Islands,WGDPCAYM Index,,,,,,,,,,,,,,,,,1.012,1.012,1.012,1.012,1.012,1.012,1.012,1.012,1.012,2.316,4.2,4.466,4.586,4.282,4.157,4.186,4.291,4.406,4.563,4.708,4.909,5.166,5.53,5.944,5.609,5.898,5.898
Cape Verde,WGDPCAPE Index,0.142,0.139,0.141,0.138,0.132,0.138,0.191,0.235,0.264,0.267,0.307,0.32,0.357,0.49,0.407,0.487,0.502,0.491,0.522,0.592,0.539,0.563,0.621,0.813,0.925,0.972,1.108,1.513,1.788,1.698,1.664,1.866,1.742,1.85,1.86,1.597,1.663,1.77,1.967,1.982,1.704,1.936,1.936
Canada,WGDPCANA Index,273.854,306.215,313.507,340.548,355.373,364.756,377.438,431.317,507.354,565.056,593.93,610.328,592.388,577.171,578.139,604.032,628.546,654.987,634,678.412,744.773,738.982,760.649,895.541,1026.69,1173.109,1319.265,1468.82,1552.99,1374.625,1617.343,1793.327,1828.366,1846.597,1805.75,1556.509,1527.995,1649.266,1725.329,1742.015,1645.423,1988.336,1988.336
Cameroon,WGDPCAME Index,6.675,6.611,6.611,6.87,7.312,8.545,11.857,13.05,12.236,11.013,12.314,11.84,12.072,16.182,8.902,10.865,11.094,10.789,11.298,11.566,10.567,10.953,12.417,15.97,18.826,19.51,20.911,23.928,27.715,27.933,27.507,30.631,30.155,33.729,36.387,32.21,33.814,36.099,39.974,39.671,40.773,45.338,45.338
Cambodia,WGDPCAMB Index,,,,,,,,,,,,,,2.534,2.791,3.441,3.507,3.443,3.12,3.517,3.654,3.984,4.284,4.658,5.338,6.293,7.275,8.639,10.352,10.402,11.242,12.83,14.054,15.228,16.703,18.05,20.017,22.177,24.572,27.089,25.873,26.961,26.961
Burundi,WGDPBURU Index,0.92,0.969,1.013,1.083,0.987,1.15,1.202,1.131,1.082,1.114,1.132,1.167,1.083,0.939,0.925,1,0.869,0.973,0.894,0.808,0.87,0.877,0.825,0.785,0.915,1.117,1.273,1.356,1.612,1.781,2.032,2.236,2.333,2.452,2.706,3.104,2.639,2.712,2.66,2.577,2.65,2.78,2.78
Burkina Faso,WGDPBURK Index,1.929,1.776,1.754,1.6,1.46,1.552,2.036,2.37,2.616,2.616,3.101,3.135,3.357,3.2,1.895,2.38,2.587,2.448,2.805,3.39,2.968,3.19,3.622,4.741,5.452,6.146,6.547,7.626,9.451,9.451,10.11,12.08,12.561,13.444,13.943,11.832,12.833,14.107,15.89,16.178,17.934,19.738,19.738
Bulgaria,WGDPBULG Index,19.839,19.87,19.342,16.564,17.595,17.155,20.249,28.101,22.556,21.988,20.632,10.944,10.351,10.83,9.697,18.983,12.294,11.316,15.031,13.627,13.246,14.183,16.403,21.145,26.158,29.869,34.38,44.433,54.481,52.024,50.682,57.678,54.301,55.81,57.082,50.782,53.954,59.199,66.364,68.916,70.24,84.056,84.056
Brunei Darussalam,WGDPBRUN Index,4.929,4.366,4.264,3.845,3.783,3.524,2.359,2.754,2.691,2.985,3.521,3.702,4.184,4.106,4.087,4.734,5.116,5.197,4.051,4.6,6.001,5.601,5.843,6.557,7.872,9.531,11.471,12.248,14.393,10.732,13.707,18.525,19.048,18.094,17.098,12.93,11.401,12.128,13.567,13.469,12.006,14.007,14.007
Brazil,WGDPBRAZ Index,237.393,258.015,271.314,189.657,188.34,176.124,215.879,237.518,258.816,347.028,390.726,342.609,328.188,368.296,525.37,769.333,850.426,883.206,863.711,599.642,655.448,559.991,509.789,558.229,669.294,891.63,1107.64,1397.084,1695.825,1667.02,2208.872,2616.202,2465.189,2472.807,2455.994,1802.214,1795.7,2063.508,1916.947,1873.274,1448.56,1608.981,1608.981
Botswana,WGDPBOTS Index,1.061,1.074,1.015,1.172,1.241,1.115,1.393,1.965,2.645,3.084,3.791,3.943,4.147,4.16,4.259,4.731,4.848,5.02,4.79,5.484,5.788,5.49,5.439,7.512,8.957,9.919,9.919,10.567,10.731,10.119,12.637,15.111,13.908,14.272,15.47,13.531,15.083,16.105,17.032,16.696,14.93,17.615,17.615
Bosnia and Herzegovina,WGDPBOSN Index,,,,,,,,,,,,,,,1.256,1.867,2.786,3.672,4.117,4.686,5.567,5.801,6.729,8.499,10.158,11.223,12.865,15.779,19.113,17.614,17.177,18.645,17.227,18.179,18.558,16.212,16.913,18.08,20.184,20.202,19.95,23.365,23.365
Bolivia,WGDPBOLI Index,4.537,5.892,5.594,5.423,6.169,5.377,3.959,4.348,4.598,4.716,4.868,5.343,5.644,5.735,5.981,6.715,7.397,7.926,8.498,8.285,8.398,8.142,7.905,8.082,8.773,9.549,11.452,13.12,16.674,17.34,19.65,23.963,27.084,30.659,32.996,33,33.941,37.509,40.288,40.895,36.63,40.408,40.408
Bhutan,WGDPBHUT Index,0.129,0.139,0.141,0.157,0.16,0.163,0.191,0.243,0.272,0.265,0.288,0.24,0.24,0.226,0.259,0.29,0.303,0.352,0.363,0.399,0.424,0.461,0.521,0.604,0.683,0.797,0.875,1.168,1.228,1.234,1.548,1.777,1.781,1.756,1.907,2.004,2.159,2.45,2.447,2.536,2.325,2.54,2.54
Bermuda,WGDPBERM Index,0.613,0.739,0.786,0.889,0.986,1.04,1.174,1.297,1.415,1.502,1.592,1.635,1.68,1.82,1.867,2.031,2.695,2.933,3.131,3.324,3.48,3.68,3.937,4.187,4.485,4.868,6.144,6.767,6.98,6.656,6.635,6.313,6.378,6.466,6.414,6.655,6.9,7.142,7.226,7.423,6.887,7.287,7.287
Benin,WGDPBENI Index,1.405,1.291,1.268,1.095,1.051,1.046,1.336,1.562,1.62,1.502,1.96,1.986,1.695,2.275,1.598,2.17,2.361,2.268,2.455,3.677,3.52,3.666,4.194,5.349,6.19,6.568,7.034,8.169,9.788,9.739,9.535,10.693,11.141,12.518,13.285,11.388,11.821,12.702,14.262,14.392,15.652,17.145,17.145
Belize,WGDPBELI Index,0.198,0.196,0.182,0.192,0.214,0.213,0.232,0.281,0.32,0.369,0.55,0.599,0.694,0.751,0.772,0.819,0.852,0.868,0.914,0.975,1.116,1.163,1.233,1.298,1.39,1.462,1.581,1.696,1.729,1.681,1.739,1.82,1.903,2.03,2.138,2.211,2.259,2.286,2.315,2.417,2.08,2.492,2.492
Belgium,WGDPBELG Index,126.829,104.73,92.096,87.184,83.35,86.268,120.019,149.394,162.299,164.221,205.332,210.511,234.782,224.722,244.884,288.026,279.201,252.708,258.528,258.246,236.792,236.746,258.384,318.083,369.215,385.715,408.26,470.922,517.328,483.254,481.421,523.33,496.153,521.791,535.39,462.336,476.063,502.765,543.299,535.831,525.212,594.104,594.104
Belarus,WGDPBELA Index,,,,,,,,,,,21.65,18,17.037,16.281,14.932,13.973,14.757,14.128,15.222,12.138,12.737,12.355,14.594,17.828,23.144,30.208,36.954,45.277,60.763,50.874,57.222,61.758,65.685,75.528,78.814,56.455,47.723,54.727,60.031,64.41,61.371,68.205,68.205
Barbados,WGDPBARB Index,1.012,1.114,1.164,1.236,1.347,1.41,1.548,1.704,1.813,2.006,2.012,2.021,1.957,2.063,2.151,2.217,2.364,2.498,2.817,2.952,3.06,3.055,3.107,3.21,3.445,3.82,4.217,4.674,4.785,4.466,4.53,4.658,4.61,4.677,4.696,4.725,4.833,4.982,5.097,5.324,4.672,4.844,4.844
Bangladesh,WGDPBANG Index,18.138,20.25,18.525,17.609,18.921,22.278,21.774,24.298,26.579,28.782,31.598,30.957,31.709,33.167,33.769,37.94,46.438,48.244,49.985,51.271,53.37,53.991,54.724,60.159,65.109,69.443,71.819,79.612,91.631,102.478,115.279,128.638,133.356,149.99,172.885,195.079,265.236,293.755,321.379,351.238,373.902,416.265,416.265
Bahrain,WGDPBAHR Index,3.073,3.468,3.646,3.735,3.906,3.652,3.052,3.392,3.702,3.864,4.23,4.616,4.751,5.2,5.568,5.849,6.102,6.349,6.184,6.621,9.063,8.976,9.594,11.075,13.15,15.969,18.505,21.73,25.711,22.938,25.713,28.777,30.749,32.539,33.388,31.051,32.235,35.474,37.802,38.653,34.723,38.869,38.869
Bahamas,WGDPBAHA Index,1.335,1.427,1.578,1.733,2.041,2.321,2.473,2.714,2.818,3.062,3.166,3.111,3.109,3.092,3.259,3.429,3.609,6.332,6.833,7.684,8.076,8.318,8.881,8.87,9.055,9.836,10.167,10.618,10.526,9.982,10.096,10.07,10.721,10.563,11.176,11.862,11.835,12.358,12.756,13.193,9.7,11.209,11.209
Azerbaijan,WGDPAZER Index,,,,,,,,,,,8.858,8.792,0.446,1.57,1.193,2.417,3.176,3.962,4.446,4.581,5.273,5.708,6.236,7.277,8.68,13.246,20.983,33.05,48.852,44.291,52.909,65.952,69.684,74.164,75.244,53.074,37.868,40.866,47.113,48.174,42.693,54.622,54.622
Australia,WGDPAUST Index,149.984,176.892,194.037,177.267,193.519,180.634,182.472,189.488,236.154,299.878,311.434,325.987,325.532,312.138,322.809,368.141,401.311,435.614,399.661,389.39,415.851,379.358,395.581,467.498,614.326,695.329,747.907,854.427,1055.643,928.627,1148.61,1398.406,1546.892,1576.38,1467.545,1350.616,1206.535,1326.516,1428.289,1392.228,1326.901,1552.667,1552.667
Austria,WGDPASTI Index,82.059,71.034,71.275,72.121,67.985,69.387,99.036,124.168,133.339,133.106,166.463,173.794,195.078,190.38,203.535,241.038,237.251,212.79,218.26,217.259,197.29,197.509,214.395,262.274,301.458,316.092,336.28,389.186,432.052,401.759,392.275,431.685,409.402,430.191,442.585,381.971,395.837,417.261,454.991,444.621,435.225,480.368,480.368
Aruba,WGDPARUB Index,,,,,,,0.406,0.488,0.597,0.696,0.765,0.872,0.959,1.083,1.246,1.321,1.38,1.532,1.665,1.723,1.873,1.897,1.962,2.044,2.255,2.36,2.47,2.678,2.843,2.554,2.454,2.638,2.615,2.728,2.791,2.963,2.984,3.092,3.202,3.369,2.61,3.126,3.126
Armenia,WGDPARME Index,,,,,,,,,,,2.257,2.07,1.273,1.201,1.315,1.468,1.597,1.639,1.894,1.845,1.912,2.118,2.376,2.807,3.577,4.9,6.384,9.206,11.662,8.648,9.26,10.142,10.619,11.121,11.61,10.553,10.546,11.527,12.458,13.619,12.642,13.861,13.861
Argentina,WGDPARGE Index,76.962,78.677,84.307,103.979,79.092,88.417,110.934,111.106,126.207,76.637,141.352,189.72,228.789,236.742,257.44,258.032,272.15,292.859,298.948,283.523,284.204,268.697,97.724,127.587,164.658,198.737,232.557,287.531,361.558,332.976,423.627,530.163,545.982,552.025,526.32,594.749,557.531,643.629,524.82,447.755,385.54,487.227,487.227
Antigua and Barbuda,WGDPANTI Index,0.131,0.148,0.164,0.182,0.208,0.241,0.29,0.337,0.399,0.439,0.459,0.482,0.499,0.535,0.589,0.577,0.634,0.681,0.728,0.766,0.826,0.8,0.814,0.856,0.92,1.023,1.158,1.313,1.37,1.228,1.149,1.138,1.2,1.181,1.25,1.337,1.437,1.468,1.606,1.688,1.37,1.471,1.471
Angola,WGDPANGO Index,5.931,5.55,5.55,5.784,6.131,7.554,7.072,8.084,8.769,10.201,11.229,10.604,8.308,5.769,4.438,5.539,7.526,7.648,6.506,6.153,9.13,8.936,15.286,17.813,23.552,36.971,52.381,65.266,88.539,70.307,81.7,109.437,124.998,133.402,137.244,87.219,49.84,68.973,77.793,69.309,53.619,67.404,67.404
Andorra,WGDPANDO Index,0.45,0.39,0.38,0.33,0.33,0.35,0.48,0.61,0.72,0.8,1.03,1.11,1.21,1.01,1.02,1.18,1.22,1.18,1.21,1.24,1.43,1.55,1.76,2.36,2.89,3.16,3.46,3.95,4.09,3.67,3.45,3.63,3.19,3.19,3.27,2.79,2.9,3,3.22,3.16,2.89,3.33,3.33
Algeria,WGDPALGE Index,42.346,44.349,45.207,48.801,53.698,57.938,63.692,66.746,59.089,55.634,62.049,45.716,48.003,49.946,42.543,41.764,46.942,48.178,48.188,48.641,54.79,54.745,56.76,67.864,85.333,103.198,117.027,134.977,171.001,137.211,161.207,200.013,209.059,209.755,213.81,165.979,160.034,170.097,174.911,171.767,145.009,163.044,163.044
Albania,WGDPALBA Index,,,,,1.857,1.897,2.097,2.081,2.051,2.253,2.029,1.1,0.652,1.185,1.881,2.393,3.2,2.259,2.546,3.212,3.48,3.922,4.348,5.611,7.185,8.052,8.896,10.677,12.881,12.044,11.927,12.891,12.32,12.776,13.228,11.387,11.861,13.02,15.156,15.402,15.132,18.256,18.256
Afghanistan,WGDPAFGH Index,3.642,3.479,3.479,3.479,3.479,3.479,3.479,3.479,3.479,3.479,3.479,3.479,3.479,3.479,3.479,3.479,3.479,3.479,3.479,3.479,3.479,2.462,3.854,4.54,5.221,6.226,6.971,9.716,10.25,12.155,15.634,18.19,20.204,20.564,20.551,19.998,18.02,18.896,18.419,18.904,20.143,14.787,14.787