Country,1960,1961,1962,1963,1964,1965,1966,1967,1968,1969,1970,1971,1972,1973,1974,1975,1976,1977,1978,1979,1980,1981,1982,1983,1984,1985,1986,1987,1988,1989,1990,1991,1992,1993,1994,1995,1996,1997,1998,1999,2000,2001,2002,2003,2004,2005,2006,2007,2008,2009,2010,2011,2012,2013,2014,2015,2016,2017,2018,2019,2020,2021
Afghanistan,0,0,0,0,267,267,267,2.7,0,0,0,0,37,0,0,0,437,0,0,0,15,0,3,0,0,10,10,0,0,0.372,0,0,5,7,22,24.6,27.5,32.67432718,37.68798668,42.19228767,284.2650182,288.7906994,11394.04802,11302,11306,11305,11284.421,148.3124,125.4213,88.53993,1027,144.105277,172.6433059,200.2188497,316.5290516,363.6271504,441.3065443,525.270005,600.981004,674.756,747.256,820
Albania,0,0,0,0,0,0,0,0,0,0,0,0,0,0,0,0,0,0,0,0,0,0,0,0,0,0,0,0,0,0,0,425,446.023,571.793,511.848,745.262,34.958,34.402,109.435,34.534,383.268,271.273,91.072,15.982,19.619,15.774,17.651,16.834,8.7,0.305,0,0,0,1.232,0,0,0,0.6,0,0.0548619,0,0
Algeria,,,0,0,0,0,0,0,0,0,0,0,0,0,0,0,6.423,13.012,0.959,3.486,1.7,1.7,1.7,1.7,0,0,0,0.016,0.016,0,0.764,1260.359,1464.594,910.675,9540.029,12108.181,3537.518,2212.957,542.532,0,0,0,0.034,0.01,0.011,4700,0,0,0,0,0,0,76.7,0,0,0,0,0,0.1712819,0,0,0
Angola,,,,,,,,,,,,,,,,,,,,,,,,,,,,,,1082.1946,1767.1669,1538.2281,2572.7462,4063.516,5163.703,5865.977,7330.006,3236.477,5123.868,4613.296,3738.7837,4370.445,4385.53,6091.557,3760.011,3259.434,2831.50196,738.0842,346.7705315,408.471132,355.1077519,322.4049237,310.9544358,323.1529343,316.0743366,283.6556615,3376.431068,157.6345244,137.48392,127.6976362,1274.59059,3508
Antigua and Barbuda,,,,,,,,,,,,,,,,,,,,,,0,0,0,0,24,32,0,0,0,0,0,0,0,0,0,161,175,391,702.114,739.90141,598,649,794,838,764,762,612,631,707,684,515,0.4,2.9,18.6,20,8,14,28,21,42.9,70
Argentina,100,462,362,15,0,472,0,0,0,0,0,0,0,0,0,0,970,0,0,0,0,0,3870,3507.1,4469.523,11649.7,4655.523,31736.4,23529.3,35530.3,31834.9,34415.3,32232.3,28476,10.551,69.225,0.173,0,0,0,10.316,41000,103289,116644,115873,109529.7,34249,35984,36220,36732,18068,17696,17750,17839,55874,44536,47301,3415,1361,13520,70740,2548.56512
Armenia,,,,,,,,,,,,,,,,,,,,,,,,,,,,,,,,0,0,30.8,32.229,76.577,64.034,126.885,31.314,0,24.915,17.548,14.142,46.06,0,0,0,0,0,0,0,0,0,0,0,0,0,0,0,0,0,0
Azerbaijan,,,,,,,,,,,,,,,,,,,,,,,,,,,,,,,,0,0,0,23.899,41.532,37.981,37.981,0,0,0,0,0,0,74.817,0,0,0,0,0,0,0,0,0,0,0,0,0,0,0,0.3649836,0
Bahamas,,,,,,,,,,,,,,,,,,,,,,,,,,,,,,,,,,,,,,,,,,,,,,,,,,,,,,,,,,362,190,360,120,938
Bangladesh,,,,,,,,,,,,0,0,0.53,1.033,2.027,3.225,4.046,5.459,1.275,0.243,0.258,0.27,0.289,0.267,1.199,2.567,8.189,8.897,10.41,12.52,309.22,14.076,17.5,27.657,28.227,3.394,3.214,3.532,4.401,4.401,78.253,102.08,117.805,161.543,17.245,86.393,211.431,536.705,8.195,256.3063054,119.4591069,58.6671971,26.8830643,8.8727516,0,0,0,0,0,0,0
Barbados,,,,,,,0,0,0,0,0,0,0,0,0,0,0,0,0,0,0,0,0,0,0,0,0,0,0,0,0,0,0,0,0,0,0,0,0,0,0,0,0,0,0,0,0,0,0,0,0,0,0,0,0,0,0,0,6960.4,1101.4,25,0
Belarus,,,,,,,,,,,,,,,,,,,,,,,,,,,,,,,,0,0,6.933,149.758,158.503,588.884,4.136,15.751,32.846,42.43392,35.5041,4.557403,20.93,0.511,37.637,26.318,11.896,5.477,37.103,10.642,16.1,12.227,12.462,15.216,14.519,11.487,11.612,12.161,14.629,0,0
Belize,,,,,,,,,,,,,,,,,,,,,,0.197632,0.472821,3.230595,6.144993,0.488055,2.702375,2.460519,3.563852,2.642822,12.01195,1.764069,3.048357,4.723085,8.268537,1.545853,1.179583,0.014,0,0.0000864,0,0.012,1.899912,0.983129,1.307858,8.724944,555.1493619,558.267175,8.183571,10.761639,7.8089342,8.2695553,550.2003365,568.562724,6.0339148,7.2783801,4.1031292,532.9293698,13.5237911,22.731,659.6047991,695
Benin,0.8,0.8,0.8,0.8,0.8,4.3,4.3,14,14,14,4.340489,5.999383,9.316107,12.619379,14.759542,16.719825,15.442523,16.832511,19.098179,20.004136,18.905969,15.504892,4.996686,44.907587,87.56664,166.74584,265.92719,394.35031,440.11551,360.262,221.9191478,211.769505,93.5489495,114.629216,90.9745226,219.6226326,215.6763905,80.5670728,81.2973527,81.3373879,56.5082853,20.8679739,20.3576519,300.0803083,39.8420781,22.1998107,1085.244985,14.1242376,22.8865755,67.0778826,60.8486456,62.9053037,75.9063252,83.2294213,54.2749346,82.4819234,74.3387503,80.7037155,84.5108121,0,0,0
Bhutan,0,0,0,0,0,0,0,0,0,0,0,0,0,0,0,0,0,0,0,0,0,0,0,0,0,0,0,0,0,0,1.72,3.541,3.488,2.842,2.034,0.814,0.277,0,0,0,0,0,0,0,0,8.618,0,0,0,0,0,0,0,0,0,0,0,0,0,0,0,0
Bolivia,116.547,121.19,97.833,102.776,106.119,109.762,112.405,72.048,74.691,77.334,2.999,5.298,4.134,6.378,5.418,5.225,5.225,5.225,6.663,26.6888,196.20253,558.16253,438.08103,735.1463,586.7305,891.3576,2268.40625,2157.8275,958.55435,1255.8836,560.5145,800.735005,424.4307272,555.6749,168.5568,1402.920324,709.1283432,442.0447432,570.385,76.19946,67.10209,685,65.32556,55.66054,85.82444,68.0878,44.362762,440.8882,16.84087,12.27535,0,0,0,0,0.442,0,0,0.8655198,0,0,0.08,0
Bosnia & Herzegovina ,,,,,,,,,,,,,,,,,,,,,,,,,,,,,,,,,972.1775977,1110.131223,1181.35657,1268.060629,1852,1879,1145,1349.1182,709.144,4.25,5.281,24.02,3.59,3.79,4.61,5.99,6.83,30.211,1.69,2.39,0,0,0,0,0.599,14.4842715,0,0,45.6588291,25
Botswana,,,,,,,0,0,0,0,0,0,0,0,0,0,0,0,0,0.273,0,0,0,0,0,0,0.112,1.807,0.983,2.646,7.266,9.121,12.696,13.59,22.056,16.858,1.633,2.055,4.186,4.198,4.858,3.827,1.44,2.84,1.006,5.49,32.033,2.6,457.64,0.525,0,0,0,0,0,0,0,0.0042724,7.3319882,0.0013828,0.0028806,0
Brazil,48,811.6,43.5,112,416,43,0,0,0,0,0,20.8,35,40.8,39.8,47.371,62.83,137.893,286.377,352.69,411.435,439.478,441.296,28266.533,26641.555,17329.883,54301.686,98751.7,68315.1,85564.52,147531.895,28411.036,31888.5,63096.476,92622.26,5450.458,4901.753,10851.409,3561.105,10647.549,14955.63,0,0,0.2,0.019,4274.213,104.844,24.1,112.634,47.895,0.3963971,0.531486,0.4224349,43.0137065,598.3519155,0.137,0.032,4.492,0,0.0291104,0.008,0
Bulgaria,131.6891,133.7759,135.8627,137.9495,140.0363,142.1231,144.2099,128.2171,130.0735,131.9299,133.31703,141.81809,134.61436,135.4631,137.76573,124.14164,108.64894,118.75365,127.50815,140.0717,123.81445,101.1997,87.21918,77.81345,65.43929,80.01648,80.84592,103.79577,0,3.1,6484.8,7651,7984,8222.06,8110,342.4,231.87,514.76,267.48,350.39,19.36,226.56,22.75,4.51,38.6,72.17,14.25,19.61,86.32,122.89,0,0,0,0.96,0.025251,0,0,0,0,0,0,0
Burkina Faso,0,0,0,0,0,0,0,0,0,0,0,0,0,0,0,0,0,0,0.01,0.05,0.25,0.24,1.13,0.99,7.27,12.33,30.97,51.93,61.02,255.91,90.52,129.297,52.438,91.594,166.336,63.938,111.1,40.837,47.257,44.013,232.7,68.401,137.7,81.075,181.387,94.112,1329.363,39.273,40.848,36.858,40.268291,34.2371277,34.3367474,35.1766047,35.0963188,34.6258727,79.814487,87.3352312,83.5239508,82.6139472,101.165613,90
Burundi,,,0,0,0,0,0,0,0,0,0,0.051408,0.156153,0.307066,0,0,0,0,0,0,0,0,2.6005,5.0482,5.393457,7.32057,9.832113,10.974013,1.72972,1.32071,0.729982,0.069691,6.170704,13.271309,12.705123,5.881301,19.903632,35.526891,56.149841,78.436411,101.812774,106.5866,131.9666,161.459,140.652446,110.565076,120.809639,77.82605,65.50228,134,14.9887444,47.8467222,4.893,6.522,5.582,5.982,5.9020667,5.5648483,5.5517816,5.5767656,3.335622,8
Cabo Verde,,,,,,,,,,,,,,,,0,0,0,0,0,0,0.006,0.019112,0.017049,0.093028,37.55995361,43.30993841,48.82399461,54.5457919,63.02642422,80.4044376,69.0236176,66.5406076,68.7654576,68.7771476,70.7208476,27.92118,24.29847,16.48819,205.94066,207.07554,36.58294,22.48318,15.63438,3.608418,4.050671,3.157,6.123,3.87754,3.936,3.895,0,0,0,0,0,0,0,0,115.055313,17.5955018,34.3
Cambodia,0,0,0,0,0,0,0,0,0,0,0,10,17,11,16,380,294,298,304.4909208,310.0260163,314.9628331,319.940899,325.8086971,331.6610711,337.2879309,347.7247996,1033.578551,1134.324243,1227.295831,1322.294702,1362.803795,2006.802489,752.087801,849.7677151,927.32,1225.721,883.89,1010.87,1140.3,1265.6,1406.8,1462.2,1551.4,1608.49,1671.6,1728.8,1787.11,1774.06,1949.30565,1956.090165,1962.977126,1969.968081,1977.064599,1984.268274,1991.580725,1999.003594,2006.538549,2014.187281,2025,2036,2047,2058
Cameroon,0,0,0,0,0,0,0,0,0,0,0,0,0.01218,0.051054,2.961478,1.611226,0,1.321999,0.868855,19.138695,16.133273,22.181074,28.799838,32.798015,36.687589,405.895552,444.03195,510.08135,632.2776888,1104.233856,833.8627396,1093.21324,1739.45554,1256.64354,3396.30594,2016.68944,1896.67124,1941.05714,1041.53994,1064.11124,929.3253396,1993.25424,1070.51974,1280.7662,1576.4544,1610.8144,3396.73099,332.50391,92.54899,79.51366,166.7721617,44.7266682,109.3021939,221.7228076,69.0099232,50.5953421,353.0021677,1111.427811,132.721374,497.7038894,260.2203625,1722.037863
Central African Republic,0,0,0,0,0,0,0,0,0,0,0.390259,1.431715,2.857232,5.044441,7.879889,13.445459,21.878594,29.237699,30.716726,38.3298,54.12997,37.600024,33.72152,18.619143,7.578862,31.567211,3.801503,14.433297,60.368182,57.70153,203.519851,58.557615,78.93813,112.02189,178.28629,118.71618,135.09844,142.72384,162.44957,139.89131,127.44083,124.97107,187.79487,287.79988,347.3839,386.53702,386.868351,300.73719,292.0526,348.45482,259.5655193,193.8089284,199.1551296,214.2243769,212.2068575,226.05694,234.5217972,427.4276,248.9706358,254.7127925,292.8659021,348.1378632
Chad,0,0,0,0,0,0,0,0,0,0,1.836463,2.144935,3.264371,5.639182,7.534651,9.326071,12.035571,15.67598,22.529149,32.27576,37.69443,35.87198,29.911903,30.449832,42.76725445,59.64858,74.89333,93.91732,86.26652,146.42953,39.258706,30.529977,39.396821,43.51552,52.052177,115.142444,60.284651,49.115654,54.517111,55.110028,62.434062,78.346098,75.283878,73.09111,46.560815,49.775116,54.084681,65.45668,37.98179,39.65003,65.8214982,63.1095203,53.7286632,53.6343929,1533.479417,2315.154164,107.0510548,1294.564429,1573.312535,157.1162464,158,2346
Chile,0,17.8,0,15,109,90,66,0,0,0,0,53.5,562.6,399,560.3,281,0,0,0,0,0,0,0,2850,4317,8764,7602,7767.2,7602,7303,6494,0,0,0,0,0,0,0,0,0,0,0,0,0,0,0,0,0,0,0,0,0,0,0,0,0,0,0,0,0,0,0
Colombia,0,0,0,0,0,0,0,0,0,0,0,0,0,0,0,0,0,0,0,0,0.178,0.178,1.307,4.667,8.782,10.739,2.616,6.843,436.114,335.087,411.331,253.608,145.411,227.196,178.863,177.343,9.96,8.791,9.347,7.991,7.518,6.596,0.194,0.219,0,0,0,0,0,0,0,0,0,0,0,0,0,0,0,0,0,0
Comoros,,,,,,,,,,,,,,,,0,0.035129,0.389677,1.479199,2.552092,0.002,0.054,0.288,0.412,1.873433,2.28877,7.119565,14.51025,22.33332,55.14221,37.75339,34.06573,31.05538,48,43,36.9701,44.11042,45.73321,51.9496,57.92904,78.52203,83.12639,89.14777,92.30127,107.3117,103.0752,108.77135,102.196,28.16693,26,64.514688,23.3282639,51.3396811,127.3774968,5.2630456,6.1812338,7.3369878,9.587837,9.4189805,10.891731,8.981734,6
Rep. Of Congo (Brazzaville),0,0,0,0,0,0,0,0,0,0,1.553974,3.938959,7.56586,12.502086,14.661164,17.589567,27.09503,40.80354,49.9601,25.61427,14.272297,13.006507,34.57618,53.6232,78.8939,171.32348,870.72592,371.2091,661.7977,1052.5879,2550.7775,1202.0947,1540.7766,1921.6819,3114.6377,1488.7879,3247.1105,1599.4433,3018.4268,2238.124,2498.2125,2699.2866,3123.589,3680.509,7913.493,3415.8685,3487.91345,3926.2297,2252.3475,626.613,2777.889294,279.5747533,230.2639468,248.4185311,237.2115645,221.5738713,650.6267363,1358.218478,450.6262257,2121.391375,1713.680006,3772.3
Dem. Rep. of Congo (Kinshasa),336,368.81,388.5975,407.385,428.1725,449.96,0,0,0,0,0,0,0,0.285626,6.7,94.321012,413,554.6,1702.6,2241.5,1039,657.1,667.9904,1669.4,269.7324,551.9,683.9,1341.5,2070.901112,2956.57144,1729.328218,2456.703529,3826.944905,4752.131543,6087.834541,8118.764421,8268.196008,8172.03998,8981.46379,8549.632349,8623.299152,8618.419471,10419.90647,4401.597638,1353.83923,1407.064451,1606.540656,1720.416231,2046.365103,2326.654735,7868.116671,407.0988184,183.5156864,186.9815505,161.1140488,154.5596827,216.5724349,245.1355469,56.8617849,396.9171723,41.2270882,88
Cook Islands,0,0,0,0,0,0,0,0,0,0,0,0,0,0,0,0,0,0,0,0,0,0,0,0,0,0,0,0,0,0,0,0,0,0,0,46.35761589,49.19583728,52,54.964,0,0,0,0,0,0,0,0,0,0,0,0,0,0,0,0,0,0,0,0,0,0,0
Costa Rica,0,0,3,0,0,3,0,0,0,0,0,0.008,0,0.209,0,0,0,0.615,0.909,0.017,2.416,285.886,923.161,713,308.85,645,1786.784,2236.138,2527.822,1895,2534.98,473.506,197.708,192.948,206.224,184.325,137.472,120.266,110.64,98.551,96.466,93.449,86.457,86.369,2.443,1.808,2.024,0.099,0.311,0.306,0.337,0.338,0.34,0.345,0.321,0,0,0,0,0,0,0
Côte d’Ivoire,0,0,0,0,0,0,0,0,0,0,0,0,0,0,0.123298,0.178353,0.160974,0,0.039254,0.087,0.511,8.178,4.106,162.07011,906.575,436,1071,4448.644608,4282.262119,5511.595085,5861.46227,6233.645632,6662.445996,7779.664847,8965.753051,7457.531413,7469.43147,9219.541616,7619.943617,188.289478,3125.524021,3717.333683,4604.653,3717.8907,4620.289,5193.491,6126.3823,7230.639,6893.363,8296.472,3991.733341,4682.538,7447.581995,646.1085981,202.3412336,397.0773721,223.9816421,24.7251059,23.4933606,35.2871589,133.0205627,150
Croatia,,,,,,,,,,,,,,,,,,,,,,,,,,,,,,,,,1098,1268,1453,2620,2110,0,0,0,0,0,0,0,0,0,0,0,0,0,0,0,0,0,0,0,0,0,0,0,0,0
Cuba,69,288,25,25,25,0,0,0,0,0,0,0,0,0,0,0,0,0,0,0,0,0,800,917.2703492,678.8092648,807.594474,9420.371465,9774.719529,9895.54522,10915.23044,10365.86696,10543.56697,10783.47015,11063.3707,11531.27938,13225.63073,11840.51251,11748.2406,11859.06702,12134.34362,12293.37985,12182.65175,12599.46732,14220.44531,16673.49459,14550.75789,14822.3684,15233.98919,16168.08822,16370.86949,25627.44649,23174.53669,19177.78571,14788.59345,49247.20859,14003.6565,16551.08792,3975.990717,3823.553714,8109.010983,8008,10230.1839
Curaçao,,,,,,,,,,,,,,,,,,,,,,,,,,,,,,,,,,,,,,,,,,,,,,,,,,,1242.5,0,0,0,0,0,0,0,0,0,0,0
Cyprus,0,0,0,0,0,0,0,0,0,0,0,0,0,0,0,0,0,0,0,0,0,0,0,0,0,0,0,0,0,0,0,0,0,0,0,0,0,0,0,0,0,0,0,0,0,0,0,0,0,0,0,0,0,1698.236447,0,0,0,0,0,0,0,0
Czechoslovakia,3.7505,3.921,4.0915,4.262,4.4325,4.603,4.7735,4.944,5.1145,5.285,5.4555,5.626,5.7965,5.967,6.1375,6.308,6.4785,6.649,6.8195,6.99,7.1605,7.331,7.5015,7.672,7.8425,8.013,8.1835,0,0,0,0,0,0,,,,,,,,,,,,,,,,,,,,,,,,,,,,,
Djibouti,,,,,,,,,,,,,,,,,,0,0,0,0,0,0,0,0.75475,0,0.056471,0,0.048643,25.84458,1.30865,3.451803,6.106191,10.81339,13.42243,16.60651,18.87381,32.93713,26.79227,30.07135,31,32.2566,14.89967,25.02861,29.44953,32.01711,37.538045,46.36185,118.77849,13.830013,9.7713654,2.5121454,8.6292907,14.1989163,21.5494383,20.6673077,22.5299776,32.6241038,62.4302104,560.21391,644.8009708,274.071
Dominica ,,,,,,,,,,,,,,,,,,,0,0,0,0.2385,0.368106,0.004018,0.0037839,0,0,0.0620725,0.028,0.0198653,3.5203022,0.1560289,0.8844986,0.195892,0.2199806,2.2232301,3.7654412,0.4741323,0.4654059,0.4038227,0.4051462,0.3145867,96.6513313,150.0293838,150.5321096,67.2955452,67.5967688,60.4398072,63.0187013,63.7387031,47.7231601,47.391,52.892,8.1178876,8.2150675,8.093,7.2746449,7.217,8.071,9.054,12.222,16.222
Dominican Republic,1,13.5,15,34,61,4,24,47,39,19,0.729,3.021,4.26,1.734,2.267,4.156,9.208,17.372,19.346,11.42,26.0717616,34.036758,564.3404387,572.8679681,235.3124542,1082,990.5055354,1207.439199,1389.508484,1550.542797,1958.624156,2119.283981,1634.602984,1741.238334,1663,546.205,569.9317247,548.6501357,476.5456796,489.0165274,98.0708367,85.9713341,113.9298785,650.6924261,312.452,1570.931,51.5816394,22.056117,17.5360269,0.0803545,0.107067,0.3607272,0.3785475,0.4261971,2.5389305,2089.586464,2.5884399,14.0553191,6.885,6.885,23.073,6.885
Ecuador,0,0,0,0,0,0,0,0,0,0,0,0,0.473,0,0,0,1.285007,34.67124,8.882704,234.2605,24.32479,166.6332,2643.4417,2978.607,3503.4192,4766.97,1113.3184,5726.49243,6114.8176,6278.467181,6583.215765,7136.179309,7485.283806,7103.411789,6907.886494,7199.74281,98.855301,382.065414,189.0530502,8051.593722,7672.119237,15.092628,12.827163,85.819,37.52704,36.93427,11.1796,12.08003,3230.90033,3316.14713,50.6228231,98.1172671,188.1123554,201.8432745,194.7808161,209.7246493,224.6795474,1256.61672,256.6416451,269.4449232,19575.6119,250.0539232
Egypt,0,0,0,0,277,560,211.5,62.2,152.8,211,86.321,70.141,90.779,25.605,39.662,22.073,124.981,7105.5,95.51,345.53,484.27,641.921,977.565,1484.128,2721.969,4578.438,13706.771,10882.292,8345.556,11196.253,18005.133,23529.016,877.651,724.422,543.1,516.029,366.746,180.873,103.104,113.559,52.63,4.287,2.366,3.98,7.751,10.956,3.159,2.968,2.198,2.618,0.0030801,0.0015353,0,0.00308,0.0014488,0.0013857,0,0,1.4222306,0.9144077,2.857,0
El Salvador,0,0,0,0,0,0,0,0,0,0,0,0,0,0,0,0,0,0,0,0.072,0,604.4,568.909,533.567,542.308,464.522,221.511,208.564,199.255,226.386,251.25,146.957321,105.6953043,740.0185402,59.586,51.43172727,54.14988506,15.243,5.784,1.476,16.999,0,0,0,0,0,0,0,2.57,0,0,0,0,0,0,0,0,6033,0,0,0,0
Equatorial Guinea,,,,,,,,,0,0,0,0,0,0,0,0,0,0,0,0,0,2,9.26,16.11,36.33,38,5.8,13.4,23.1,40,13.4,16.8,4.6,46,51,27,33.9,35.7,12.4,63,98,85,72,64,4.1,30,0,75,0,0,0,0,0,0,0,0,0,949,117,150,157,1173
Eritrea,,,,,,,,,,,,,,,,,,,,,,,,,,,,,,,,,,0,0,0,0,0,0,0,6.816805,4.121,7.943,16.29411,29.75162,15.464119,24.924498,47.979039,33.7435,22.846491,22.4896336,28.6893541,56.4361531,82.7657299,109.1391921,129.1295629,153.7613754,184.4540837,211.8277428,241.4786665,276.1158195,317.1277049
Ethiopia,0,0,0,0,0,0,0,0,0,0,0.455,0.423261,0.772724,0.068228,0.125455,0.320752,1.201672,1.261873,0.811,1.711364,1.125,1.283953,1.356151,1.221464,1.290765,1.416306,1.137,54.11032,15.693944,68.51748,278.92399,1087.4143,2373.471,2517.8305,3259.0126,4099.5904,4801.6143,5596.2293,5828.3854,1448.3972,717.09222,670.62898,675.74153,636.0477,2058.95205,727.7503,420.393249,405.27075,404.727284,404.725577,402.8445699,393.438174,382.2046173,382.962783,382.8863176,382.6311869,382.5952323,383.9355266,3691.667458,501.5028969,493.492616,694
Fiji,,,,,,,,,,,0,0,0,0,0,0,0.030419,0.194038,0,0.699932,0.298125,0,0.001,0,0,0,0,0,0,0,0.019086,0.045591,0.065389,0.080638,0.110704,0.139309,0.150359,0.147964,0.203015,0.194892,0.199127,0.213665,0.557764,0.723891,0.400457,0.370426,2.9927289,4.050474,2.571763,3.700503,0.1062445,0.4759359,0.2115646,0.6199867,0.028,0,0,0,0,0,10.5455667,29
Gabon,0,0,0,0,0,0,0,0,0,0,0,0,0,0,0,0.182875,0.049149,0,60,0,0.028059,1.52674,5.076138,0.401199,0.089712,0.290873,128.22163,370.587561,462.354841,1003.943572,719.6204406,925.0914,890.9383,1291.7051,2066.0824,1061.21557,333.702953,237.866306,266.340002,269.594954,978.71864,243.2004,139.27437,795.60178,1142.68663,856.92535,1104.303125,2355.96926,32.884771,10.095221,8.5105797,9.2354855,10.9583824,15.2550166,0,25.4379364,177.4045485,1408.09216,105.1186027,75.4766458,213.2377577,889
The Gambia,,,,,,0,0,0,0,0,0,0,0,0,0,0,0,0.015202,0.037746,0,0.293921,0.574286,2.424911,4.946883,11.380642,56.86037403,67.6018202,11.626441,28.834693,11.362513,1.481691,2.151371,2.19823,4.464491,6.397059,2.885492,2.045162,1.148508,0.871921,1.429024,2.147324,8.501854,12.76952,21.84055,24.08307,21.40546,22.875175,18.6148,26.1,20.90349,24.9200072,21.1970676,25.1702971,21.1117511,14.2966188,7.6364402,1.881009,16.9886074,35.5568313,23.1685057,38.9135686,36.134
Georgia,,,,,,,,,,,,,,,,,,,,,,,,,,,,,,,,0,1.1,0.2,58.35468,272.5887,449.2671,150.8251,59.17679,113.4262,180.6694,299,350.1591,320.6131,260,218.8315,217.11764,39.81837,35.365,35.365,35.365,35.365,35.6750971,51.2120252,35.365,35.365,35.365,35.365,7.295,7.295,7.295,7.295
Ghana,0,0,0,0,0,116,178.65,57,246,50,43.44214,34.71794,76.11708,112.68012,221.26566,54.96482,34.11602,38.35984,28.606257,924.62383,9.287515,18.316591,2553.047305,17.894639,29.699199,44.13919,54.115388,76.11805,77.44824,113.48198,132.97018,167.23686,121.9357,158.64018,150.98286,117.10605,134.78825,27.13113,79.17143,107.99444,111.11073,411.3553,293.99185,219.76514,1640.86538,61.43579,85.258045,172.45424,22.885274,77.36774,81.9378229,139.7611347,214.6582771,468.6095801,347.8325365,568.032916,587.9478654,843.3314446,1134.607832,1132.569637,1141.389967,1125
Greece,368.6016,377.7548,386.908,301.0812,307.6444,314.2076,0,0,0,0,0,0,0,0,0,0,0,0,0,0,0,0,0,0,0,0,0,0,0,0,0,0,0,0,0,0,0,0,0,0,0,0,0,0,0,0,0,0,0,0,0,0,312420,212819,0,2222,0,0,110938,0,0,0
Grenada,,,,,,,,,,,,,,,0,0,0,0,0,0,0,0.415,0.415,0.726751,2.608903,6.948624,8.862008,14.429374,18.651787,25.49299,37.88492,45.26637,43.29384,43.44495,45.24962,46.90871,49.37198,17.289165,16.849014,20.319461,19.248351,19.466836,18.923043,17.939772,303.12097,329.587991,32.326361,37.64606,50.13954,59.48124,41.6504024,45.2761322,80.6103986,348.3133269,377.9477019,419.0259849,163.1036594,76.9415648,32.331,34.4791215,37.9772365,48.784
Guatemala,0,0,0,0,0,0,0,0,0,0,0,0,0,0,0,0,0,0,0,0,0,0,0,0.25,18.07,76.56,233.19,329.78,324.18,915.08,506.47,533.54,519.77,907.98,447.82,477.85,488.26,474.94,461.32,492.23,541.09,580.26,522.08,535,548.76,544.9,538,0.03,0,0,0,0,0.0040193,0.389,0,0,0,0,0,0,0,0
Guinea,0,0,0,0,0,29,0,7,9,9,21.63999,41.88361,62.846,95.89606,129.62462,157.77279,172.31241,200.73042,242.93898,249.02305,134.27115,160.13993,191.14829,207.31389,201.51857,261.209,225.89437,211.6683,304.2214,654.90685,319.28022,344.6338,486.89056,413.12979,565.3299,628.11721,534.94744,605.77425,697.7782,575.1535,491.9947,428.806,425.2547,429.5611,406.74285,404.73116,417.43968,430.81676,429.24261,214.15398,248.2491204,157.8164933,2064.169918,86.7557312,85.3553612,84.2352701,83.769119,85.0408276,84.7399954,84.7093358,118.4971571,128.9306143
Guinea-Bissau,,,,,,,,,,,,,,,0,0,0.107,0.217,0.621763,2.320413,5.404953,15.544164,28.114089,32.6941,26.786399,37.532021,48.34625,50.999177,49.994865,117.39026,163.17352,180.67218,224.90274,272.40372,341.21031,354.88451,381.9019,226.6426,254.0876,283.0411,307.1729,323,354.2438,398.2614,557.2065,384.4077,384.14276,393.7007,424.4279,472.819,491.7601967,839.176438,74.061,74.094,74.083,74.138,74.161231,77.0637861,67.6598158,68.083313,69.9199315,76.8
Guyana,,,,,,,0,0,0,0,0,0,0.538,0.768,2.157,3.46,17.02308,25.08174,39.25361,106.09034,77.83819,82.35061,131.19221,172.13773,293.0332437,373.5125104,458.2725903,608.4057255,659.3522532,786.6105414,616.9980593,348.0575,238.0197,194.01178,205.93676,248.85511,919.17708,195.44817,176.51668,449,146.80724,154.62161,163.2113,190.05681,196.64245,249.35398,172.0739916,240.698761,183.20907,174.77818,185.2475008,189.0590515,192.7961323,474.4171031,313.3312187,246.2984403,170.754481,164.7881728,166.6832126,97.8542239,239.0133236,87.75715
Haiti,1,1,1,27,27,29,0.2,3.55,4.2,5.5,4.32,4.32,4.326,4.052,0.054,2.99,0,0,0,0,0,0.149991,2.689112,9.765266,17.59743,29.93381,38.50497,41.68147,104.5191179,100.6966119,66.62374,230.7949,84.97211,179.5946367,207.0539422,199.645,5.171746,3.851,2.88,3.203,3.46032,12.017,38.139,88.0212,89,36.4845,69,51.27798,19.4729,161,773.852047,557.4025468,6.7403149,9.4164768,6.1150085,19.7143732,3.8193241,10.1170906,3.8278244,94.8865336,2.4920028,128
Honduras,0,0,0,0,0,0,0,0,0,0,0,0,0,0,0,0,0,0.25,1.01,2.6,2.683,16.052809,98.230143,112.22946,382.42835,285.30755,360.68193,435.71351,523.9973353,600.7022694,660.5180641,744.4214,306.805,390.6468,342.9063,292.9637,314.5076,353.84587,248.725,529.1521,260.837,190.3066,187.14081,229.01433,481.1294,780.71145,285.355816,172.058103,69.562327,48.258266,48.6027556,115.2472193,26.8689059,26.2160986,23.6100135,19.6651527,13.953645,18.0704508,13.798795,11.995,13.133,14.387
Hungary,144.8484,147.7476,150.6468,153.546,156.4452,159.3444,162.2436,148.7944,51.59,52.476,53.362,54.248,55.134,56.02,56.906,57.792,0,0,0,0,0,0,0,0,0,0,0,0,0,0,0,0,0,0,0,0,0,0,0,0,0,0,0,0,0,0,0,0,0,9.2,0,0,0,0,0,0,0,0,0,0,0,0
India,0,0,0,0,0,0,0,30,403,0,0,0,153,187,194,228,169,0,0,0,0,0,0,0,0,0,0,0,0,0,0,0,3,9301.1,0,0,0,0,0,0,0,0,0,0,0,0,0,0,0,0,0,0,0,0,0,0,0,0,0,0,0,0
Indonesia,0,0,0,0,0,0,810,260,333,957,3561.285,202.189,207.584,168.2,171,174,177,180,183,186,189,192,195,198,201,267.143,274.331,295.701,286.893,286.533,220.296,1.24,1.155,1.135,4200,0,0,0.032,4176,4351.492,6295,1890.704,6976,2294.145,0,2704,92.259,0,0,0,0,0,231.364,0,5.068,0,0.2756758,0,0,0,0,0
Iran,0,0,0,0,0,0,0,0,0,0,0,0,0,0,0,0,0,0,0,0,0.914,195.6384,528.99178,926.854,1282.07658,1603.09215,1831.34027,1947.34058,1960.65903,2017.6886,1975.02145,1945.162558,41.04742,39.78049,52.34457,55.50451,34.83103,38.97864,34.65745,33.26753,0,0,0,0,0,0,0,0,0,0,0,39.4200306,26.1148862,79,0,0,99.7207291,39.742659,46.8636129,255.9613495,430.2725947,490
Iraq,0,0,0,0,0,0,0,0,0,0,0,0,0,0,0,0,0,0,0,0,0,0,0,0,0,0,0,0,5780.696,6393.449776,8256.614404,7548.62187,7968.813329,10204.85718,8897.287824,9583.759137,10248.55054,10987.96562,11757.64139,12565.45457,13561.63525,14260.3156,101235.2122,106631.8955,110052.3969,111341.2807,99176.56107,66007,56182,50500,50500,40000,40000,40000,40000,40000,40000,40000,40000,40000,48272,43200
Ireland,0,0,0,0,0,0,0,0,0,0,0,0,0,0,0,0,0,0,0,0,0,0,0,0,0,0,0,0,0,0,0,0,0,0,0,0,0,0,0,0,0,0,0,0,0,0,0,0,0,0,0,0,0,88290,0,0,0,0,0,0,0,0
Jamaica,,,0,0,0,0,0,0,0,0,0.014943,0,0,0.983076,0.554,0.357,0.357,0,63,149.054236,28.59748,152.45151,130.119645,267.97407,376.130565,478.390784,961.1897419,1432.432983,503,621.8233,653,917,643.7208,742,419.94915,406.23875,298.34252,230.91913,236.68436,285.15491,284.55301,232.51565,261.38518,321.3561,355.2906,369.02833,437.84602,432.6991,404.7144,386.96491,7954.897674,614.7126079,213.8314739,8994.823204,136.3902981,45.4798064,89.946812,367.910716,79.6955329,79.5902724,21.3168074,20
Jordan,0,0,0,0,0,0,0,0,0,0,0.28,3.49904,6.0634,7.65327,10.65472,13.22784,17.02541,19.6672,22.4712,25.95749,26.99271,28.24966,30.24722,30.15388,8.929624,9.364,10.3,22.072466,66.13884,1056.4578,985.312,1143.3801,2025.918,1740.2571,1321.3039,931.7904,726.168,996.8625,532.52467,895.79735,562.78164,696.1315,1219.60648,507.57668,320.20781,237.40665,244.59849,2522.23181,2137.19588,17.42303,17.9294452,20.6543543,17.3748236,17.6782337,17.5796609,17.6424891,17.437516,17.5002655,115.3268341,17.6391737,17.4629392,18
Kazakhstan,,,,,,,,,,,,,,,,,,,,,,,,,,,,,,,,0,0,21.47,105.3,161.72,0,0,103.8,203.4,0,22.342,0,0,0,0,0,0,0,0,0,0,0,0,1010.427,0.659,573.931,687.482,568.841,428.998,756.526,500
Kenya,,,,0,0,0,0,0,0,0,0.3,0,0.011741,0.004646,0,0.047668,0.634124,1.142,1.713,2.284,5.664791,8.048881,9.57393,10.412123,11.030312,14.948662,23.517726,40.851234,65.89867,549.16361,258.1379,361.5482,481.5446,652.4678,1008.9547,37.47462,24.711428,109.59962,164.08633,246.77752,434.957,277.3666,183.24529,56.63076,388.95375,268.9352,472.48853,365.20109,337.43834,348.82569,353.2672727,363.7058345,334.1163603,301.7018204,252.7944057,237.6092472,301.0042172,299.4475149,359.3841311,259.7626998,858.4342581,1439.474
Korea (North),0,0,0,0,0,0,0,0,0,0,0,0,0,0,0,,,,,,,,,,417.1078799,552.1582046,747.6652152,983.2953542,926.031361,973.9214632,1251.112039,1312.842609,1644.493073,1467.565666,1756.039017,2077.363222,1972.92761,1837.321377,1935.421059,1836.308118,1822.473834,1848.405841,2313.644512,2815.190719,3135.771645,2821.664928,3208.609102,3662.270194,13380.96852,13980.43716,14022.43888,14302.24815,24704.01269,15225.0208,6843.50833,6482.937,6197.911851,6548.074852,6194.663073,5988.617533,6366.662995,6111.364697
Kosovo,,,,,,,,,,,,,,,,,,,,,,,,,,,,,,,,,,,,,,,,,,,,,,,,,,,,,,,,,,,,,,
Kyrgyz Republic,,,,,,,,,,,,,,,,,,,,,,,,,,,,,,,,0,0,0.900304,24.42291,21.7476,91.70198,1.114485,0,32.02811,60.91209,66.863476,104.376753,45.036381,48.753549,555.899061,11.117075,22.43666,16.71572,17.27339,18.2567847,9.7947747,61.4277035,196.7591381,18.2230816,0.0554292,44.9942444,30.0569654,240,0,0,0
Latvia,,,,,,,,,,,,,,,,,,,,,,,,,,,,,,,,0,0,0,0,0,0,0,0,0,0,0,0,0,0,0,0,0,0,11.44,0,0,0,0,0,0,0,0,0,0,0,0
Laos,0,0,0,0,0,0,0,0,0,0,0,0,0.225,0.273,0.128,0.608789,156.117619,1.800955,3.186875,4.261803,5.508845,5.300848,5.24652,4.867941,4.777536,6.752095,8.766914,12.713977,0.668,0.254,1.021,1291.919,0.4,0,0,0,1.584,1.659,0.696,0.984,1.22,0.017,0,905,0,0,45,0,0,0,0,0,0.0026388,0.0027582,0.0024282,0.0021774,0.0021082,0.0023986,0.00229,0.0022468,0.0024542,0.0024542
Lebanon,0,0,0,0,0,0,0,0,0,0,0,0,0,0,0,0,0.3,0,0,0,0,0,8.265,17.933,27.551,37.084,47.129,64.254,96.244,130.399,171.307,183.431,77.798,71.976,59.595,51.299,0,0,0,0,0,0,0.125,0,0,0,0,0,0,0,0,0,0,0,0,0,0,0,0,0,37502.042,39956.634
Lesotho,,,,,,,0,0,0,0,0,0,0,0,0,0,0,0,0,0.000578,0,0,0,0,0,0.195758,0.043939,0.037663,0.04057,0.033,8.121312,3.69621,5.575755,12.051992,2.884411,0,0,0,0.063361,0,0,4.6,0,0,0,0,0,5.850245,1.439697,0.001568,0,0,0,0.0702472,0.216046,0.1321607,0.3750295,0.1768764,12.1338882,0.30163,4.3598053,0.3458657
Liberia,0,0,0,122,0,0,0,0,112,5,0,0.078,0.077,0.134,0.241,0.047,0.054,0.126,1.275,1.798,37.3,43.9,60.647,71.3,113.25,469.5543377,838.9215011,1447.106003,1700.48316,1199.745481,1811.88949,2052.633958,2111.683637,2222.083767,2467.863295,2653.555293,2721.975855,2742.939776,2972.005951,3030.93858,3371.35974,3736.841627,3972.656695,4425.716349,4726.40813,4792.851671,5181.650405,4948.55599,4064.619692,1765.684982,2883,110.3859777,121.0419446,92.0248,78.6148345,78.596,88.596,78.596,75.876,65.2866958,85,35
Libya,,,,,,,,,,,,,,,,,,,,,,,,,,,,,,,,,,,,,,,,,,,,,441,,,,4500,,,3200,3200,3200,3200,3200,3200,3200,3200,3200,3200,3200
North Macedonia,,,,,,,,,,,,,,,,,,,,,,,,,,,,,,,,,1427.688574,610.0177387,515.6065311,614.2147985,387.141,665.993,5.192,0.048,664,11.395,21.94,9.934,25.209,1.178,0,0,0.168,0.548,2.7647599,1.4526098,0.0605076,0.4249151,0.3739428,0.3353196,0.1760347,0.5372864,0.59311,0.4516068,0,0
Madagascar,0,0,0,0,0,0,0,0,0,0,0,0,0.068,0.068,0.511,0.5758758,0.511,0.6857518,0.911,2.0757678,47.4086891,277,245.1726288,238.8730677,374,323,395,356.443165,346.376544,789.8828527,656,635.0243482,859.3152333,1299.562329,1402.213921,1685.651107,1764.977242,1646.490621,802.7860812,805.108794,869.6241773,951.206983,1248.669365,855.2272861,1717.268194,407.9564053,434.0270778,440.1752535,394.9206975,384.2571938,383.1319363,383.1534923,461.5173586,332.1605159,216.8829973,180.0787712,173.7730202,96.5096908,93.0720139,93.3356261,95.6964202,96
Malawi,,,,,0,0,0,0,0,0,0,0,0,0,0,0,0,0,0,0,3.9559896,0.377784,71.0483708,87,0,1.6966639,1.1002297,28.0763408,55,47.0056014,76.3518285,7.6271456,5.2177308,8.2821797,15.9104695,8.6490815,20.1955732,20.0991511,51.2143714,71.5450647,109.1909258,159.5735801,115.2386967,130.9982647,93.0523205,102.0928632,355,4.1983097,16.2739896,1.071,0.823,0.974,1.493,6.3563817,11.5562441,2.6327148,3.3307893,11.9852341,4.9965232,5.3478019,5.6416109,6.129
Maldives,,,,,,0,0,0,0,0,0,0,0,0,0,0,0,0,0.0110376,0.0155544,0,0,0,0,0,0,0,0,0,0,0,0,0,0,0,0,0,0,0,0,0,0,0,0.0906125,0.5462975,0.3077795,0.2019713,0.0023801,10.2069212,9.7726959,5.1200051,6.4518175,6.6203973,15.721815,9.5627939,3.2929708,1.7622674,0.5128385,1.8141746,14.2668201,651.7553024,282.5
Mali,0,0,0,0,26,0,0,0,0,0,10.9416846,16.108864,21.451767,28.1431348,34.2730196,38.9969126,60.1225012,85.9240192,116.9835262,141.3663022,76.1517899,7.3098461,10.7099286,16.5315821,90.9023784,98.7245919,58.0954591,81.5248557,57.8258791,35.4307555,85.0320151,204.1102972,335.2301762,259.1844606,707.1147889,369.9667093,477.210058,674.8332377,598.819709,589.6453359,662.789587,639.0938651,664.2241465,155,130.1212213,117.4911291,1994.567456,138.1248214,50.3875484,493.7318897,0.8542009,80.4768114,100.4823443,105.9812566,114.7695687,140.6248882,140.5296768,147.0201482,141.7525057,120.1570999,125.4105322,135.3178189
Mauritania,0,0,0,0,0,0,0,0,0,1,0,0.012634,0.293475,0.6871466,0.2414219,0.7352834,0.5372542,3.8631721,32.3802992,23.5771358,54.2688063,32.1359432,39.6705038,59.0277725,103.9522609,86.4774356,96.2754315,110.3117566,144.4004357,290.9761927,273.4709629,307.2352047,401.7408098,696.2918686,328.6329168,312.2620475,382.9488015,291.4038563,401.9362072,489.1045454,542.1421113,361.2037638,557.4433969,528.1948762,359.7664311,301.5271956,1197.544734,1253.638766,1267.685216,1191.894634,1169.993646,1057.28719,1054.854423,1054.536337,1048.40093,1045.01769,1044.216073,1045.508178,1045.00224,1045.154973,1166.243123,1300.8
Mauritius,,,,,,,,,0,0,0,0.0306276,0.0727911,0,0,0,0,0.3931389,0.313313,0.6743647,2.2969115,3.0371964,0,0,0.1561275,0,0,0,0.1109353,3.0392575,7.5959825,11.0684395,10.2738512,12.7492737,2.7614447,0.8479723,0.0579468,0.6305126,0,0,0,0,0,0,0,0,0,0,0,0,0,0.0155882,3.6999385,4.2598451,6.7403816,7.5742309,6.4386259,8.3805269,0.10305,11.7219612,5.8007522,11
Mexico,0,0,0,0,0,0,0,0,0,0,0,0,0,0,0,0,0,0,0.6,1.9,0,11.3,19357.7,24667.8,19223.9,28600,45500,52300,51902.9,50635.5,54300,0,0,0,0,0,0,0,0,0,0,0,0,0,0,0,0,0,0,0,0,0,0,32,91,0,123,0,15,6,8,0
Moldova,,,,,,,,,,,,,,,,,,,,,,,,,,,,,,,,0,0,5.8684194,24.9093491,46.6022874,119.3734793,15.6314177,104.6279299,238.9561716,132.7415337,40.5853734,94.3108359,124.6865131,157.153514,134.0095813,322.9598116,144.6019854,150.2641479,210.153,208.566,230.453,293.823,311.168,332.167,443.4783327,392.485,314.358,334.276,290.92,399.267,300
Mongolia,,,,,,,,,,,,,,,,,,,,,,,,,,,,,,,,,7.6769838,18.0325298,16.5593214,4.1072403,4.5239274,63.6808235,68.6336012,87.5549836,77.3345105,77.1890682,18,18.4950686,27.294859,20.8672869,41.9719699,25.6147206,26.1305661,9.7012344,10.6353768,10.6206823,15.7883612,18.0139712,8.8287302,8.9410768,8.9296095,2200.147583,10.2283671,10.7783137,1817.474095,15
Montenegro,,,,,,,,,,,,,,,,,,,,,,,,,,,,,,,,,,,,,,,,,,,,0,0,0,0.172,205.349,0,0.009,0,15.4970146,1.173689,0,0,0,0,0,0,0,0,0
Morocco,0,0,0,0,0,0,0,0,0,0,0.022,0,0.134,0.148,0.348,0.236,0.989,0.232,0.529,0.263,5.384,51.466,27.38,1277.707,1638.368,1265.676,1489.007,3879.148,940.004,1668.481,6349.639,3954.76,1546.149,247.239,231.414,230.319,277.512,315.901,333.357,552.369,774.361,657.223,654.655,19.372,22.585,3.363,3.62,1.816,0.807,0,0,0.0046058,0,0,0,0,0,0.0085448,0.0083447,0.0649928,20.7967724,0
Mozambique,,,,,,,,,,,,,,,,0,0,0,0,0,750,0,0,0,143.2719734,285.0812589,588.3391069,1098.14307,794.4530442,1009.352749,1450.281632,1337.899293,1173.464376,1044.644249,1204.469704,1828.404621,1549.872202,1666.398874,1629.481185,1864.69549,1148.736006,2803.774439,805.7935545,907.6619038,1003.388242,1017.903039,971.8140304,1090.343979,882.3820176,905.4561342,1404.903042,852.174984,391.4449726,609.8644163,319.0378389,431.9303244,1774.310218,4765.720965,3061.06164,3236.448944,3463.621356,3550.047962
Myanmar,0,0,0,0,384,0,0,0,0,0,0,0,0,0,0,0,0.03,0.062,0.096,0.13,0.164,0.198,0.232,0.229,0.227,384.9366535,57.9101473,1448.792981,257.8687991,332.6524501,579.9103624,884.7384002,1129.172098,1398.912955,1811.414847,1710.586605,1656.806405,1740.887554,1989.335641,2314.773017,2293.875368,2442.784608,3069.03621,3714.089743,3958.924111,3927.309441,4261.825886,5029.300749,5394.089994,5799.779636,6143.216888,6449.041966,10901.43599,2563.709983,668.776471,647.6924172,664.8162337,660.9293339,799.7039761,633.4250975,919.9764503,1000
Namibia,,,,,,,,,,,,,,,,,,,,,,,,,,,,,,,0,0,0,0,0,0,0,6.317365269,0,0,0,0,0,0,0,0,0,0,0,0,0,0,0,0,0,0,0,0,0,0,0,0
Nauru,,,,,,,,,0,0,0,0,0,0,0,0,0,0,0,0,0,0,0,0,0,0,0,0,0,0,0,0,0,0,15.02008032,75.82618616,69.75661886,66.50732169,65.00058783,78.93404095,87.57212163,83.91675112,85.37902639,109.1414321,293.3001707,109.7912378,108.2167826,110.9957566,127.1452627,145.2642804,160.305337,182.3789442,187.9040442,158.4191538,150.5996323,135.3789495,155.0810395,154.4510815,161.1099782,168.0022106,181,167.703779
Nepal,0,0,0,0,0,0,0,0,0,0,0,0,0,0,0,0,0,0,0,0,0,0,0,0,0,0,1.835,4.58,5.636,7.969,10.427,19.858,14.103,9.578,7.601,10.004,11.718,9.989,10.123,2.87,0.12,0.078,0,0,0,0,0,0,0,0,0.3680279,0,4.6499287,0,0,0,0,0,0,0,12.5497646,0
Nicaragua,0,0,0,0,0,0,0,0,0,0,0,0,0,0.13,0,1.1567848,4.8751903,11.848888,93.0069812,429.0507081,626.5065359,204.3922593,111.7263334,322.6497993,500.1511084,714.6325203,1070.858944,1758.352996,2744.170659,3297.121364,4200.445946,5117.887792,4741.04099,5243.020268,6396.900351,8193.280733,3605.545572,2460.162181,2907.141137,2637.818868,2834.627448,2862.199259,2695.53934,3009.992522,2781.674114,2288.313319,2267.127914,2732.958384,2647.889163,957.0979381,983.2823525,975.605196,1002.925495,1014.598298,1019.431886,1149.609823,1040.004129,1088.674795,1069.04431,1092.096337,1107.442341,1122
Niger,0,0,0,0,0,0,0,0,0,0,0,0.1204485,0.2584658,0.3842548,0.5265579,0.7675841,0.8517139,0.2388073,0.7943964,1.3271231,1.5662176,2.567717,1.1728833,35.1163327,62.3043473,40.4679207,78.0274208,115.8412671,187.1225504,446.414461,317.4102635,243.8159365,133.5775495,200.0158678,290.1027558,131.9440735,171,117.0834345,119.5526193,151.1425747,161.8877039,259,193.993753,92.4877642,337,115.8731556,95.5981722,88.8754803,120.1269871,80.3991213,91.4038175,96.5438268,99.5173086,103.8111189,111.8857025,56.2403724,60.8331561,101.5716579,298.4404557,187.1810696,118.6135068,125
Nigeria,0,0,0,0,0,0,0,290,0,0,114.156,0.254,9.728,7.501,6.096,4.03,2.64,0.323,0.471,0.03,0.301,4.543,1747.2135,1953.214,7051.842,1190.502,10987,11725.4405,13305.80723,13221,7802.466,9127,18444.176,6334.476,9647.153,12914.653,15287.053,15807.482,17877.345,18328.912,25957.705,26012.705,26303.716,27806.337,29341.503,30096,10890.964,0,0,0,0,0.0015353,0,23.51958,0.370046,0.104,0,0,0,0.713,0.0057611,0
Pakistan,15,0,0,0,0,0,0,0,0,0,0,0,234,107,650,182,186,228,312,80,195,260,35,28,25,0,0,0,0,19.724,16.075,10.134,0,0,0,0,0,0,1777.906402,4920,1093.717527,14501.47257,1082.958675,722.2797808,481.9995285,0,0,1.3,4.81,0,0,0,0,0,0,0,0,0,0,12.2558124,1042.760875,6000
Palau,,,,,,,,,,,,,,,,,,,,,,,,,,,,,,,,,,,,,,,,,0,0,3.1,0,11,11,11,11,11,11,11,13.6,14.6,15.5,16.5,16.5,12.6,8,4,3.3,10.3,9
Panama,0,0,0,0,0,0,0,0,0,0,15,0,0,0,0,0,0,0,0,0,0.8,0.1,1.5,218.7,218.25,603.2,662.7,3072.905081,3594.863802,4106.923058,4898.901458,4988.967955,4424.701321,4406.084323,4663.966698,4084.516,4588.04,1499.91,239.76,160.16,598.4,365.55,534.21,176.36,16.31,0,202.93,0.01,28,0,0,0,0,0,0,0,0,0,0,0,0,0
Papua New Guinea,,,,,,,,,,,,,,,,0,0,0,0,0,0,0,0,0,0,0,0,0,0,0,0,0,0,0,0,0,9.448,0,0.211,0,0,0,1.118,0,0,0,0,0,0,0,0,0,0,0.4576531,1.477215,1.8130941,213.2963583,336.4278261,622.1146133,21.4437641,23.0449696,83
Paraguay,0,0,0,0,0,0,0,0,0,0,1.532,1.604,1.915,1.759,1.716,1.695,1.797,2.273,4.735,3.34,1.846,1.317,6.632,15.975,26.922,64.278,468.642,482.5048753,512.8216261,1110.452019,1130.40108,489.976,346.068,125.467,105.476,67.348,62.758,71.567,77.275,65.587,66.234,51.543,66.476,221.981,147.187,7.601,7.848,7.854,8.713,7.179,7.235,7.157,7.161,7.111,0,165.525,0,0,0,0,0,0
Peru,0,0,0,0,0,0,0,0,248,100,346.8,0,0,0,0,0,387,0,864,1189,386.013,33.92936967,88.30584527,2788.155828,3143.831124,4118.281201,6769.725058,8245.681913,10129.93607,11409.04867,13410.49856,15331.99393,10415.2601,11873.12869,9092.33725,11863.793,17698,11337.753,4893.714,501.263,43.071,62.807,1283.234,88.171,74.328,92.628,77.604,2428.832,926.154,64.053,1890.995585,47.2698354,17.1235735,3.3640145,493.7483683,350.888,610.693,0,0,0,0,0
Philippines,0,0,0,0,0,0,0,0,0,0,274.9,0,0,0,0,0,0.117,0.143,0.177,0.548,0.494,0.484,0.718,4259.182,5870.583,5568.06,10821.046,12854.295,3098.957,6499.394,14073.754,12434.841,8353.633,281.13,585,0,0,0,1.65,1004.146,1.289,1.289,1.289,1.289,0,1.392,1.839,0.125,0.597,0,0,0,0,0,0,0,0,0,0,0,0,0
Poland,88.969,90.965,92.961,94.957,96.953,98.949,100.945,102.941,104.937,106.933,108.929,110.925,112.921,114.917,116.913,118.909,7.054716,0,0,0,0,3863.578,1956,2225,1390,13050,6993.4,24730.5,13090.8,10933.7,21380.5,48597.6,16190,13360.3,14254.6,760.8,29.2,29,2.8,96,120.8,2.9,2.2,0,0,0,0,0,0,0,0,0,0,0,0,0,0,0,0,0,0,0
Portugal,0,0,0,0,0,0,0,0,0,0,0,0,0,0,0,0,0,0,0,0,0,0,0,0,0,0,0,0,0,0,0,0,0,0,0,0,0,0,0,0,0,0,0,0,0,0,0,0,0,0,0,0,0,52712,0,0,0,0,0,0,0,0
Puerto Rico,0,0,0,0,0,0,0,0,0,0,0,0,0,0,0,0,0,0,0,0,0,0,0,0,0,0,0,0,0,0,0,0,0,0,0,0,0,0,0,0,0,0,0,0,0,0,0,0,0,0,0,0,0,0,0,1103,25904,46602,49951,53300,56649,59998
Romania,272.756922,279.622122,286.487322,293.352522,300.217722,307.082922,313.948122,309.657082,316.324682,322.992282,329.366156,340.21014,341.173446,347.194314,354.13588,350.897694,54.325488,0,0,0,95,1359.099,2021.5,693,0,0,1839.789782,177,0,0,0,0,0,0,0,0,0,0.204,65.197,66.243903,28.0976698,119.5341102,123.9226319,39.2721357,73.2944941,269.7982537,264.2652489,261.1932454,18.3329889,39.3990172,39.3080172,39.3027634,1.2539164,1.1942746,1.8738856,1.7966392,1.7753256,1.8647688,4.9037964,4.7087404,4.7093626,4.7093626
Rwanda,,,0,0,0,0,0,0,0,0,0,0,0,0,0,0,0.045291,0.0009501,0,0.008663,0.0158244,0,0,0,0.476,0,0.6167988,3.3264357,7.2182944,85.3402076,9.8868097,13.2371708,21.3705288,34.2860627,56.464321,141.6811481,75.8236512,96.5792367,164.7449724,87.6318419,93.5756777,114.3462994,120.7306531,125.5852933,134.7588267,203.9724349,92.1136507,160,34.4954974,7.4564122,5.5010347,3.6149574,3.8330684,4.4887488,4.9830252,4.5201338,4.4824125,1.5178601,1.2228008,1.180996,1.1995788,1.1995788
St. Kitts & Nevis,,,,,,,,,,,,,,,,,,,,,,,,0,0,0,0,0,0,0.2,0,0,1.2,1.1,1.7,1.9,0.2,0.2,0.9,0.7,1.6,1.9,2,2.9,5.1,4.7,5.5,2.7,11.1,12.1,3.5,753,758,17.46,66.48,0,44.98,0,0,0,0,0
St. Lucia,,,,,,,,,,,,,,,,,,,,0,0,0,0,0,0.2,0.3,0.2,0.0128051,0.0912965,0.1120633,1.3662843,0.170875,0.3547077,1.1572627,0.4236208,0.0005,0,0,0,0,0,0,0,0.088,0.002,0,0,0.7344909,0.8905103,4.645289,8.7881615,5.5193316,0.2600519,0,0,0.004,0.23,0.194,0.4833584,0,0,0
St. Vincent and the Grenadines ,,,,,,,,,,0,0,0,0,0,0,0,0,0,0,0,0,0,0,0.5042337,0.3586669,0.1710558,0.129592,0.2066297,0.0947532,0.1783185,1.0424018,0.2327013,0.0769723,0.0555064,0.0982637,0.6192761,1.7357885,1.8036021,0.192013,0.4465909,1.3183568,2.1737853,6.4984901,5.6745703,6.5357564,7.3275873,0.7910117,44.7408125,0.4527218,1.3256555,0.1750536,0.183083,0.1833103,0.0265524,0.0249328,0.1415097,4.6068982,4.2981111,3.7466728,3.746845,3.7476091,9.2476091
Samoa,,,0,0,0,0,0,0,0,0,0,0,0,0,0.35,0,0,0,0,0,0,0.659,2.171,2.757,1.561,1.69,0,0,0.048,0.148,0,0.007,0,0.302,0,0,0.003,0.017,0,0,0,0.023,0.056,0,0,0,12.15,19,0,0.009,0,0,0.000669,0,0,0,0,0,0,0,16.134453,18.1
São Tomé and Príncipe,,,,,,,,,,,,,,,,0,0,0,0,0,0,0,0,0.0192859,0.4553046,2.9858618,6.3043015,15.9569616,21.7403109,28.2933591,37.0370675,44.5989442,52.9072656,59.7175198,65.3269475,71.5107999,28.7899577,32.7380992,38.678878,100.6439178,98.7031941,63.3304939,63.3296093,67.3851678,72.7688718,75.14895967,92.34626614,80,101.2095935,93.6643877,97.942556,99.7577315,97.2943631,98.3228324,99.336281,99.0499874,102.0214208,97.6476493,103.0351213,58.9494565,69.9579571,72.969
Senegal,0,0,0,0,0,0,0,0,0,0,0,0.236,0.005,0.208,0.124,0.05,0,0,0,0,0,102.152,152.163,148.393,106.369,145.328,94.03,80.034,5.032,1060.063,161.797,263.423,207.953,363.664,677,331,240.988,11.088,427,9.049,64.489,47.517,57.395,51.325,463,79.985,2507.081,161.601,7.531,4.568,26.8333831,214.7630035,0,0.308734,0,1.2074508,0.0885444,0,0,0,165.5268275,0
Serbia,,,,,,,,,,,,,,,,,,,,,,,,,,,,,,,,,3039.388848,3912.287227,6368.492662,7338.844508,6847.877886,7161.48623,9108.738992,9741.98354,11035.23107,16738.45946,7003.297009,4145.064976,5161.4048,569.5752913,251.628,239.674,246.72,253.765,48,48,48,48,51.9580163,48,48,48,48,48,48,48
Seychelles,,,,,,,,,,,,,,,,,0,0,0,0,0,0,0,0,0.8,0,2.6,5.4,7.7,7.1,10.5,16.1,16.6,16.7,20.6,22.3,24.5,29,26.7,24.5,55.9,107.3,132.4,125.3,144.9,172.6,149.2,172.3,217.6,483,353.8,86.1,37.7,35.2,0,30,0,0,0,0,0,0
Sierra Leone,,0,0,0,0,0,0,0,0,0,0.0262864,0.0838437,0.0854634,0.093033,0.816222,5.3542129,18.6936522,65.5238522,25.9198927,40.3199823,60.9018489,129.4434177,174.2058409,55.7027247,59,220.4759174,269.1261315,276.7193249,389.0338873,771.5377995,886.1435681,977.0039695,1004.944874,835.5785398,715.7016962,609.8181776,144.8595295,178.1566558,144.0846116,165.9749515,107.2226712,194.1247947,95.1692277,114.949194,103.5775819,298.7932451,304.4093903,596.1029254,227.7834981,223.9529338,222.8044377,219.7267307,220.6743914,205.5345794,205.976632,201.9359287,201.863066,201.855,201.855,195.5149826,203.6768425,208.031
Sint Maarten,,,,,,,,,,,,,,,,,,,,,,,,,,,,,,,,,,,,,,,,,0,0,0,0,0,0,0,0,0,0,0,0,0,0,0,0,0,0,0,0,0,0
Slovenia,,,,,,,,,,,,,,,,,,,,,,,,,,,,,,,,,651.539384,677.275867,714.42602,764.092,812,0,0,0,0,0,0,0,0,0,0,0,0,0,0,0,0,0,0,0,0,0,0,0,0,0
Solomon Islands,,,,,,,,,,,,,,,,,,,0,0,0,0,0,0,0,0,0,0,0,0,0.31,0.02,8.877,0,1.183,76.094,71.011,81.086,74.857,71.077,78.86,86.216,97.928,113.777,88.905,99.699,95.23,21.254,12.405,10.458,13.1062674,25.3044763,0.001,0,0,0,0,0,0,0,0,0
Somalia,0,0,0,0,0,0,0,0,0,0,0,0,0,0,0.56,1.497,3.589978,7.4720764,11.356563,17.9191882,20.1798192,49.6857227,88.1540584,157.9267378,257.1005673,382.8540949,479.9254992,703.9619398,749.3193948,887.240346,1142.351801,1330.11459,1453.824025,1613.125427,1820.645484,1977.774666,2037.39193,2052.405783,2172.715379,2199.753061,2218.360244,2314.592141,2489.036732,2701.921344,2813.049808,2758.886027,2929.600832,3127.681022,3226.785272,3313.585246,3359.167005,3434.681657,3486.055294,3552.673314,4057.543581,4040.71545,4606.994641,4397.764128,4984.61,5191.34,5371.295,38.5
South Africa,0,0,0,0,0,0,0,0,0,0,0,0,0,0,0,0,0,0,0,0,0,0,0,0,0,13628,16900,16900,0,7500,0,0,0,5000,0,0,0,0,0,0,0,0,0,0,0.0496963,0.0714635,0,0,0,0,0,0,0,0,0,0,0,0,0,0.0041485,0,0
South Sudan,,,,,,,,,,,,,,,,,,,,,,,,,,,,,,,,,,,,,,,,,,,,,,,,,,,,0,0,374,1584,1728,2040,1869,719,627,652,0
Sri Lanka,0,0,0,0,0,0,0,0,0,0,0,1.9329408,0.3780441,0.2114112,0.2090165,0.0182115,0.5510706,0.30906,0,0,0,0,0,0,0,0,0,0,3.7981737,6.6643429,10.6846252,15.5931097,22.6995065,33.014619,43.1118081,84.100177,432.4481186,287.8065246,345.139564,393.581391,336.7671322,280.8174551,301.5023302,4.4418905,0,444.0241549,0,1.3148685,7.9100879,0.032627,0.0573404,0.1271988,307.046179,12.8749694,115.1606708,76.8097787,143.9562666,1294.8722,188.7890788,228.4758022,330.4712179,400
Sudan,0,0,0,0,0,0,0,0,0,0,0,0,0,0,0,0.174,23.053,176.36,248.974,955.976,613.672,899.516,951.773,2062.864,2987.73879,3627.680837,4705.837572,6436.743856,6933.385746,9294.439905,10612.82769,13054.32222,12059.83897,12815.17116,14321.94549,15363.84738,15074.31037,13665.47751,13890.92217,13577.78694,13590.59016,13621.27745,21625.54646,23390.41598,25304.86367,24951.74752,26513.12285,28570.466,29354.52699,30790.93427,36317.5422,37810.37521,39335.29741,40506.77839,41969.08171,43597.37511,45240.15318,47306.14916,47302.18917,47558.36362,52766.79375,52968.26728
Suriname,,,,,,,,,,,,,,,,0,0,0,0,0,0,0,0,0,0,0,0,0,0,0,0,0,0.2,0,0,0,0,0,18,34,71,112,118,107,123,141,148,140,150,117,48,14,27,17,17,17,17,0,0,0,688,988
eSwatini (Swaziland),,,,,,,,,0,0,0,0,0,0,0,0,0,0,0.008,0,0,0,0,0,0,0,0.0697224,0.012,0.1289031,0.044954,0.200252,2.0699736,4.1874205,4.6516551,4.3279007,4.2915716,1.2361045,1.1262338,1.1880059,0.3405594,0.2162831,0.2469798,2.8794138,4.9218835,0.1062889,6.4934155,6.9276176,1.7202671,1.7973957,3.342137,15.025465,15.3765694,11.5934356,11.910132,13.8395751,13.3542772,15.5810384,8.9715069,12.085586,14.2181758,0.0012271,0
Syria,0,0,0,0,0,3.6,0,0,0,0,0,0,0,0,0,0,0,0,0,0,0,0,0,0,0,0,0,65,92,82,257,309,399,407,432,7790.947,9000.981,9880.505,10869.482,11755.037,11665.733,12099.239,70,0,0,13400,0,0,4021.249,471.05,459.3841263,471.6494587,1061.093714,1669.661549,2094.132451,2388.214556,2679.365717,2993.864988,3196.595265,3369.966873,3609.942073,3853
Tajikistan,,,,,,,,,,,,,,,,,,,,,,,,,,,,,,,,0,0,0.307,78.559,185.078,601.025,154.526,306.863,136.888,167.332,253.517,96.235,34.436,273.201,25.019,102.914,0,0,0,363.788,299.317,18.39,0.7929018,0.5875475,0.1164014,0.1183012,0.7454914,0.1015278,0,42.839,104.052
Tanzania,,0,0,0,0,0,0,0,0,0,0,2.2613378,72.7102737,151.9642078,219.8813363,304.9956316,495.1967032,842.7895631,1359.958169,1413.077674,2060.841149,2322.983529,2622.613655,3172.802929,3538.064548,5334.929558,1412.641733,769.9689279,1189.880683,1174.281489,1696.145684,1670.074353,2647.428001,2089.779738,2179.755125,2538.002789,2553.692274,4385.009674,1964.477515,2088.499605,2970.737514,1483.495522,1340.704564,1502.220354,1697.711527,1566.103114,1457.130339,1071.544381,1283.189855,1362.149709,1411.736971,1525.608683,1490.725379,1343.059278,1248.470453,2691.8692,2986.349754,3855.365925,4354.910117,5193.018696,6395.377229,6025
Thailand,0,0,0,0,0,0,0,0,0,0,0,0,0,0,0,0,0,0,0,0,0,0,0,0,0,0,0,0,0,0,0,6.805,0,0,0,0,0,0,5.691,0,0,0,0,0,0,0,0,0,4.766,8.788,2.159151,4.6466064,1.9064133,0,0,0,0,0,0,0,0,0
Togo,0,0,0,0,0,0,0,0,0,0,0.1470396,2.2378312,1.8845176,2.2869489,0.7857409,0.639569,5.1096824,9.4729418,44.636093,333.3374582,117.7445793,343.041522,196.6798084,338.2312009,70,30.2707159,10.777057,118.4934148,208.6788475,298.9584097,191.9128293,49.7333958,145.4852729,119.426389,196.9974229,561.9466193,120.8260462,147.9653207,52.5279258,69.5303045,126.7974047,157.8140445,249.8541098,352.0098522,481.5050635,476.3578406,572.669269,665.0010753,774,114.6554349,611,758.9082242,40.9221736,9.365631,5.2144754,5.3210386,1.0201261,0.0382724,0.0081724,0.0041485,27.0657499,25
Tonga,,,,,,,,,,,0,0,0,0,0,0,0,0,0,0,0,0,0,0,0,0,0,0,0,0,0,0,0,0,0,0,0,0.026501,0.0595043,0.3084122,0.673682,1.7960968,2.0174025,2.7028648,2.785764,0.6760864,1.4270337,0.8004294,0.9912644,0.7322632,0.0243912,0.0765099,0.0982149,133.3507191,120.8195876,1.540476,3.7637755,0,119,0,3.041,14
Trinidad & Tobago,,,0,0,0,0,0,0,0,0,0,0,0,0,0,0,0,0,0,0,0,0,0,0,0,0,0,0,401.5115,655,110,0,0,0,0,0,0,0,0,0,0,0,0,0,0,0,0,0,0,0,0,0,0,0,0,0,0,0,0,0,0,0
Tunisia,0,0,0,0,0,0,0,0,0,0,2.83,4.525,4.753,5.338,5.726,5.781,5.223,5.705,6.87,6.711,6.129,4.595,4.061,6.613,3.192,16.919,21.353,5.285,0,6.306,22.092,82.256,13.629,3.204,16.445,0.737,0.191,0,0,0,0,0,0,0,0,0,0,0,0,0,0,0,0,5.4984717,2.4197013,0.27,0,0,0,0,0,0
Turkey,0,0,0,0,0,220,0,0,0,0,75,0.52,0,0,0,0,0,0.21,3300.37,4064.45,3033.95,130.34,2925.41,23.54,21.53,0,0,0,0,0,0,0,0,0,0,0,0,0,0,48280,0,0,0,0,0,0,0,0,0,0,0,13.61,0,0,0,0,0,563,0,0,0,0
Turkmenistan,,,,,,,,,,,,,,,,,,,,,,,,,,,,,,,,0,0,0,38.3973197,139.6400041,64.6061536,68.3828707,89.4870951,90.291492,200.8292485,123.7952749,56.3091651,25.948554,29.0914758,22.01,5.061544,5.136,2.434,2.434,0.941,0,0.0039574,0,0,0,0,0,0,0,0,0
Tuvalu,,,,,,,,,,,,,,,,,,,,,,,,,,,,,,,,,,,,,,,,,,,,,,,,,,,,,,,,,,,,,,
Uganda,,,0,0,0,0,0,0,0,0,0.06,0.0663598,0.431907,0.5737238,1.003707,4.3152607,12.8067861,15.7443557,40.0964213,66.7840839,100.606565,74.4718843,56.2168428,39.0372349,47.1064078,60.6541821,89.8159392,351.9923534,143.0735257,318.7154897,369.90683,430.4965387,514.7222171,442.9958013,318.9493327,646.5393158,279.441098,283.4861545,1129.143329,189.9567049,380.1421202,324.9088075,323.9125051,331.8448329,349.7226303,315.8496615,105.7871223,99.7549843,83.7594419,77.0244775,79.1483532,76.9516622,76.9553705,77.2977774,85.0611571,70.1153334,70.0138302,70.1185366,70.4886406,70.4825858,70.5320718,71
Ukraine,,,,,,,,,,,,,,,,,,,,,,,,,,,,,,,,0,1.99,31.511,807.1427185,1257.257999,123.1684136,278.4025538,711.09,4326.96,3921.23,1437.226661,527.0177414,697.180511,473.3494671,349.8981647,435.907167,520.7480771,988.0229767,3301.362658,6012.519,511.834,7768.054,231.539,12498.436,21807,4377,5385.732,5645.032,5795.032,5945.032,6095.032
United Kingdom,0,0,0,0,0,0,0,0,0,0,0,0,0,0,0,0,0,0,0,328.5,334.35,340.2,560.601,502.645,414.7,523.44,550.555,675.9,705.775,619.2,731.43,723.69,584.37,607.59,607.59,592.11,642.42,646.29,646.29,626.94,580.5,553.41,611.46,677.25,750.78,669.51,758.52,762.39,568.89,626.94,599.85,603.72,626.94,638.55,592.11,561.15,487.62,522.45,491.49,506.97,526.32,518.58
Uruguay,0,0,0,0,0,161.9,0,0,0,0,0,0,0,0,0,0,0,0,0,0,0,0,0,575,111,234,1958,0,1770,0,1608,1610,0,0,0,0,0,0,0,0,0,0,0,4977,0,0,0,0,0,0,0,0,0,0,0,0,0,0,0,0,0,0
USSR/Russia,0,0,0,0,0,0,0,0,0,0,0,0,0,0,0,0,0,0,0,0,0,0,0,0,0,0,0,0,0,0,0,30261.93294,23995.09556,44384.02745,32709.35673,35508,69247,41733.432,77719.585,96152.207,78297.818,12997.925,11294.218,10268.711,7120.109,5214.989,1802.835,644.85,769.8,427.08,6.6,1.84,1.84,0,0,0,0,0,0,0,0,0
Uzbekistan,,,,,,,,,,,,,,,,,,,,,,,,,,,,,,,,0,0,0,0,0,0,500.61,6.7,22.8,20.4,19.5,132.3,40.9,47.4,43.2,0,88.13,113.25,80.8,192.125,161.461,1.34,0,0,0.1575609,0.8643342,1.8445184,2.6265868,94.1933709,134.0441136,111
Vanuatu,,,,,,,,,,,,,,,,,,,,,0,0,0,0,0,0,0,0,0,0,0,5.584,0,0,0,0,0,0,0,0,5,0,0,0,0.516,4.85,0.627,0.7,0.663,0,0,0,0,0,0,3,3,3,2.8,0,0,0
Venezuela,0,0,0,0,0,0,0,0,0,0,0,0,0,0,0,0,0,0,52.9,160.2,51.4,5.8,5.4,14977.9564,16988.80998,18737.854,20329.6,20360.6,20338.8,20288.8,19585,0,618.5,1023.3,1540.1,480.1,546.5,698.7,484.7,183.9,137.9,54.5,56.2,11.7,16.05,2.944,0.407,178.152,6.075,1.473,1490.176043,0.1104085,0.062,0.165,0.556,2.672079,27517.78621,27669.36919,73533.77348,76091.23795,79983.58803,83874.74595
Vietnam,0,0,0,0,0,0,0,0,0,0,0,0,0,0,0,516,0,0,467,0,33,1389,1406.8,1604,1593.108025,2720.328852,1976.360884,2132.849625,2147.457843,3131.819506,3755.070398,5829.18888,7729.663772,8483.002832,9414.480883,11511.45959,13422.60113,9543.240738,10379.44905,10285.08309,3092.367348,1534.585896,1439.502354,1445.086831,1406.673698,1423.14036,0,0,0.704,0,18.3721614,17.2715753,12.9721546,11.1732174,30.1187421,29.7682568,39.9920888,41.3619957,39.9158188,39.5597058,40.1425589,40.1425589
West Bank & Gaza,,,,,,,,,,,,,,,,,,,,,,,,,,,,,,,,,,,,,,,,,,,,,,12,485,387,0,96.886452,87.9822704,264.621609,436.5727296,694.6237332,902.478112,179.994112,621.994112,973.994112,1079.00233,3186.924,3929.596,4736.836
Yemen,,,,,,,,0,0,0,0,0,0,14.9192159,22.5859415,32.7957055,46.1014261,66.0743453,48.8020005,49.4379212,7.6549528,22.3620482,40.9874716,81.0321909,131.7719942,194.8690814,278.4136268,405.0541686,527.5601626,832.7866243,1134.916789,1308.267096,1882.98104,2309.110494,2767.299439,2881.252354,3230.639786,1952.943156,356.3665542,361.3971064,441.204706,1631.045463,414.0162713,432.1667911,401.4492432,352.8120285,243.0539788,258.1708846,272.7024659,282.5769283,390.0076752,313.6581294,334.9702872,355.9309934,371.9819745,397.9591249,629.7284272,1118.075131,1417.465352,1778.908226,2089.7,2313.229329
Yugoslavia,241.31,248.4106,255.5112,262.6118,284.7124,595.413,295.5136,290.8586,15.9,0,0.7,0,0,0,0,0,0,0,0,0,0,0,1.7,951.3,2054,4902.8,1636,958.9,7849.5,6768.66,5689.4,5347.3,110,,,,,,,,,,,,,,,,,,,,,,,,,,,,,
Zambia,0,0,0,0,0,0,0,0,0,0,0,0,0,0,0,1.845432,1.9986176,3.3608195,15.3235604,38.3769745,39.2794867,75.4461442,233.2320325,503.9554645,382.0187915,1484.567541,1771.431404,2410.117627,3077.359142,3803.34999,5014.595642,4025.532585,4224.930772,4245.60947,4257.208121,3048.498319,1100.552358,1012.031729,968.4477576,1100.590088,394.828709,622.6398393,859.7753969,836.3289716,881.669537,2093.860336,578.123,513.8383541,482.6797679,477.063968,428.161036,427.2748618,423.2789105,420.9327957,415.7696473,423.0829382,412.8348475,2631.435901,3039.967111,3115.901125,6627.504625,7244.736
Zimbabwe,,,,,,184.2682705,191.3546251,170.0922683,176.1662865,182.2403047,257.3480799,215.6909679,206.7522057,199.6518317,206.4092593,184.0593818,157.3309026,177.9333472,247.4284744,222.732113,243.8658696,63,0,0,0,0.1218397,0.3874326,11.5914587,0.5743531,1.866,23.7708284,0.0127034,4.1535705,5.1328145,17.1611913,89.4341135,1.3784911,6.4761885,14.5310866,21.8294736,235.9020301,2651.845404,1523.371284,2100.810408,2463.964804,2309.69782,2672.71329,3117.972901,3495.715363,3586.457955,3714.811073,3935.342307,4102.598993,4349.979998,4128.652034,5051.189628,4996.52839,5525,6815,6715,7112,7322