"Real long term government bond yield, percent",1960,1961,1962,1963,1964,1965,1966,1967,1968,1969,1970,1971,1972,1973,1974,1975,1976,1977,1978,1979,1980,1981,1982,1983,1984,1985,1986,1987,1988,1989,1990,1991,1992,1993,1994,1995,1996,1997,1998,1999,2000,2001,2002,2003,2004,2005,2006,2007,2008,2009,2010,2011,2012,2013,2014,2015,2016,2017,2018,2019,2020
Angola,,,,,,,,,,,,,,,,,,,,,,,,,,,,,,,,,,,,,,,,,,,,,,,,,,,,,,-0.581144286,0.886282692,75.59945339,-22.94274509,-22.2611499,-14.00393797,,
Argentina,,,,,,,,,,,,,,,,,,,,,,,,,,,,,,,,,,,5.881830215,14.47049999,10.35509968,8.71393013,,,,,,-10.69579509,-0.404383964,-2.159529321,-1.101952047,4.707706163,10.48980315,3.545328032,0.657440707,8.991060722,5.34503459,9.621094758,-1.351548452,11.27042435,-17.35135044,-2.401636211,10.91247386,12.06444565,-10.13028267
Australia,0.627583981,2.77918005,5.158899784,4.044270039,2.38203001,1.261209965,2.265280008,2.056139946,2.551379919,2.787050009,2.830060005,0.896338999,-0.046845,-2.128109932,-6.222899914,-5.425869942,-3.169929981,-2.037250042,1.108530045,3.399620056,1.465399981,4.373129845,4.116909981,4.060500145,9.89632988,7.361740112,4.473869801,4.976099968,5.143630028,5.635109901,5.27159977,6.440649986,7.994080067,4.846889973,8.445019722,3.738529921,4.694250107,5.855860233,4.134980202,5.494569778,1.002564852,1.602864638,2.111423786,2.869180754,2.988227848,2.540754484,2.335783133,3.973979058,-0.357826087,3.879847495,2.646740701,0.314120708,1.583616914,1.77950495,0.297315777,1.395201508,1.482712494,0.635044715,0.386546763,-0.195946184,0.079663409
Austria,,,,,,,,,,,,3.00661993,1.065089941,0.649953008,0.239180997,1.206619978,1.451699972,3.238339901,4.612229824,4.256390095,2.917969942,3.799799919,4.477829933,4.838850021,2.350980043,4.580289841,5.593369961,5.500939846,4.991990089,4.903840065,6.000579834,5.441150188,4.75026989,3.467030048,4.319890022,5.539050102,4.527369976,4.522840023,3.886300087,3.584709883,3.601833949,2.7785668,3.281048881,2.841188947,2.165790849,1.294334157,2.110937389,2.097760902,1.130232388,3.531731938,1.532718604,-0.223306964,-0.194349694,-0.107862117,0.018779568,-0.061485461,-0.595024292,-1.648379064,-1.432532939,-1.428460614,-1.872454142
Bangladesh,,,,,,,,,,,,,,,,,,,,,,,,,,,,,,,,,,,,,,,,,,,,,,,5.682238834,3.041345027,2.819725108,4.719857638,0.733323608,-1.9026652,5.379165777,4.594593625,4.495641089,3.244049791,1.504804297,1.170429836,1.666378586,2.910923638,1.98059523
Belgium,5.240049839,4.886859894,3.775269985,3.126660109,2.274379969,2.380199909,2.476109982,3.767149925,3.846669912,2.804219961,3.89586997,3.009429932,1.592499971,0.484723002,-3.997889996,-4.228199959,-0.1087,1.689149976,3.97939992,5.040919781,5.389019966,6.081729889,4.834149837,4.196630001,5.632480145,5.742320061,6.634500027,6.275519848,6.687950134,5.53455019,6.607180119,6.071450233,6.20758009,4.42854023,5.384699821,5.870679855,4.201089859,4.177460194,3.784130096,3.62116003,2.919012836,2.70169286,3.44250672,2.670539548,2.29772984,0.891935116,1.490545519,2.518411748,-0.070438447,3.910205733,1.129675371,0.870707502,0.323282666,1.15978661,1.218249036,0.22615547,-1.292182076,-1.498731687,-1.513024064,-1.066158368,-0.577580418
Benin,,,,,,,,,,,,,,,,,,,,,,,,,,,,,,,,,,,,,,,,,,,,,,,,,,,,,,,,6.031214097,,,,,
Brazil,,,,,,,,,,,,,,,,,,,,,,,,,,,,,,,,,,,,,,,,,,15.88952859,24.64002133,1.545541491,10.42300048,8.864218618,8.141285549,9.119644331,8.434801715,7.840413414,7.298298308,5.529203177,4.750992203,4.309797552,5.857006414,4.484891504,4.079074196,6.757151287,6.81939851,4.215868065,3.781984075
Burkina Faso,,,,,,,,,,,,,,,,,,,,,,,,,,,,,,,,,,,,,,,,,,,,,,,,,,,,,2.68184752,5.966261501,6.508089536,5.275160998,,,,,
Canada,4.074230194,4.15031004,3.936660051,3.241110086,3.401469946,2.7541399,1.957309961,2.322119951,2.831579924,2.96739006,4.672460079,4.100709915,2.24684,0.168983996,-2.155019999,-1.800519943,1.797700047,0.706703007,0.320161998,1.04471004,2.355819941,2.735349894,3.390209913,5.996520042,8.367409706,7.132919788,5.388229847,5.540279865,6.17069006,4.967569828,6.056709766,4.148930073,7.259150028,6.003640175,8.446379662,6.112609863,5.927929878,4.507319927,4.293190002,3.796540022,3.206393376,2.954046527,3.033272257,2.05227012,2.721074615,1.853947966,2.206307938,2.131616007,1.235562659,2.93136653,1.458961792,-0.127968422,0.358488435,1.323374769,0.322530759,0.395591972,-0.176259547,0.185615871,0.010940994,-0.361769024,0.035500368
Chile,,,,,,,,,,,,,,,,,,,,,,,,,,,,,,,,,,,,,,,,,,,,,4.907135208,3.267298429,2.217860479,1.926631015,-2.79343591,4.92150701,4.7724625,1.874691699,2.540468327,3.37083374,-0.434481277,0.190802463,0.440424603,2.33682398,2.161385398,1.199117716,-0.274342774
"China, People's Republic of",,,,,,,,,,,,,,,,,,,,,,,,,,,,,,,,,,,,,,,,,,,3.96616,2.107125,0.5349,2.1637,1.695825,-0.867691667,-1.888066667,4.151658333,0.258066667,-1.488566667,0.857939,1.240576667,2.157148,1.919809333,0.863952,2.049569667,1.501304333,0.303412341,0.559281272
Croatia,,,,,,,,,,,,,,,,,,,,,,,,,,,,,,,,,,,,,,,,,,,,,,,,2.540717244,0.553031612,3.391471541,5.099444947,5.007272727,0.997926509,2.993417936,4.02519616,2.794499005,2.705,-0.469372103,-1.36012501,-0.601820346,0.184076428
Cyprus,,,,,,,,,,,,,,,,,,,,,,,,,,,,,,,,,,,,,,3.324655561,4.99396268,5.713329988,3.397512362,5.651958073,2.895514954,0.604264611,3.511282937,2.601508674,1.829482665,2.102348169,-0.069008423,4.273723354,2.169959155,2.4980506,4.610945925,6.899357622,7.354988851,6.633667703,5.201666724,2.091563448,0.747008844,0.820459004,1.515092756
Czech Republic,,,,,,,,,,,,,,,,,,,,,,,,,,,,,,,,,,,,,,,,,3.624611708,1.651491097,2.973685696,3.997094128,2.060725517,1.685402109,1.266007417,1.449375628,-1.725330468,3.818122647,2.411439394,1.790280864,-0.505956399,0.673368794,1.231844744,0.265635452,-0.256004209,-1.469700651,-0.167828283,-1.299542626,-2.032961952
Côte d'Ivoire,,,,,,,,,,,,,,,,,,,,,,,,,,,,,,,,,,,,,,,,,,,,,,,,,,,,,4.945488849,3.768829643,,4.498500452,,,,,
Denmark,4.079329967,4.377110004,2.25496006,0.981249988,2.536299944,2.349999905,1.01067996,0.477692008,0.096666999,6.043300152,4.187019825,4.670000076,3.766230106,2.230439901,-0.897153974,3.240839958,4.235640049,2.203530073,4.487090111,6.204619884,5.379300117,7.199580193,10.5948,7.456960201,7.705920219,6.549349785,6.165850163,7.191269875,5.191589832,4.963439941,8.116270065,7.196090221,7.370619774,5.819729805,5.42140007,5.500559807,3.913729906,4.045790195,3.590610027,2.789580107,2.890618785,2.809938811,2.658523659,2.346611625,3.368349783,1.677797645,1.967958803,2.629446018,0.645913785,2.543857208,0.727501855,0.073192635,-0.95126009,1.222630803,0.972975861,0.465492608,0.303333333,-0.582156974,-0.275711106,-0.903612362,-0.783224967
Ethiopia,,,,,,,,,,,,,,,,,,,,,,,,,,,15.80876505,7.428672464,-2.080715291,-2.817301168,-0.152481274,-30.72259823,-3.527444011,9.456934045,5.406123987,2.977826661,21.48424869,10.42479042,,,,,,-10.6240452,0.587509514,-5.993781236,-8.299476317,-13.24040083,-40.35668587,,,,,,,,,,,,
Fiji,,,,,,,,,,,,,,,,,,,,,,,,,,,,,,,,,,,,,,,,,,1.637329747,5.106717918,0.935724442,1.936895764,2.438169839,6.276504765,2.612960252,-1.611473933,6.328651967,,,2.709583884,2.138124663,4.058198475,3.799697833,1.957318739,2.795754985,1.918523578,4.226898183,7.913021001
Finland,,4.775969982,2.629009962,3.082079887,-1.948070049,3.811269999,4.472569942,2.56114006,-1.051450014,5.703559875,5.094540119,1.658139944,0.851833999,-2.726919889,-7.882050037,-8.185560226,-4.176040173,-1.93343997,1.99980998,2.032170057,-1.180150032,-1.016299963,1.687510014,2.359989882,4.115980148,4.830910206,6.013979912,3.827369928,5.16561985,5.51406002,8.252980232,7.717609882,9.2062397,6.56058979,7.963960171,7.789999962,6.010890007,4.730629921,3.436450005,3.423559904,2.531542931,2.378026812,2.973497414,2.844871298,3.961847567,2.5765027,2.507271665,2.709860704,0.374304703,2.104585005,1.324978837,-0.31823335,-1.278739552,-0.354751507,0.239080359,0.879757538,-0.024166667,-0.290900648,-0.506435939,-1.065881666,-0.60212656
France,1.975399971,1.43572998,0.633138001,-0.071300998,1.079190016,2.756069899,2.66257,2.995500088,1.30013001,1.22431004,2.834520102,2.241400003,1.472630024,0.907314003,-3.188260078,-2.174259901,-0.440290987,0.212044999,-0.129988998,-1.223350048,-0.33998099,2.315160036,3.872839928,4.009019852,5.129769802,5.180089951,5.939879894,6.113049984,6.321559906,5.296840191,6.579939842,5.829730034,6.231739998,4.80065012,5.689960003,5.811890125,4.376599789,4.298240185,3.97349,4.046110153,3.579893682,3.156159977,2.921816384,1.961442602,1.762741548,1.522093381,1.902883908,2.695209232,1.074823222,3.547748229,1.378050851,1.034987824,0.320930638,1.214469159,1.053838597,0.752628011,0.162055785,-0.354922419,-1.314135748,-1.167218531,-0.670930496
Germany,5.590909958,3.055389881,3.17772007,3.338939905,3.471849918,3.314120054,4.14718008,5.545670033,5.403669834,4.269320011,4.421150208,2.98439002,2.847709894,2.66050005,3.74654007,3.017610073,3.900399923,2.957299948,3.623189926,3.651570082,3.163719893,4.696479797,3.832420111,4.692920208,5.378099918,4.80591011,6.347109795,5.700530052,4.799630165,4.43930006,6.253520012,7.29102993,3.258769989,2.017509937,4.041510105,4.751309872,4.087200165,3.550369978,3.86458993,3.68137002,3.870057102,2.957995495,3.482183313,3.009713701,2.261191199,1.430095584,2.008589306,2.004232538,1.337310287,3.020495988,1.656309686,0.184205792,-0.592364402,-0.00652921,0.438907443,-0.104644236,-0.216697225,-1.335566996,-1.501676464,-1.528624349,-0.821424056
Ghana,,,,,,,,,,,,,,,,,,,,,,,,,,,,,,,,,,,,,,,,,,,,,8.833631742,2.404667827,3.81738631,1.351136619,-0.50461635,2.860852919,6.601607482,6.324029993,16.92801369,7.573807693,9.913571843,6.336796702,6.545365293,5.878078449,9.662906975,12.55635997,9.964856316
Greece,,15.72879982,14.66020012,10.61180019,13.06770039,13.18770027,13.27429962,14.6086998,14.65400028,14.27400017,14.71319962,13.85509968,12.41310024,11.30609989,6.818419933,6.592529774,10.66909981,12.55210018,14.80070019,15.86250019,-1.881780028,0.174200997,2.959160089,2.825119972,0.041161001,-3.761250019,-7.331820011,2.286319971,3.081779957,5.333859921,-3.538089991,3.815269947,5.655020237,6.903480053,8.074749947,6.591879845,4.936840057,2.758249998,3.359329939,4.156849861,3.202033589,1.660154082,1.187896139,0.817992009,1.236227893,0.097388581,0.764569215,1.512769379,0.573677588,3.817774357,4.398174255,15.51465475,22.97120628,10.93070863,8.307530901,11.16207659,8.332006073,4.833249435,2.531761617,1.118355161,1.844729885
Hong Kong SAR,,,,,,,,,,,,,,,,,,,,,,,,,,,,,,,,,1.834489942,3.357579947,2.198760033,3.119539976,2.967910051,5.237460136,4.310850143,5.62322998,4.382800102,4.030200005,3.667109966,2.43302989,1.042729974,-0.258670002,1.385609984,0.520833015,-1.546488166,1.604725242,0.237692446,-3.256332159,-2.792076111,-2.367660046,-2.163728714,-1.301514864,-1.123390794,0.07312756,-0.233050987,-1.295375228,0.501787961
Hungary,,,,,,,,,,,,,,,,,,,,,,,,,,,,,,,,,,,,,,,1.562042268,1.7406155,-0.71768633,-0.604845303,2.436633612,2.933434746,2.365681554,3.227387834,3.486131287,-0.94742806,3.200077206,5.111800308,2.210856294,3.458431352,2.016527061,3.526397523,4.168148394,2.746949142,1.708105915,-0.69001512,-0.689589697,-1.792189339,-1.812220777
Iceland,,,,,,,,,,,8.807490811,15.55621729,11.53332985,-0.22752306,-21.10344262,-27.03105809,-10.2410839,-8.520413165,-22.14337309,-23.84571577,-36.61635563,-28.93285015,-29.08802715,,-7.238895876,-10.44422586,0.65849451,8.702038176,8.700208339,13.97698006,6.424108984,8.287069854,3.789792758,2.7168772,3.46462328,5.52563424,3.362073593,3.695912144,3.030627807,1.05915845,0.229508972,-1.067208128,0.055503437,2.352245591,0.727810001,-0.270148393,-2.356882008,-0.10406243,-8.380117331,-7.706287076,-1.900273797,-1.044255075,-2.916309333,2.900355007,4.079000285,4.200715084,3.286948109,3.202432432,2.240892271,2.010481286,2.168487309
India,,,,,,,,,,,,,,,,,,,,,,,,,,,,,,,-5.331540125,-1.713146067,2.987090632,5.595970537,1.887863489,3.863789657,4.320345963,4.333122888,-0.894109207,5.549503929,7.105170546,3.032935175,2.212514495,1.289785432,2.860902998,3.124980359,1.239403448,1.432793069,-2.04754375,-4.489413373,-2.506046907,-0.9393,-1.9898,-0.5224,2.1171,3.1949,2.6725,3.818189601,4.159678434,,
Indonesia,,,,,,,,,,,,,,,,,,,,,,,,,,,,,,,,,,,,,,,,,,,,5.127832329,4.360520073,3.159134711,-2.925863325,3.697812782,2.020919105,5.257181773,2.465195587,0.68362827,1.209811319,2.041029498,1.398587858,2.383939725,4.445677823,2.509757023,4.733414031,4.2429765,3.853305058
Ireland,,,,,-0.788967013,1.209419966,3.973170042,3.868920088,2.594990015,1.438019991,1.309739947,0.743255973,1.030030012,0.179346994,-0.991158009,-5.440330029,-1.49289,0.35364601,5.310070038,0.685585976,-2.985330105,-2.973170042,-0.129063994,3.503089905,5.973830223,7.172369957,8.028730392,8.116250038,7.321899891,4.954979897,6.725190163,6.037749767,5.960390091,6.29982996,5.823579788,5.781489849,5.327020168,5.239769936,2.864200115,2.264679909,0.176251185,1.115465964,0.301298836,0.140074442,1.765995563,1.119340796,1.123960387,1.430040303,1.430940038,6.913288996,7.61172618,8.382073805,4.099867317,3.290653757,1.954983078,1.171647229,0.862543761,0.533648965,0.428751145,-0.535001654,1.000930557
Israel,,,,,,,,,,,,,,,,,,,,,,,,,,,,,,,,,,,,,,,,,5.966504924,5.988702349,3.766048834,7.194651215,6.723486145,3.868791375,4.160130006,4.987263344,1.202251182,1.710598309,1.999596643,1.383890132,2.237497687,2.271249951,2.417130087,2.642410956,2.378221815,1.747943252,1.170366459,0.612779921,1.36244035
Italy,2.654409885,2.11687994,0.019973001,-2.246599913,-0.069270998,1.11582005,3.548369884,3.659960032,4.425469875,3.072590113,2.735399961,2.129899979,1.041100025,-3.429800034,-10.21440029,-6.97826004,-3.910670042,-3.390059948,0.733120978,-2.617739916,-5.845580101,1.455240011,3.741810083,3.598200083,4.838210106,4.539690018,5.570000172,5.858560085,5.490409851,4.458069801,5.012889862,6.879839897,8.187379837,6.833040237,6.537179947,6.963260174,5.439919949,4.965779781,2.902529955,3.070640087,2.995115987,2.864474231,2.422679652,1.435549914,2.001708307,1.347946572,1.817117304,2.462327882,1.188966921,3.545907585,2.416289002,2.487483072,2.177494577,3.080730844,2.659013798,1.605456797,1.536420834,0.787226632,1.257406188,0.786008291,0.965384056
Japan,,,,,,,1.780339956,2.934619904,1.663630009,1.848240018,-0.418469012,1.001049995,1.729949951,-4.356329918,-13.92370033,-2.540149927,-0.697300017,-0.813463986,1.911620021,3.965379953,1.062029958,3.463229895,5.568470001,5.9384799,5.052869797,4.504779816,4.685900211,4.902810097,4.169980049,2.869469881,3.906800032,3.056139946,3.383719921,2.725879908,3.601000071,3.39309001,2.915309906,0.259793997,0.712071002,2.013740063,2.445333161,2.037432591,2.170973141,1.256533924,1.514324145,1.685013431,1.498470554,1.642708294,0.111713858,2.685597388,1.926698194,1.402358295,0.90656129,0.384084728,-2.204360132,-0.413062249,0.072471273,-0.436558341,-0.920796286,-0.565117259,0.031209956
"Korea, Republic of",,,,,,,,,,,,,,13.58453096,-3.337529547,-4.149256459,6.289349561,11.37000464,7.139714974,6.859833663,0.060721394,2.265029731,9.8680755,10.33774871,12.05109086,11.43975224,8.849760334,8.860426283,5.224796052,8.680451336,6.458686529,7.128876185,8.865885203,7.269836731,6.028307166,7.915092248,6.667123124,7.731068154,5.666419919,7.780688829,6.412704533,2.139069204,3.500317897,1.244711902,0.759335095,1.769442456,2.716670881,2.746697345,0.690021195,1.878632872,1.365651057,-0.131679754,1.057705622,1.698356455,1.565114536,1.270419311,0.560205343,0.058730525,0.8329919,1.208080363,0.697098893
Kyrgyz Republic,,,,,,,,,,,,,,,,,,,,,,,,,,,,,,,,,,,,,,,,,,,,,,,,,,2.300951029,8.639293476,1.80836217,12.17179713,8.223747948,6.874500841,9.47715377,16.1416014,9.842160552,10.2654867,9.170256253,4.684957902
Luxembourg,,,,,,,,,,,,,,,,,,-0.122161019,3.542010437,2.229318853,1.201763303,0.604547828,1.144619132,1.161572186,3.787476774,5.417246598,8.305,8.0675,5.780833333,4.299166667,4.8225,5.055833333,4.713333333,3.238333333,4.95,5.329166667,5.165686395,4.22617591,3.754674082,3.643226856,1.736175784,2.454859739,2.646969479,0.787698922,-0.400127109,-1.3463818,0.34084377,1.805833183,0.515398458,4.221671468,0.372000529,-0.805922,-1.132828028,0.153176436,0.641411698,0.308293258,0.212497833,-1.585023213,-1.483818732,-1.137252965,0.47565505
Malaysia,,,,,,,,,,,,,,,,,,,,,,,,,,,,,,,,,2.7216323,2.802981381,1.426901388,3.03666502,2.91146556,4.21990964,2.363909627,2.896255438,3.555873215,2.109393939,1.674736757,2.524105985,2.667682347,0.528732824,0.385859498,1.545137503,-1.700046816,2.992605344,1.79843188,0.273612412,1.588595642,1.319487688,0.549426158,1.566943531,1.377457727,-0.158642097,2.776302813,2.768941468,3.559202154
Maldives,,,,,,,,,,,,,,,,,,,,,,,,,,,,,,,,,,,,,,,,,,,,,,,,,,,,,,,0.279998236,1.446793338,1.897490596,-0.417473417,2.533373411,2.179970264,3.769774247
Mexico,,,,,,,,,,,,,,,,,,,,,,,,,,,,,,,,,,,,,,,,,,4.792242304,5.094278074,4.434766972,4.849928823,5.429433019,4.758867533,3.826480873,3.187518995,2.66639451,2.933271621,3.2604,1.486824612,1.871110603,1.995545647,3.270609411,3.372042595,1.206878657,3.030646862,4.03237173,2.852742075
Moldova,,,,,,,,,,,,,,,,,,,,,,,,,,,,,,,,,,,,,,17.24716756,22.08590147,,,,,5.493920802,4.233223149,-5.479183724,-3.251922441,2.339499826,6.646536073,18.10271859,0.419482472,4.72191567,2.610332394,1.590454324,2.527881092,10.61959307,11.10735768,0.79060336,2.869112643,1.498883195,2.011528755
Mongolia,,,,,,,,,,,,,,,,,,,,,,,,,,,,,,,,,,,,,,,,,,,,,,,,,,,,,,-0.628573364,0.803519198,9.69506714,15.5970611,9.541902258,,,
Morocco,,,,,,,,,,,,,,,,,,,,,,,,,,,,,,,,,,,,,,8.661801044,6.156886699,6.45104739,5.092865431,6.502698124,4.154380334,4.992266321,4.174055969,4.368188336,0.755238336,1.611244867,,,3.342002602,3.4526551,3.284547633,3.811845287,4.665309928,2.456262902,1.858858834,3.074506804,1.89596323,3.082364013,2.172931297
Namibia,,,,,,,,,,,,,,,,,,,,,,,,,,,,,,,,,,,,,,,,,,,,,,4.72805393,3.728833107,2.692118589,1.465356928,-2.031726515,0.805080124,0.854404819,-1.221997773,-0.100925023,0.151583757,2.104263719,-1.227102189,-0.647271906,2.206360089,1.778968677,3.290786187
Netherlands,1.936059952,2.802360058,2.063960075,1.106819987,-1.090880036,-0.744898021,-0.096871004,2.013210058,2.324389935,-0.578251004,4.540060043,-0.127578005,-0.911750972,-0.293518007,0.220632002,-1.422729969,-0.107486002,1.62590003,3.659980059,4.569550037,3.668499947,4.801529884,4.237929821,5.786980152,5.056509972,5.116069794,6.249979973,7.087800026,5.543610096,6.137839794,6.475910187,5.606669903,4.917250156,3.922489882,4.395969868,5.271780014,4.476630211,3.717829943,2.855000019,2.595170021,3.057984649,-0.156225315,1.036998027,1.896521717,2.709299993,1.883679886,2.129148049,2.699182594,2.014100777,2.715112087,2.062356385,0.518432508,-0.886602901,-0.594242273,1.135012818,0.469666867,0.181242611,-0.767322581,-1.147629957,-3.204171891,-1.485862113
New Zealand,,,,,1.629390001,1.703760028,2.507070065,-0.605372012,1.244500041,0.666952014,-1.040850043,-4.937099934,-1.392930031,-2.325900078,-5.168640137,-8.203300476,-8.449299812,-5.356649876,-1.924190044,-1.665179968,-3.795320034,-2.618560076,-3.215519905,4.735479832,6.440750122,1.620210052,2.779109955,-0.441653013,7.628819942,6.662290096,6.259190083,6.3604002,6.836619854,4.770400047,6.973289967,3.454070091,4.928009987,5.552949905,5.0136199,6.560679913,3.53478779,3.994190486,3.602917336,4.296374013,3.659758114,2.792990138,2.404601209,4.023869093,0.921026065,3.904386543,3.517947268,-0.117895639,2.500065487,3.625582703,2.542469205,3.257303144,2.683775182,0.909217498,0.851702962,-0.089631902,-0.7945617
Niger,,,,,,,,,,,,,,,,,,,,,,,,,,,,,,,,,,,,,,,,,,,,,,,,,,,,,,,7.180287273,6.576090413,,,,,
Norway,3.746670008,2.160660028,0.11129,1.883080006,-0.283881009,0.73468101,2.468349934,0.061728001,1.410590053,1.710909963,-3.600110054,0.400000006,-1.277169943,-0.827543974,-2.736069918,-3.904030085,-2.145970106,-1.812450051,0.584830999,3.381669998,-0.623588979,-1.080360055,1.786010027,4.377769947,5.971079826,7.060190201,6.271669865,4.884630203,6.274720192,6.24932003,6.564489841,6.470160007,7.442059994,4.24518013,5.728099823,4.366930008,4.684639931,3.309659958,3.133280039,3.164360046,3.132827242,3.232469627,5.097441383,2.557174465,3.913834831,2.213699657,1.747316859,4.061577593,0.704402516,1.800947465,1.109426939,1.850048412,1.404802555,0.457013796,0.473297133,-0.606136654,-2.218333333,-0.237600596,-0.885664679,-0.673563366,-0.469084907
Pakistan,,,,,,,,,,,,,,,,,,,,,,,9.868160248,10.33689976,12.05119991,11.44110012,8.849949837,8.858810425,5.225719929,8.680390358,6.459449768,7.127590179,8.867099762,7.269420147,6.028530121,7.914929867,5.962860107,7.260540009,5.284220219,7.903800011,6.244150162,2.594209909,3.704999924,1.413810015,0.862631023,1.908349991,2.824170113,2.894320011,1.116750002,2.344150066,1.62966001,1.44966,2.044577802,3.171094584,4.685525632,5.18972117,2.553069801,2.306412732,4.656047966,2.093557234,-0.786615293
Panama,,,,,,,,,,,,,,,,,,,,,,,,,,,,,,,,,,,,,,5.645795663,6.268328986,5.434392061,5.492067665,4.270626554,3.166530501,2.296666667,2.345276922,0.362751989,1.815439869,0.671783664,-5.223683177,1.188446959,-0.270038726,-3.22538577,-3.019866258,-1.339243249,0.092580389,2.575295604,1.938166608,1.847330748,2.113004974,3.522583821,4.466108741
Papua New Guinea,,,,,,,,,,,,,,,,,,,,,,,,,,,,,,,,,,,,,,,,,,,,,,6.214195594,5.801537623,7.510316212,-1.523084901,4.741674674,4.848895232,4.477041,4.523628278,3.171349143,4.926216139,4.794458885,4.41543785,5.526329344,6.76217744,,
Philippines,,,,,,,,,,,,,,,,,,,,,,,,,,,,,,,,,,,2.863526576,7.089883895,6.513476227,9.024320604,8.749645663,6.369120992,5.76840276,7.004117931,4.789926213,6.083296428,4.909359808,2.240145793,1.813498175,5.802421138,1.820997959,5.295264763,4.956287975,3.178963517,2.862716789,1.924675768,1.675519644,4.831537122,4.143321897,2.851042033,2.180321759,2.767234656,1.571337607
Poland,,,,,,,,,,,,,,,,,,,,,,,,,,,,,,,,,,,,,,,,2.083,1.969,5.181666667,5.455833333,5.042431104,3.358441852,3.008795515,4.035045236,3.012264159,1.730044066,2.335251154,3.191218628,1.729792195,1.273346016,2.915969892,3.410965704,4.439582096,4.491647775,1.842019504,2.043927603,1.56728297,0.433207744
Portugal,,,,,,,,,,,,,,,,,0.538478971,3.730560064,11.69419956,12.21430016,10.82089996,-4.446909904,-5.938549995,-5.883140087,-7.797500134,1.413450003,3.872750044,5.62112999,4.291649818,3.020220041,5.180719852,6.841279984,6.513450146,6.516479969,5.85819006,6.37473011,5.62609005,4.46762991,2.665780067,2.611700058,2.785069128,0.749692201,1.314288169,0.988169262,1.659799955,1.412710559,0.694012534,1.997988207,1.863186968,5.100962844,3.913712264,6.619454444,7.822007,5.828372227,3.912780331,1.920490446,2.568296935,1.50505216,0.679266622,1.468178925,0.538837769
Romania,,,,,,,,,,,,,,,,,,,,,,,,,,,,,,,,,,,,,,,,,,,,,,-2.022690616,0.671485877,2.301004045,-0.154969219,4.106746624,1.245249978,0.861580033,2.350910654,0.263620971,1.14210683,1.868323114,2.190630006,-0.755497318,-2.379651084,-2.26285431,-0.048573126
Russian Federation,,,,,,,,,,,,,,,,,,,,,,,,,,,,,,,,,,,,,,,2.252404928,-41.80094528,-0.745442033,-8.415679932,-8.628487587,-4.417319775,-2.451263666,-4.76776123,-2.923369646,-2.475066423,-6.49027729,-0.367405206,0.856866479,-0.193506792,3.007481575,0.662764251,1.617144942,-4.387516975,1.826765537,4.161168575,5.147379875,3.115267038,2.891739607
Senegal,,,,,,,,,,,,,,,,,,,,,,,,,,,,,,,,,,,,,,,,,,,,,,,,,,,,,4.831771262,5.573087915,7.340255032,5.802288028,,,,,
Seychelles,,,,,,,,,,,,,,,,,,,,,,,,,,,,,,13.16986458,11.13194443,13.41324505,12.06158007,13.2963522,12.65969398,14.39556911,14.3502445,11.78195302,8.191814089,2.513527939,2.103731236,2.272044621,8.015000012,3.948279465,2.266666667,5.351810431,8.193489978,1.802817797,-29.70582476,-23.96948244,10.64734708,5.581357278,1.889629377,4.661061517,7.614165454,4.957405944,10.0164151,6.14242749,5.297904631,7.192941961,7.796868233
Slovak Republic,,,,,,,,,,,,,,,,,,,,,,,,,,,,,,,,,,,,,,,,,-3.836217793,0.911465616,3.420044889,-3.413834072,-2.453932407,0.719565219,0.162036565,2.593477027,0.803056148,3.779630085,3.171287432,0.433187312,-0.538555257,1.66693767,2.115342056,1.211906363,0.993412729,-0.458238106,-1.647060835,-2.563153084,-2.084510095
Slovenia,,,,,,,,,,,,,,,,,,,,,,,,,,,,,,,,,,-25.92982456,-14.86389347,-7.554122442,-3.911064661,-2.34275257,-1.942106745,-0.127364497,-2.9336051,-2.376129623,-2.414021079,0.862504035,1.094054751,1.351528174,1.390915465,0.865243062,-1.044008427,3.532081872,2.022939388,3.1704066,3.52883016,4.351053564,5.921976608,1.824561523,0.725785486,-0.517037219,-1.02342744,-1.515475727,0.163796253
Solomon Islands,,,,,,,,,,,,,,,,,,,,,,-6.398713833,-1.983425415,4.765281179,-0.047180666,2.43177892,-0.571878986,1.340966968,-4.737526547,-2.494747885,4.012407342,-2.133464072,2.248839602,3.831337716,-0.256032613,3.370780287,-0.274356366,3.665998626,0.100496187,0.318284873,-0.93802418,0.025700361,-3.978096489,-1.317925797,-1.996770446,-4.33712549,-7.976449122,-4.424840819,-14.08006521,-3.852717164,2.188518367,-4.1027071,-2.672006015,-2.151363814,-1.925902437,3.814469298,2.727514393,2.75131326,-0.221474879,1.605144539,
South Africa,4.004692299,3.671166905,4.140068316,3.412322352,2.235809885,1.53506828,2.760929527,2.960794163,4.513687984,3.261961943,2.154128625,2.417328358,1.927570663,-1.601469394,-2.765774593,-3.717429955,-0.583890524,-0.14341213,-0.739961565,-4.033558552,-3.574438832,-2.266718983,-1.130677993,0.361732472,3.700218107,0.497407567,-2.289093361,-0.863895822,3.592125275,2.169892933,1.829904836,1.009344806,1.565345111,4.250032324,5.893133185,7.426225685,8.129219134,6.099705403,8.241954046,9.720183213,8.447719125,5.704767635,2.006117826,3.936412138,10.21870293,6.003825744,4.693590864,1.807200037,-0.974581899,1.488013284,4.52527299,3.52073,2.175341152,1.938036385,2.120160517,3.625191171,2.449429125,3.88242198,4.613667024,4.957254392,6.905794793
Spain,,,,,,,1.841529965,1.577219963,3.764839888,7.78290987,5.208409786,1.671509981,1.407320023,-0.659491003,-3.523269892,-4.273220062,-2.412770033,-12.50269985,-7.740200043,-2.412489891,0.321898013,1.550799966,1.784279943,4.926199913,5.419809818,4.385379791,2.505089998,7.651949883,6.941050053,6.968659878,7.921740055,6.463950157,4.549310207,5.641640186,5.277709961,6.596169949,5.137989998,4.524799824,3.069780111,2.492980003,2.042623845,1.527062397,1.855783656,1.085278273,1.064084522,0.017852569,0.268590898,1.520702542,0.288823307,4.26197975,2.450968756,2.241398112,3.401372176,3.154752242,2.872781504,2.23536571,1.595098,-0.396909667,-0.255814702,-0.032852328,0.701919684
Sri Lanka,,,,,,,,,,,,,,,,,,,,,,,,,,,,,,,,,,,,,,,,,,,,,,,,,,8.725036779,2.912351104,1.8332316,4.540416247,4.059879639,5.610997688,5.136632174,8.099441548,3.446282327,8.407462249,6.935356459,
Sweden,0.047010999,2.640049934,0.195134997,1.897220016,2.819999933,1.020190001,0.759217024,1.762169957,4.266670227,4.162859917,0.753968,-0.154944003,1.101629972,0.865342021,-2.351739883,-0.96222198,-0.886582017,-1.824249983,-0.033093002,3.06388998,-1.89636004,1.33615005,4.398029804,3.461620092,4.275360107,5.678609848,6.059999943,7.217350006,5.398890018,4.859620094,2.693929911,1.353379965,7.724180222,3.900549889,7.21062994,7.7115798,7.559000015,4.813149929,3.957459927,4.430990219,3.564926359,2.668668004,2.774148602,2.461775542,3.005776171,2.499848321,2.304602639,2.665849763,-0.917373499,1.361834569,1.374565842,0.255714461,0.596966279,2.083217327,0.727592648,0.290559502,-0.590233122,-1.08882004,-1.571755428,-1.568021673,-0.633304691
Switzerland,1.638389945,1.131700039,-1.163519979,-0.193113998,0.858566999,0.546491027,-0.590593994,0.560760975,1.972740054,2.406840086,2.200900078,-1.285969973,-1.693079948,-3.140549898,-2.60213995,-0.313905001,3.289720058,2.747509956,2.293730021,-0.177729994,0.737742007,-0.920219004,-0.822713017,1.547309995,1.787310004,1.334200025,3.540869951,2.67001009,2.288889885,2.038269997,1.269379973,0.505868971,1.427440047,0.732161999,4.387569904,1.918580055,2.817600012,2.485820055,2.592700005,2.354110003,2.149279204,2.168818822,2.24338677,1.521665394,1.524071315,0.678459683,1.327144187,2.07513297,0.266726573,2.300260351,0.623702195,0.939130486,1.061940091,0.809247417,0.406512806,0.793241214,-0.160721662,-0.86729796,-1.155306788,-1.025292886,0.118761524
Tanzania,,,,,,,,,,,,,,,,,,,,,,,,,,,,,,,,,,,,,,,,,,-0.447468002,0.694751068,3.920901728,7.860616804,13.60761972,11.21977738,7.940430564,4.077323724,-1.255351073,3.159031632,1.31903053,-1.735352557,7.12734476,8.701261718,11.17032498,12.49718476,5.775696169,6.980876578,7.634638213,3.804537889
Thailand,,,,,,,,,,,,,,,,,,,,,,,,,,,,,,,,,,,,,3.586797238,8.809592966,0.778131042,7.683710981,4.120248139,2.929654752,2.800656621,2.951022901,1.936378632,0.928272562,0.685958115,2.788333333,-2.826318108,5.053901411,0.427443058,-0.52353963,0.497634115,1.711516343,0.83471051,3.399442193,2.460806571,1.658875898,1.417690416,0.772202558,2.167687834
Togo,,,,,,,,,,,,,,,,,,,,,,,,,,,,,,,,,,,,,,,,,,,,,,,,,,,,,3.92281825,4.674605261,6.309124841,3.791094789,,,,,
"Türkiye, Republic of",,,,,,,,,,,,,,,,,,,,,,,,,,,,,,,,,,,,,,,,32.01111175,-14.84836074,39.06013247,19.77492568,21.03608313,16.14277784,8.197921681,-1.129144504,0.062832775,-0.913476124,3.199023369,0.983780514,3.033556837,-0.19014704,0.573909695,0.555108561,1.640964533,2.426220428,-0.021537647,-0.50314119,0.444560542,0.096558427
Ukraine,,,,,,,,,,,,,,,,,,,,,,,,,,,,,,,,,,,,,,,,,,,,,,,,-5.933916002,-13.85837436,-0.154476718,-1.888430702,-0.146225316,8.141400664,9.12382315,0.347075038,23.66380985,-5.042153154,-7.061452016,-3.038285988,-0.462455007,3.919498836
United Kingdom,4.463059902,2.645499945,1.861009955,3.382200003,2.80418992,1.628329992,2.776139975,4.480690002,2.52463007,3.726830006,2.295730114,-0.123277999,1.966210008,1.439560056,-0.821267009,-9.797820091,-2.168550014,-3.501960039,3.627830029,-2.068660021,2.012470007,1.035279989,3.367599964,5.628039837,5.149980068,4.09856987,6.449669838,5.302410126,4.430930138,1.777420044,1.627439976,4.066009998,5.391570091,6.30136013,5.57103014,4.844009876,5.652130127,4.973879814,3.574239969,3.832770109,4.53187694,3.697321338,3.636087041,3.165074004,3.539810293,2.356389569,2.173787534,2.688825043,0.9889178,1.482179549,0.325995091,-1.328693294,-0.911575432,-0.173965488,1.106468591,1.861567294,0.64450055,-1.448131374,-1.018889523,-0.85435392,-0.477320695
United States,3.029129982,3.240050077,3.193010092,2.892780066,3.046000004,2.717000008,1.684460044,2.2525599,1.685520053,1.107929945,1.711770058,2.897910118,3.741159916,0.93305701,-3.206899881,-0.794981003,2.658390045,1.550439954,1.097339988,-1.620190024,-1.561720014,3.791690111,7.631639957,8.880470276,8.341799736,7.816440105,7.099780083,6.251319885,6.096389771,4.886020184,3.152050018,3.623369932,3.981179953,2.871670008,4.500889778,3.773750067,3.507129908,4.014929771,3.717159986,3.443530083,2.662483325,2.200871243,3.015163764,1.717001483,1.606594203,0.924170012,1.569577216,1.758616371,-0.148286732,3.577024259,1.577597117,-0.353818944,-0.270690974,0.884861782,0.925370045,2.014696101,0.574306123,0.19855505,0.471238463,0.333094204,-0.354334682
Vanuatu,,,,,,,,,,,,,,,,,,,,,,,,,,,,,,0.251950948,3.240558719,1.530864201,3.941558429,4.434143079,5.697439215,5.770298696,7.093655591,5.169297769,4.717840125,6.501025109,5.962311561,4.922445487,6.536432448,5.483758708,7.081081074,7.300799478,6.459183669,4.647849456,3.658286785,4.15043427,5.474805303,7.0387069,6.291762987,6.359399688,7.012648258,5.320008052,6.854749053,4.495473771,5.258202906,4.827479736,1.790649258
Venezuela,,,,,,,,,,,,,,,,,,,,,,,,,,,,,,,,,,,,,,,,,,,,,,,,,,-14.24219886,-12.65913134,-8.57479,-4.311494968,-25.37447051,-47.06045931,,,,,,