Country Name,Country Code,Indicator Name,1960,1961,1962,1963,1964,1965,1966,1967,1968,1969,1970,1971,1972,1973,1974,1975,1976,1977,1978,1979,1980,1981,1982,1983,1984,1985,1986,1987,1988,1989,1990,1991,1992,1993,1994,1995,1996,1997,1998,1999,2000,2001,2002,2003,2004,2005,2006,2007,2008,2009,2010,2011,2012,2013,2014,2015,2016,2017,2018,2019,2020
Aruba,ABW,"Use of IMF credit (DOD, current US$)",,,,,,,,,,,,,,,,,,,,,,,,,,,,,,,,,,,,,,,,,,,,,,,,,,,,,,,,,,,,,
Africa Eastern and Southern,AFE,"Use of IMF credit (DOD, current US$)",,,,,,,,,,,,,,,,,,,,,,,,,,,,,,,,,,,,,,,,,,,,,,,,,,,,,,,,,,,,,
Afghanistan,AFG,"Use of IMF credit (DOD, current US$)",,,,,,,,,,,,,,,,,,,,,,,,,,,,,,,,,,,,,,,,,,,,,,,40171993.2,98770365.8,131081597.8,352752616.2,355229891.1,372555169.2,387633123.4,375643168.3,334839124.6,300161714.8,276984771.4,284853905.2,274596496.6,276923268.4,628740557.2
Africa Western and Central,AFW,"Use of IMF credit (DOD, current US$)",,,,,,,,,,,,,,,,,,,,,,,,,,,,,,,,,,,,,,,,,,,,,,,,,,,,,,,,,,,,,
Angola,AGO,"Use of IMF credit (DOD, current US$)",,,,,,,,,,,,,,,,,,,,,,,,,,,,,,,,,,,,,,,,374707057.4,355705668.9,343098130.6,371160687.2,405682628,423985126.3,390203038.9,410714177,431421881.2,420506996.4,787056610.5,1302262652,1605921016,1739652881,1478597286,914027909.7,532051255.4,395881505.2,388801462.9,1374114587,1861295680,2992458754
Albania,ALB,"Use of IMF credit (DOD, current US$)",,,,,,,,,,,,,,,,,,,,,,,,,,,,,,,,,13321000,29662027.2,54196929.5,64519612.4,54212531.1,54973840.3,64445534.6,144308798.7,148425240.2,141638824.6,144218235.1,159415248,169099897.6,158243429,162459042.7,163478853.7,152026589.8,144309407.5,129370620.5,117241292.8,107036111.5,96755468.2,150856823.2,243583720.9,387084198.2,488777110.1,470321203.4,447707759.2,627019436.4
Andorra,AND,"Use of IMF credit (DOD, current US$)",,,,,,,,,,,,,,,,,,,,,,,,,,,,,,,,,,,,,,,,,,,,,,,,,,,,,,,,,,,,,
Arab World,ARB,"Use of IMF credit (DOD, current US$)",,,,,,,,,,,,,,,,,,,,,,,,,,,,,,,,,,,,,,,,,,,,,,,,,,,,,,,,,,,,,
United Arab Emirates,ARE,"Use of IMF credit (DOD, current US$)",,,,,,,,,,,,,,,,,,,,,,,,,,,,,,,,,,,,,,,,,,,,,,,,,,,,,,,,,,,,,
Argentina,ARG,"Use of IMF credit (DOD, current US$)",,,,,,,,,,,0,0,188911800,209913600,78361600,292780363,529318129.7,418467595,0,0,0,0,0,1173220000,1098430000,2312290000,2740980000,3853415364,3677792717,3099862949,3083195865,2483115001,2313851375,3519667710,4211220402,6130863051,6292570604,5868261814,5442162801,4914919736,5470438316,14376331417,14772334954,15995776074,14584967621,9967870478,478955828,503104192.5,490375759.9,3166796445,3110922140,3101306749,3104639592,3110859859,2926644104,2799231197,2715603928,2876808116,30922512048,46924457621,48873710060
Armenia,ARM,"Use of IMF credit (DOD, current US$)",,,,,,,,,,,,,,,,,,,,,,,,,,,,,,,,,,,24634968,70236653,116474762.4,132057839.8,190440286.1,321997230.2,290095073,283191109.6,314425243.5,345387958.3,354276770.7,302158624.8,296042841,296948979.4,270293755.8,724646923.3,876270384.8,962546214.6,911323809.1,720310985.9,569570168.5,536256947.7,527768516.8,529508773.4,450596997.3,374965602.2,645508162.7
American Samoa,ASM,"Use of IMF credit (DOD, current US$)",,,,,,,,,,,,,,,,,,,,,,,,,,,,,,,,,,,,,,,,,,,,,,,,,,,,,,,,,,,,,
Antigua and Barbuda,ATG,"Use of IMF credit (DOD, current US$)",,,,,,,,,,,,,,,,,,,,,,,,,,,,,,,,,,,,,,,,,,,,,,,,,,,,,,,,,,,,,
Australia,AUS,"Use of IMF credit (DOD, current US$)",,,,,,,,,,,,,,,,,,,,,,,,,,,,,,,,,,,,,,,,,,,,,,,,,,,,,,,,,,,,,
Austria,AUT,"Use of IMF credit (DOD, current US$)",,,,,,,,,,,,,,,,,,,,,,,,,,,,,,,,,,,,,,,,,,,,,,,,,,,,,,,,,,,,,
Azerbaijan,AZE,"Use of IMF credit (DOD, current US$)",,,,,,,,,,,,,,,,,,,,,,,,,,,,,,,,,,,,100873212.2,174970976.3,266787194.4,321227971.7,618051142.8,535896290,488207206.5,487639730.2,487459411.6,446885181.2,383127572.2,365276173,345670553.7,315789574.8,302558244.1,282350979.1,264679350.5,251858474.3,242453187.9,224366292.7,212814959.2,206457094.3,218712839,213592206,212368821.7,221190669.9
Burundi,BDI,"Use of IMF credit (DOD, current US$)",,,,,,,,,,,7670000,5797638,0,0,0,1404840,1405814.3,3951451.6,10259471.2,30472477.6,35689983.4,32712409.3,30871132.4,23778095.2,16037215.8,14541982.4,22116679.2,20546452.8,32467703.9,40133132.2,42625738.9,48863490.7,62414000,58243062.6,55668458.3,47798086.3,37641479.7,27523349.9,19667363.5,30902062.2,24850402.5,19643946.6,31706725.4,48958253.6,62271042,77748000.2,103347766.8,119857221.7,138003571.2,206685011.5,223366699.6,240746434.9,248682069.7,254214571.1,238348709.9,217599887,193649645.6,188076863.4,166351188.8,149136356.3,132373634.4
Belgium,BEL,"Use of IMF credit (DOD, current US$)",,,,,,,,,,,,,,,,,,,,,,,,,,,,,,,,,,,,,,,,,,,,,,,,,,,,,,,,,,,,,
Benin,BEN,"Use of IMF credit (DOD, current US$)",,,,,,,,,,,,,,,,,,,7019432.5,7097774,16140313.6,14786947.8,14013909.4,13064889.1,11175374.2,11338989.7,9529951.2,7464988.9,3977889.2,10201824.1,8975561.9,22386230.4,21518750,42992426.5,71231918.6,84138307.6,99132964.4,94906242.1,93532619,105058775,96163878.4,88645964,86048099.4,87100131.5,79900811.5,66245235.2,16802643.6,19040432.3,36934134.3,131587397.8,145620815.4,177478945.3,209606869.8,225417577,220267623.3,202341607.5,186958906.4,226384650.1,244566525.1,266700038.9,562509811.8
Burkina Faso,BFA,"Use of IMF credit (DOD, current US$)",,,,,,,,,,,0,0,0,0,0,0,0,0,5553793.8,10804740.7,14705477.3,13477492.8,12772910.7,12122634.1,10734279.7,10176861.3,8238252,5965465.3,2555484.3,584801.2,69710.3,9040317.9,8690000,20823168.9,47941472.5,75097475.4,81270624.9,92442511.7,112115799.4,133598747.1,124397938.1,128327213.8,139286902.6,138635057.1,129295847.6,116984320.2,49087067.6,52352102.3,68799240.1,200602284.9,217415936,232851989,301227736.2,303917956.6,282947275.1,282957869.6,286054977.7,284059238.3,268945710.4,309646453,466379093
Bangladesh,BGD,"Use of IMF credit (DOD, current US$)",,,,,,,,,,,,,67856000,75399000,164690370.8,202238425,275318855.1,253778428,299211779.3,344567421.4,424168205.3,464338562.8,547383038,565334154.9,462280758.9,519866808.1,538776788,840798640.8,839548587.5,718556404.8,625539334,726998910.2,732446000,682315906,669149963.4,621529717,516487921,372299890.4,421607840.8,382495194,277106807.6,207825440.2,134671332.2,143574421.4,303801369.2,375756512.3,547377444.4,574975542.8,758159400.8,1474663255,1402905709,1270812046,1212874143,1496418712,1469998146,1612750661,1546472205,1625254742,1536342079,1413763540,2108913101
Bulgaria,BGR,"Use of IMF credit (DOD, current US$)",,,,,,,,,,,,,,,,,,,,,,,,,,,,,,,,413716132.6,589737500,631700221.8,940744828.3,716668050.7,585607783.7,941803456.4,1115532914,2088438100,2117878428,1877394558,1879708564,2095263224,2132016600,1533190272,1259947992,965336223.8,940913415.9,957663625.8,940766805.7,937859037.7,938866915,940747971.4,885040218.8,846509552.5,821220008,869969423.8,849601190.5,844734960.7,879825439.5
Bahrain,BHR,"Use of IMF credit (DOD, current US$)",,,,,,,,,,,,,,,,,,,,,,,,,,,,,,,,,,,,,,,,,,,,,,,,,,,,,,,,,,,,,
"Bahamas, The",BHS,"Use of IMF credit (DOD, current US$)",,,,,,,,,,,,,,,,,,,,,,,,,,,,,,,,,,,,,,,,,,,,,,,,,,,,,,,,,,,,,
Bosnia and Herzegovina,BIH,"Use of IMF credit (DOD, current US$)",,,,,,,,,,,,,,,,,,,,,,,,,,,,,,,,,,28211547.8,29983858.2,48263357.7,44609834,40882273.8,76793958,122017854.3,131478279.3,136784066.6,167058160.2,164351628.4,140554008.4,91232093.5,51121395.5,34735873.5,31548198.3,538526947.6,768607756,766232105.6,887905090.6,848017825.5,892123426.6,799975334,770392168.5,591860218.3,466290689.4,397854131.2,796340277.8
Belarus,BLR,"Use of IMF credit (DOD, current US$)",,,,,,,,,,,,,,,,,,,,,,,,,,,,,,,,,,96286552.6,102335481.8,282730400.1,273499997.4,256627342.2,242557109.7,684039169.3,594476894.3,544040401.3,556771810.3,573834923.4,581579849,526891208.2,554588904.6,582550596,567812185.7,3449281044,4062846437,4050288792,3587944983,1931908288,613402315.8,510841263.2,495579837.2,524998540.3,512706967.2,509770354.2,530946328.4
Belize,BLZ,"Use of IMF credit (DOD, current US$)",,,,,,,,,,,,,,,,,,,,,,,,3770000,4710000,10480000,11670000,11384746.5,7787565.9,3312997.4,421107.4,0,,,,,,,,24560043.1,23314603.8,22488247.1,24327597.6,26590326.1,27789957,25575721.8,26920117.2,28277396.5,27561984.1,35420787.6,34795830.5,34688281.9,32017507,28462657.3,25924917.1,24796263,24055472.5,25483458,24886824.3,24744281,25772163.9
Bermuda,BMU,"Use of IMF credit (DOD, current US$)",,,,,,,,,,,,,,,,,,,,,,,,,,,,,,,,,,,,,,,,,,,,,,,,,,,,,,,,,,,,,
Bolivia,BOL,"Use of IMF credit (DOD, current US$)",,,,,,,,,,,6080000,7165620,8555316,21775520,17533408,16307851,0,0,39521437.4,39962522.9,126338992.8,113287629.6,125987354.5,127106665.1,96096129.1,82211849.9,192346754.4,185706850,209010086.9,251790427.7,257044786.1,244796647.4,249077125,220509941.1,263552551.5,267762932.2,276121398.6,248140560,264183043,283651143.6,254673303.1,240714064.2,231620062.9,318333409.2,348459724.7,281990683.2,54704497.2,42197415.8,41129829.8,257306771.9,252766904.2,251985639.9,252256438.2,252761843.7,237793817.7,227441345.5,220646516,233744575.8,228272011,226964545.7,582201162.3
Brazil,BRA,"Use of IMF credit (DOD, current US$)",,,,,,,,,,,0,0,0,0,0,0,0,0,0,0,0,0,550200000,2644300000,4185370000,4619300000,4501170000,3976342253,3333055328,2422469978,1820549549,1237526549,799423625,303585594.1,186130869.1,141553984.3,67607128.7,31448318,4825009157,9318882827,2235037872,8787813968,21314976011,28850328960,25586391069,512636270.9,539583148,566788267.5,552448640.9,4526043028,4446186455,4432443965,4437207324,4446097442,4182813116,4000712266,3881190648,4111586614,4015323742,3992325318,4158167402
Barbados,BRB,"Use of IMF credit (DOD, current US$)",,,,,,,,,,,,,,,,,,,,,,,,,,,,,,,,,,,,,,,,,,,,,,,,,,,,,,,,,,,,,
Brunei Darussalam,BRN,"Use of IMF credit (DOD, current US$)",,,,,,,,,,,,,,,,,,,,,,,,,,,,,,,,,,,,,,,,,,,,,,,,,,,,,,,,,,,,,
Bhutan,BTN,"Use of IMF credit (DOD, current US$)",,,,,,,,,,,,,,,,,,,,,,,,,,,,,,,,,,,,,,,,8220596.2,7803729.9,7527136.6,8142793.4,8900160.8,9301694.4,8560558.4,9010546.6,9464847.3,9225388.6,9389619.7,9223951.2,9195441.3,9205323.3,9223766.5,8676893.3,8299140.4,8051202.9,8529139.9,8329450.7,8281742.4,8625767.8
Botswana,BWA,"Use of IMF credit (DOD, current US$)",,,,,,,,,,,,,,,,,,,,,,,,,,,,,,,,,,,,,,,,5982771,5679384.7,5478086.1,5926147.7,6477343.2,6769570.6,6230187.9,6557679.6,6888309.8,6714036.9,90035722.6,88447150.8,88173774,88268530.6,88445380.1,83207770.2,79585278.6,77207661.6,81790877.3,79875941.4,79418438.9,82717498.5
Central African Republic,CAF,"Use of IMF credit (DOD, current US$)",,,,,,,,,,,0,0,0,0,3256904,5677895,11141949.7,11649068.9,20412113.7,17873533.4,23540313.6,37686947.8,37713909.4,39964889.1,35075374.2,39009638.8,41788969.6,51942817.3,50283426.2,35327249.1,36656257.5,33300411.7,30377875,28788443,41373607.5,34899812.5,27640467.7,18618300.2,17563766.7,36252105.9,33621592.6,42483757.6,45958573.6,50233215.9,58590408.3,49211195.4,56111111.2,64109162.3,77364681.6,162063184.7,172555835.3,172022491.4,182908929.8,180985416.2,177256948.5,174912456.5,184643967.2,235403692.2,279084580.9,296484719.1,355383363.5
Canada,CAN,"Use of IMF credit (DOD, current US$)",,,,,,,,,,,,,,,,,,,,,,,,,,,,,,,,,,,,,,,,,,,,,,,,,,,,,,,,,,,,,
Central Europe and the Baltics,CEB,"Use of IMF credit (DOD, current US$)",,,,,,,,,,,,,,,,,,,,,,,,,,,,,,,,,,,,,,,,,,,,,,,,,,,,,,,,,,,,,
Switzerland,CHE,"Use of IMF credit (DOD, current US$)",,,,,,,,,,,,,,,,,,,,,,,,,,,,,,,,,,,,,,,,,,,,,,,,,,,,,,,,,,,,,
Channel Islands,CHI,"Use of IMF credit (DOD, current US$)",,,,,,,,,,,,,,,,,,,,,,,,,,,,,,,,,,,,,,,,,,,,,,,,,,,,,,,,,,,,,
Chile,CHL,"Use of IMF credit (DOD, current US$)",,,,,,,,,,,,,,,,,,,,,,,,,,,,,,,,,,,,,,,,,,,,,,,,,,,,,,,,,,,,,
China,CHN,"Use of IMF credit (DOD, current US$)",,,,,,,,,,,0,0,0,0,0,0,0,0,0,0,0,884059046.9,837842329,324059292.7,303401460.7,339990647.3,1071881717,1155346773,1012623102,907536555.3,469216030.6,0,,,,,,,,325010365.9,308529088,297593664,321934336,351877696,367752768,338451136,356241920,374203200,364735936,10957633395,10764299165,10731028343,10742560524,10764083662,10126666126,9685796677,9396432681,9954225478,9721171325,9665491726,10066998409
Cote d'Ivoire,CIV,"Use of IMF credit (DOD, current US$)",,,,,,,,,,,0,0,0,0,13676548,13076719,27140348.8,16289261.1,31023338.3,28392413.5,64562529.6,430648955.3,535456740.9,670402858.2,636785646.3,665129330,658897981.6,604082451.9,508502350.4,369614070.8,431253771.2,371504141.6,267382500,218578715.8,328102737,426768309.3,502672001.1,449947876.3,643954087.5,671455204.8,598611576.2,511536865.7,542288056.7,481229898.6,370136638.4,252467682.1,206970838.8,233244900,246606468.7,839175295.4,861428341,1090425757,1265163491,1417940615,1492154721,1508308148,1494849865,1737919425,1814028915,1914817944,3047380512
Cameroon,CMR,"Use of IMF credit (DOD, current US$)",,,,,,,,,,,0,0,0,0,5656728,14200591,39374418.7,41166521.9,61578974.9,65763748.3,58755769.5,43912087.8,38330774.4,35176473.1,30088526.2,27403382.2,22181508.8,16056393.9,100434973.8,113242481.4,121078324.6,120562366.7,62781125,16294541.7,43664112.1,51150121.3,72056177,92982211.7,156201219.8,229367825.8,267051729.9,274498234.1,340237010,383479225.6,371406379.3,306983756,44774855.4,55407673.6,62169301.9,452571505.1,444586426.5,441991737.5,440023024.6,437231729.8,406346345.6,357776235,318199294.5,602413053,714177033.9,760370154.8,1268973017
"Congo, Dem. Rep.",COD,"Use of IMF credit (DOD, current US$)",,,,,,,,,,,0,0,30649311,34056672,34564812,85753775,209872971.2,267638269,321929831.3,357740721.4,373398926.2,474236102.8,543755674.4,621775015.7,674773452.8,807483000.3,855827028.8,966472055.6,785908985.5,628416856.3,521081946.2,472479629.7,454170750,453695093.4,477766554.2,485145744.9,433202714.2,406479090.4,423415751.4,530252755,503350614.5,485509987.5,688337211.7,831661745.7,952113158.8,914412643.5,962479014.4,944635524,787245859.4,1600700624,1109863980,1258403794,1259756148,1262280118,1187531874,1097782693,989239968.6,953621644.6,839163299.8,1129700743,1510562209
"Congo, Rep.",COG,"Use of IMF credit (DOD, current US$)",,,,,,,,,,,0,0,0,0,0,0,0,11346606.1,21727931.6,28424029.4,22253067.7,14786947.8,13937794.9,12847123.5,10972470.7,9949488.4,19600156.8,19237029.6,15330214.4,11506784.9,10827865.2,5721720.2,5500000,4807459.8,20437899.4,18581125.1,37956393,33507273.5,34160216.6,42348795.2,53979561.3,50928983.3,46394979.5,42546293.1,44144309.3,40331140.8,50095015.6,52620744.8,53151637.1,167577675.4,149648797.7,154753144.9,152389681.4,147853242.7,134017362.5,122821458.3,115577578.7,120028881.4,114865475.6,157171955.8,162308174.3
Colombia,COL,"Use of IMF credit (DOD, current US$)",,,,,,,,,,,54850000,56727825,0,0,0,0,0,0,0,0,0,0,0,0,0,0,0,0,0,0,0,0,0,0,0,0,0,0,0,156838089.3,148884828.6,143607793.8,155353709.9,169803277.9,177464005.7,163324112.2,171909292.4,180576747.7,176008193.2,1157462067,1137040044,1133525625,1134743777,1137017280,1069686073,1023116758,992551057.7,1051471060,1026853404,1020971933,6464390082
Comoros,COM,"Use of IMF credit (DOD, current US$)",,,,,,,,,,,0,0,0,0,0,0,0,0,0,0,0,,,,,,,,,,,1287387,1237500,1236204,3284662.4,3344602.5,3235410.1,2792947.4,2661176.8,3144969.3,2399178.5,1748614.2,1524565.7,1265154.9,1112576.4,1025358.3,1079256.6,1135251.7,6244870.7,23446658.6,25430797.2,27744145.2,27999887.8,32853084,30907357.6,29202886.2,26566684.3,26051687.5,22316641.5,30741595.5,41921894.3
Cabo Verde,CPV,"Use of IMF credit (DOD, current US$)",,,,,,,,,,,,,,,,,,,,,,,,,,,,,,,,,,,,,,,,850956.2,807804.2,779172.6,4187321.6,8232273.8,10513877.7,13235040.2,13930744,14438744.3,13315634.2,25411751.7,22685687.6,19962623,17517319.5,15648977.2,13644845.8,12705763.7,12326177.9,13057886.8,12752167.9,12679127.8,47340184.2
Costa Rica,CRI,"Use of IMF credit (DOD, current US$)",,,,,,,,,,,0,0,0,0,23067696,35074172,37527109,35603150.1,31683852.8,57712227.3,56900000,102600000,92900000,191890000,155830000,188530000,172410000,132315580.9,71366508.1,35400842.1,11293075.1,83007856.1,81510000,81424633.9,66364778.9,24259517,718980,0,0,32564172,30912842.7,29817176,32255971.5,35256124.2,36846715.3,33910860,35693394.4,37493011.5,36544446,245397926.2,241068175.6,240323070.3,240581335.3,241063349.4,226788694.7,216915336,210434972,222926852.2,217707558.3,216460602.6,757487595.7
Caribbean small states,CSS,"Use of IMF credit (DOD, current US$)",,,,,,,,,,,,,,,,,,,,,,,,,,,,,,,,,,,,,,,,,,,,,,,,,,,,,,,,,,,,,
Cuba,CUB,"Use of IMF credit (DOD, current US$)",,,,,,,,,,,,,,,,,,,,,,,,,,,,,,,,,,,,,,,,,,,,,,,,,,,,,,,,,,,,,
Curacao,CUW,"Use of IMF credit (DOD, current US$)",,,,,,,,,,,,,,,,,,,,,,,,,,,,,,,,,,,,,,,,,,,,,,,,,,,,,,,,,,,,,
Cayman Islands,CYM,"Use of IMF credit (DOD, current US$)",,,,,,,,,,,,,,,,,,,,,,,,,,,,,,,,,,,,,,,,,,,,,,,,,,,,,,,,,,,,,
Cyprus,CYP,"Use of IMF credit (DOD, current US$)",,,,,,,,,,,,,,,,,,,,,,,,,,,,,,,,,,,,,,,,,,,,,,,,,,,,,,,,,,,,,
Czechia,CZE,"Use of IMF credit (DOD, current US$)",,,,,,,,,,,,,,,,,,,,,,,,,,,,,,,,,,,,,,,,,,,,,,,,,,,,,,,,,,,,,
Germany,DEU,"Use of IMF credit (DOD, current US$)",,,,,,,,,,,,,,,,,,,,,,,,,,,,,,,,,,,,,,,,,,,,,,,,,,,,,,,,,,,,,
Djibouti,DJI,"Use of IMF credit (DOD, current US$)",,,,,,,,,,,,,,,,,,,,,,,,,,,,,,,,,,,,,4134135.1,5363268.6,8867773.1,14352336.5,14945680.6,16965854.9,22079964.4,22185532.1,22996972.1,20385678.1,19815956.8,17943738.8,19242593.2,39542067.5,35485589.9,39663918.5,57508686.6,57623907.6,52878485.8,49096434.4,45796005.7,43954479,36733586.9,31639049.4,72343244.8
Dominica,DMA,"Use of IMF credit (DOD, current US$)",,,,,,,,,,,,,,,,,,,,,,,,11520000,10450000,10080000,9570000,11671315.8,8846631.8,6564229.2,5686372,4754749.5,3828000,3079521.4,2490504,1703517.6,842644.6,250960.5,36608.8,813074.9,771843.9,744486.9,3592395.6,8801994.7,10155753.5,12398059.6,14885135.4,13085102.1,15911605.2,31908271.5,30239547,27318113.9,26559031.5,23849485.1,20938130.2,26503483.1,24206037.6,24416781.4,22362537.6,20760360.5,35838200.2
Denmark,DNK,"Use of IMF credit (DOD, current US$)",,,,,,,,,,,,,,,,,,,,,,,,,,,,,,,,,,,,,,,,,,,,,,,,,,,,,,,,,,,,,
Dominican Republic,DOM,"Use of IMF credit (DOD, current US$)",,,,,,,,,,,6550000,11671275,4071375,0,0,0,24979345,44336915,47551835,124263738.9,48500000,23000000,70700000,246200000,221220000,297040000,304360000,283577366.1,217679086.3,122541477.5,71753279.8,89217352.9,122978625,186089902.3,189598012.7,159730784.2,95556757.8,28513699.4,55898792.3,97839373.5,92877939.4,89585998.1,69926911.2,177045895.7,253024154.2,445624947,506927137.2,597503586.8,540901236.8,1093881075,1461025211,1622535036,1513262371,1316944438,802885729.9,403128425.4,280731424,297396255.4,290433440.2,288769935.2,988349668.4
Algeria,DZA,"Use of IMF credit (DOD, current US$)",,,,,,,,,,,,,,,,,,,,,,,,,,,,,,618837944,669930594,995436275,794990625,470753334.5,1158785098,1477675125,2031176059,2017823552,2010716168,2082628769,1885510115,1679854654,1505040302,1178931449,842694286.2,183861292.8,193526016,203283360,198140332.8,1878382596,1845240799,1839537439,1841514312,1845203857,1735936450,1660361593,1610758149,1706376276,1666425596,1656880871,1725708072
East Asia & Pacific (excluding high income),EAP,"Use of IMF credit (DOD, current US$)",,,,,,,,,,,223680000,253023029,228376886,151268872,125660312,241655936,552983898.4,750765433.9,1081284834,1364865724,1555027213,3098927333,2927945416,3154148935,2696686534,2848363801,3704345734,4322129278,3562145951,3114192549,2084895426,1478947381,1319418375,1429869042,1493404605,1336711278,1174823409,6932952258,14510875915,17266964551,17601893334,14492879372,12817628051,13442173863,12334431033,9806205830,1566655167,1609601654,1521520381,18724974855,18379302751,18291677629,18272335577,18222721899,17084246563,16357094455,15863536883,16919067876,16616209676,16509911403,18078235383
Early-demographic dividend,EAR,"Use of IMF credit (DOD, current US$)",,,,,,,,,,,,,,,,,,,,,,,,,,,,,,,,,,,,,,,,,,,,,,,,,,,,,,,,,,,,,
East Asia & Pacific,EAS,"Use of IMF credit (DOD, current US$)",,,,,,,,,,,,,,,,,,,,,,,,,,,,,,,,,,,,,,,,,,,,,,,,,,,,,,,,,,,,,
Europe & Central Asia (excluding high income),ECA,"Use of IMF credit (DOD, current US$)",,,,,,,,,,,74130000,139912000,90656000,26239000,170192000,424695000,761305000,666794000,860100000,1088385000,1814500000,2573600000,3209500000,3635300000,3372800000,3433920000,3153890000,2622300797,1609022539,733859798,466552811,721026864.7,1787564625,3568201077,6732528717,14327932353,18219892551,19501265549,26350958223,35992556766,33644289033,38564047996,46775614992,48983228049,45225516115,32316564847,27475637741,23772259905,29170618785,43081757341,45664733418,43340121958,37306333745,27691569989,24729961578,28399931545,28573602164,30311807070,28652140776,26649492434,31174897561
Europe & Central Asia,ECS,"Use of IMF credit (DOD, current US$)",,,,,,,,,,,,,,,,,,,,,,,,,,,,,,,,,,,,,,,,,,,,,,,,,,,,,,,,,,,,,
Ecuador,ECU,"Use of IMF credit (DOD, current US$)",,,,,,,,,,,13750000,5971350,8957025,0,0,0,0,0,0,0,0,0,0,213080000,238090000,359510000,486440000,489690221.5,404629113.1,324895834.3,264620450.6,182422744.9,99837375,71106451.6,198141054.7,173451087,145036962.4,133440820.9,69627085.1,45196754.1,190583160.3,231332574.8,353011603.7,438756418,341188532,125314105.8,72254827.6,52036052.3,50719550.8,452056205.4,444080218.7,442707633.8,443183393,444071328.1,417774519.6,399586498,739366335.8,783256738.6,764918673.5,2114249050,6780523250
"Egypt, Arab Rep.",EGY,"Use of IMF credit (DOD, current US$)",,,,,,,,,,,49300000,75818000,26491000,75000000,113808000,79865000,206700000,334035106.4,487514699.6,502388057,410716610.3,312946223.1,260066678.5,238437650.1,205593318.5,183526558.9,144311912.8,262276186.2,189792145.2,160886038,124781508.6,127308274.9,202400000,202188024.9,192992163.9,103311055.8,15673764.3,0,0,186557048.8,177096738.8,170819768.5,184791396.5,201978986.3,211091331.2,194272095.5,204484065.6,214793901,209359659.5,1408494794,1383643602,1379366969,1380849316,1383615901,1301681773,1245012409,3856218341,7400858183,9220255488,13129959331,20362115178
Euro area,EMU,"Use of IMF credit (DOD, current US$)",,,,,,,,,,,,,,,,,,,,,,,,,,,,,,,,,,,,,,,,,,,,,,,,,,,,,,,,,,,,,
Eritrea,ERI,"Use of IMF credit (DOD, current US$)",,,,,,,,,,,,,,,,,,,,,,,,,,,,,,,,,,,,,,,,20804700.8,19749694.8,19049691.8,20607797.2,22524544.3,23540746.1,21665077.6,22803908.8,23953653.9,23347631.4,23763267.6,23343993.4,23271840.7,23296849.9,23343526.1,21960986.6,21004904.1,20377380.8,21587026.7,21081618.6,20960870.2,21831589.4
Spain,ESP,"Use of IMF credit (DOD, current US$)",,,,,,,,,,,,,,,,,,,,,,,,,,,,,,,,,,,,,,,,,,,,,,,,,,,,,,,,,,,,,
Estonia,EST,"Use of IMF credit (DOD, current US$)",,,,,,,,,,,,,,,,,,,,,,,,,,,,,,,,,,,,,,,,,,,,,,,,,,,,,,,,,,,,,
Ethiopia,ETH,"Use of IMF credit (DOD, current US$)",,,,,,,,,,,0,0,0,0,0,0,0,0,14579522.9,73470128.8,79422876.4,144811084.6,160605557.4,133623775.8,98269130.9,71142169.3,84104016.8,75706790.9,54957042.3,30180998.6,6423309.9,0,19415000,48486666.3,72145784.7,73462336.4,92266705.2,86574623.6,107131373.1,110056083.7,91597178.8,119615561.4,158486044,173851060.2,200541734.3,176133229.9,16790608.4,17637170.3,17190953.5,368235550.7,485279684.9,483779758.7,484299656.3,485269969.5,451692494,396826122.7,334644504.9,301195845.5,242077008.1,318290495.6,939747809
European Union,EUU,"Use of IMF credit (DOD, current US$)",,,,,,,,,,,,,,,,,,,,,,,,,,,,,,,,,,,,,,,,,,,,,,,,,,,,,,,,,,,,,
Fragile and conflict affected situations,FCS,"Use of IMF credit (DOD, current US$)",,,,,,,,,,,,,,,,,,,,,,,,,,,,,,,,,,,,,,,,,,,,,,,,,,,,,,,,,,,,,
Finland,FIN,"Use of IMF credit (DOD, current US$)",,,,,,,,,,,,,,,,,,,,,,,,,,,,,,,,,,,,,,,,,,,,,,,,,,,,,,,,,,,,,
Fiji,FJI,"Use of IMF credit (DOD, current US$)",,,,,,,,,,,0,0,0,0,416000,0,0,7900000,8500000,8600000,0,0,14900000,14100000,13200000,14490000,7870000,6738635,3995383.3,780611,0,,,,,,,,,9549924.6,9065647.8,8744327.3,9459540.2,10339379.3,10805843.6,9944860.7,10467615.2,10995379.5,10717198.7,105183293.6,103327461.2,103008091.6,103118790.1,103325392.6,97206124.4,92974207.4,90196595.1,95550862.2,93313769.5,92779299.7,96633372.5
France,FRA,"Use of IMF credit (DOD, current US$)",,,,,,,,,,,,,,,,,,,,,,,,,,,,,,,,,,,,,,,,,,,,,,,,,,,,,,,,,,,,,
Faroe Islands,FRO,"Use of IMF credit (DOD, current US$)",,,,,,,,,,,,,,,,,,,,,,,,,,,,,,,,,,,,,,,,,,,,,,,,,,,,,,,,,,,,,
"Micronesia, Fed. Sts.",FSM,"Use of IMF credit (DOD, current US$)",,,,,,,,,,,,,,,,,,,,,,,,,,,,,,,,,,,,,,,,,,,,,,,,,,,,,,,,,,,,,
Gabon,GAB,"Use of IMF credit (DOD, current US$)",,,,,,,,,,,0,0,0,0,0,0,0,0,9914231.9,20049762.6,14500000,13200000,10300000,1900000,0,0,33530000,60293050,132800404.5,134944519.6,140113515.4,120643901.2,80507625,45175013.3,89663984.2,96550499.2,119727427.9,131152493,113377394.3,105259161.6,107445776.1,92663729.8,86495381.4,79514254.7,121838293.5,88230266.4,78117474.4,46957128.8,21705484.9,230010562.8,225952303.8,225253919.3,225495990.2,225947780.2,212567224.6,203313004.7,197239011.4,412399367.2,601432515.3,721529349.8,1062599829
United Kingdom,GBR,"Use of IMF credit (DOD, current US$)",,,,,,,,,,,,,,,,,,,,,,,,,,,,,,,,,,,,,,,,,,,,,,,,,,,,,,,,,,,,,
Georgia,GEO,"Use of IMF credit (DOD, current US$)",,,,,,,,,,,,,,,,,,,,,,,,,,,,,,,,,,,40510836.2,115500273.9,191536275.8,254603467.2,303790927.8,517834815.3,465965421.8,468269397.3,505720216.5,502588323.4,489543522.3,438070381.7,452922771.2,479021797.3,681907393.3,1012036999,1272156241,1209711988,965258523.7,580478645.5,420420037.6,329747062.6,306721390,397275061.6,415789656.7,447978793,792088605.3
Ghana,GHA,"Use of IMF credit (DOD, current US$)",,,,,,,,,,,46070000,19879167,1856547,0,0,45189020,44846638,46887806,44855059.7,108654695.7,105227014.5,85188645.6,75409368.7,331359719,514700107.9,700778189.7,785596904.8,866709047.1,762150652,737372547.7,744603172.1,834115234.4,739520375,738017882.8,700294402.3,648472348.4,542612778.8,346735651.4,333570763,396405583.1,374561869.7,362750087.6,449005951.4,546685391.1,566277142.3,506993512.9,253390605.2,266166248.3,259432296.9,826123368.5,937059862.6,1100924580,1252802692,1222834148,1119866884,1241945788,1365775195,1465019703,1507700118,1575603915,2611634489
Gibraltar,GIB,"Use of IMF credit (DOD, current US$)",,,,,,,,,,,,,,,,,,,,,,,,,,,,,,,,,,,,,,,,,,,,,,,,,,,,,,,,,,,,,
Guinea,GIN,"Use of IMF credit (DOD, current US$)",,,,,,,,,,,3450000,3202815,3202815,1230528,11644044,8323677,8260611.3,22323940.4,26025835.8,34460035.5,34997403.8,27599517.8,38572341.9,35851614.9,31679546.1,31107278.6,40273683.2,40437484.6,48556893.1,61298993.2,51451921.6,54907057.6,63690000,60442132.1,71001262.3,93813871.1,82425306.8,99026851.5,126787472.4,151400201.5,135802309.3,145388580.2,162915360.2,162418007,149273768.2,112503558.8,98544217.6,92498353.5,97828708.8,219612684.9,205396582.4,198841731.5,214693578.1,243398408.6,320976958.3,339865667.3,379076013.9,426088145.3,463991710.9,481053215.3,668071408.5
"Gambia, The",GMB,"Use of IMF credit (DOD, current US$)",,,,,,,,,,,0,0,0,0,0,0,0,5173449.9,15243945.8,13650173.5,16190643.7,25261486.4,40045272.4,35076874.8,32943013.2,32975492.4,29528150.4,37801614.3,34573724.4,37670396.4,44929025.5,40205097.6,35593250,33207185.4,31299183,25769790.8,17551740.1,10221917.7,10429278.5,18371045.9,24813920.9,32336919.6,38910821.9,42529947.4,32712602.6,28142326.3,25487544.8,14413460.3,20209882.7,75230387.7,76975398.1,80319263.7,94437658,95481567,86768933,88438711.2,80048234.6,93943014.7,84051097.7,77241871.4,103378149.7
Guinea-Bissau,GNB,"Use of IMF credit (DOD, current US$)",,,,,,,,,,,0,0,0,0,0,0,0,0,0,1449063,1400000,3400000,3000000,2400000,3700000,3100000,2290000,4456011.1,2964577.1,4928100,5334975,5364112.7,5156250,4738781.8,4598527.4,5908797.8,7657137.2,12194521.1,15417928.9,18998831.8,26299759.5,24707814.5,25082328.3,22270826.7,17672322,13232753.3,10031941,7107016.4,10465210.4,31268763.8,24669366.3,32005400.6,32039795.4,32103988.5,35346496.2,37743143.7,42514491.9,51604928,52594174,50290600.8,48861107.7
Equatorial Guinea,GNQ,"Use of IMF credit (DOD, current US$)",,,,,,,,,,,,,,,,,,,,,,,,,,,,,,,,,,,,,,,,,,,,,,,,,,,,,,,,,,,,,
Greece,GRC,"Use of IMF credit (DOD, current US$)",,,,,,,,,,,,,,,,,,,,,,,,,,,,,,,,,,,,,,,,,,,,,,,,,,,,,,,,,,,,,
Grenada,GRD,"Use of IMF credit (DOD, current US$)",,,,,,,,,,,,,,,,948267,1406000,1729947.9,2680012.9,3168368.6,2783223.3,8275541.8,6956580.1,7668158.1,6177723.7,4202181.7,2622771.2,2084011.6,1141153.6,458641.9,11381.3,0,0,0,0,0,0,0,0,1276434.3,1211706.3,1168758.9,1264353.6,5735844.2,10537172.9,9697597,10900882.4,9135425.3,14390742.6,40548563.7,46308959.3,45926323.1,45496159.2,45106832.8,45714145,44782655.1,43948893.9,44465743.1,38600029.2,35609141.6,58758632.6
Greenland,GRL,"Use of IMF credit (DOD, current US$)",,,,,,,,,,,,,,,,,,,,,,,,,,,,,,,,,,,,,,,,,,,,,,,,,,,,,,,,,,,,,
Guatemala,GTM,"Use of IMF credit (DOD, current US$)",,,,,,,,,,,0,0,0,0,0,0,0,0,0,0,0,111300000,105500000,140100000,149900000,115530000,69960000,59087189,88007434.3,72954278.2,66614631.8,64026049.2,30772500,0,,,,,,37988331.7,36061943,34783772.9,37628794.6,41128677.7,42984210.8,39559335.1,41638783.2,43738159.5,42631593.1,314966170.3,309408972,308452635.6,308784116.5,309402772.9,291080866.5,278408516.1,270091038.1,286124232.9,279425324.9,277824870.7,289365777.8
Guam,GUM,"Use of IMF credit (DOD, current US$)",,,,,,,,,,,,,,,,,,,,,,,,,,,,,,,,,,,,,,,,,,,,,,,,,,,,,,,,,,,,,
Guyana,GUY,"Use of IMF credit (DOD, current US$)",,,,,,,,,,,0,2236542,0,4668768,6122000,0,20041567.5,20953747.5,39435453.3,53338691.7,86000000,99301533.8,98216606.2,88994469.2,82343243.8,91173815.5,100843347.2,115954175.1,109990789.5,106331313.9,112947822.7,149417001.8,167981000,176642556.9,178468116.7,171832299.4,168393747.1,157101268.2,154177880.6,160151324.8,136352137.3,115871762.7,115911315.7,116954754.8,110630220.4,111666006.6,77611996,81525097.5,79462529.3,194621299.9,189759833.9,182057338.5,170861337.6,159788773.7,139588017.8,124524521.2,117071131.3,124020729.7,121117083.8,120423365.9,125425779.4
High income,HIC,"Use of IMF credit (DOD, current US$)",,,,,,,,,,,,,,,,,,,,,,,,,,,,,,,,,,,,,,,,,,,,,,,,,,,,,,,,,,,,,
"Hong Kong SAR, China",HKG,"Use of IMF credit (DOD, current US$)",,,,,,,,,,,,,,,,,,,,,,,,,,,,,,,,,,,,,,,,,,,,,,,,,,,,,,,,,,,,,
Honduras,HND,"Use of IMF credit (DOD, current US$)",,,,,,,,,,,0,0,0,0,20545432,19644346,19495507.4,5211105.9,0,9978774.7,32823854.8,54075753.2,119319654.6,161289539.6,149450574.5,146887287.9,109519921.6,77105589.6,36717424.5,35435010.2,32238898.2,33686627.8,111856250,118141265,109212834.9,98647936.6,57918154.1,45739573.6,112704356,236605619.5,240790797.1,244031831.4,222485448,199827301.7,224821492.7,195359770,59271855.6,62260269.8,60685097.7,226047757.6,220493207,215127587,209105048.5,203259281.9,185328241.2,173032020.1,166495488.4,176379024.8,172249535.8,171262948.4,664078984.3
Heavily indebted poor countries (HIPC),HPC,"Use of IMF credit (DOD, current US$)",,,,,,,,,,,,,,,,,,,,,,,,,,,,,,,,,,,,,,,,,,,,,,,,,,,,,,,,,,,,,
Croatia,HRV,"Use of IMF credit (DOD, current US$)",,,,,,,,,,,,,,,,,,,,,,,,,,,,,,,,,,,,,,,,,,,,,,,,,,,,,,,,,,,,,
Haiti,HTI,"Use of IMF credit (DOD, current US$)",,,,,,,,,,,2890000,1200000,0,0,3739365,12981945,14498337.7,12267202.2,20375418.3,24573402,46174890.2,58452932.8,67202902.8,94453368.6,100741805.6,95846168.2,78576783.5,80237990.9,47414090.2,41348101.5,37597727.5,32585760.8,35083047.7,33786289.1,34952992.7,28689370.7,24875193,43106507.5,37882715.2,67021261.4,57168160.9,56777023.6,48727899.6,37484804.4,31267452.1,41280620.8,52690169,76893840.1,126099003.9,290747738.7,134918560.6,148178998.6,169070168,178232889.2,177106529.6,177541638.3,215979833.2,212665673.6,200579866.3,185491424.1,291051204.7
Hungary,HUN,"Use of IMF credit (DOD, current US$)",,,,,,,,,,,,,,,,,,,,,,,,,,,,,,,,,,,,,,,,,,,,,,,,,,,,,,,,,,,,,
IBRD only,IBD,"Use of IMF credit (DOD, current US$)",,,,,,,,,,,,,,,,,,,,,,,,,,,,,,,,,,,,,,,,,,,,,,,,,,,,,,,,,,,,,
IDA & IBRD total,IBT,"Use of IMF credit (DOD, current US$)",,,,,,,,,,,,,,,,,,,,,,,,,,,,,,,,,,,,,,,,,,,,,,,,,,,,,,,,,,,,,
IDA total,IDA,"Use of IMF credit (DOD, current US$)",,,,,,,,,,,,,,,,,,,,,,,,,,,,,,,,,,,,,,,,,,,,,,,,,,,,,,,,,,,,,
IDA blend,IDB,"Use of IMF credit (DOD, current US$)",,,,,,,,,,,,,,,,,,,,,,,,,,,,,,,,,,,,,,,,,,,,,,,,,,,,,,,,,,,,,
Indonesia,IDN,"Use of IMF credit (DOD, current US$)",,,,,,,,,,,138460000,136091000,116300000,23114000,0,0,0,0,0,0,0,0,0,445100000,413100000,46090000,51330000,716227524.9,622924530,608324664,493911985.5,165536518.1,0,0,0,0,0,2970336006,9089988448,10576254291,11148904455,9413732115,9186352773,10630687333,10057236852,8148491236,359485406.4,377610219,368056758.1,3104713977,3049935042,3040508154,3043775659,3049873982,2869269976,2744354880,2662367046,2820410977,2754377864,2738601714,2852363841
IDA only,IDX,"Use of IMF credit (DOD, current US$)",,,,,,,,,,,143250000,129323382,239722776,313807400,580158531.8,883092876,1241287096,1360137878,2009790816,2753702088,3419881765,4768946315,5311883356,6192283825,6115952065,6768538473,7075270976,7993645476,7240056786,6596759288,6702933392,6903303212,6731275298,6635788462,7320805718,8008127616,7794235060,7323883262,8019236189,9798446920,9152766534,8686503735,9375308990,9754819876,10024477524,8681116952,5902896275,6175755666,6969773469,16439032273,15498934436,16091427266,16889698613,17509718114,16806877445,16653009357,16329964379,17526335511,17263833067,17788327323,28195474990
Isle of Man,IMN,"Use of IMF credit (DOD, current US$)",,,,,,,,,,,,,,,,,,,,,,,,,,,,,,,,,,,,,,,,,,,,,,,,,,,,,,,,,,,,,
India,IND,"Use of IMF credit (DOD, current US$)",,,,,,,,,,,0,0,0,74796800,608514556,817523224,472063147.3,151960221,0,0,1013962429,1623734676,3524446378,4636427498,4406542877,4663026864,4536691007,4113563560,2678419378,1582264410,2771330299,3598349794,4720474000,4901188815,4033829655,2415513565,1361208912,671083198.4,298150359.5,961333449.8,887503204.7,856046774.1,926064238.4,1012198185,1057863822,973575845.9,1024752148,1076418893,1049185716,6236675801,6126637176,6107700666,6114264353,6126514520,5763720184,5512793758,5348098577,5665573406,5532927686,5501236938,5729759547
Not classified,INX,"Use of IMF credit (DOD, current US$)",,,,,,,,,,,,,,,,,,,,,,,,,,,,,,,,,,,,,,,,,,,,,,,,,,,,,,,,,,,,,
Ireland,IRL,"Use of IMF credit (DOD, current US$)",,,,,,,,,,,,,,,,,,,,,,,,,,,,,,,,,,,,,,,,,,,,,,,,,,,,,,,,,,,,,
"Iran, Islamic Rep.",IRN,"Use of IMF credit (DOD, current US$)",,,,,,,,,,,,,,,,,,,,,,,,,,,,,,,,,,,,,,,,334969289.9,317983003,306712496.9,331799013.1,362659894.3,379021408.6,348821919.1,367157846.4,385669494,375912135.1,2235620001,2196175182,2189387136,2191739978,2196131214,2066082895,1976134948,1917097749,2030900865,1983352225,1971992251,2053909249
Iraq,IRQ,"Use of IMF credit (DOD, current US$)",,,,,,,,,,,,,,,,,,,,,,,,,,,,,,,,,,,,,,,,,,,,,,,,,,,,,,,,2858670724,3946683802,5012946804,4740629890,4018571348,2943614930
Iceland,ISL,"Use of IMF credit (DOD, current US$)",,,,,,,,,,,,,,,,,,,,,,,,,,,,,,,,,,,,,,,,,,,,,,,,,,,,,,,,,,,,,
Israel,ISR,"Use of IMF credit (DOD, current US$)",,,,,,,,,,,,,,,,,,,,,,,,,,,,,,,,,,,,,,,,,,,,,,,,,,,,,,,,,,,,,
Italy,ITA,"Use of IMF credit (DOD, current US$)",,,,,,,,,,,,,,,,,,,,,,,,,,,,,,,,,,,,,,,,,,,,,,,,,,,,,,,,,,,,,
Jamaica,JAM,"Use of IMF credit (DOD, current US$)",,,,,,,,,,,0,0,0,15984800,16223300,15511775,80096560.2,107064539.4,180540638.2,351410950.8,309300000,469700000,582900000,627200000,628720000,693210000,678160000,678452865.1,482795443.3,383406180,356720613.7,391425741,357077875,335413725.3,317724663.6,240387732.2,161396633.6,117556101.2,105117890.2,139164276.1,113269783.7,91085277,78877990.9,69234314.2,63977799.9,58046942.5,61098197.2,64178693.3,62554985.5,410176133.7,1188200367,1233502933,1234828526,1239481652,1045670681,1024611961,1102854823,1152093264,1073513070,977754484.9,1449324874
Jordan,JOR,"Use of IMF credit (DOD, current US$)",,,,,,,,,,,0,4874000,4875000,1918000,12000,12000,12000,12000,0,0,0,0,0,0,0,63050000,70210000,81431084,48276987.5,96472485.6,94229885.1,94744534.7,111640375,81281783.7,144364561.9,251469515.2,339513866.4,427145552,469448477.3,521210656.5,483595893.1,454160857.6,505594611.8,446462658.5,363961870.6,260391555,183688744.4,114245754.1,53561349,266008204,257407753.8,256612145.3,642156845.8,1299868078,1593426192,2070422828,1819895841,1500416559,981146429.5,728982779.6,1271031160
Japan,JPN,"Use of IMF credit (DOD, current US$)",,,,,,,,,,,,,,,,,,,,,,,,,,,,,,,,,,,,,,,,,,,,,,,,,,,,,,,,,,,,,
Kazakhstan,KAZ,"Use of IMF credit (DOD, current US$)",,,,,,,,,,,,,,,,,,,,,,,,,,,,,,,,,,84989022,289050290.8,432301025.1,551601467,511310415.2,652850021.2,931659169.5,447749674.2,431879752.3,467203902.8,510658896.9,533697432.3,491173739.4,516992432.2,543058555.6,529319285.8,538742266.7,529236808.9,527601017.9,528168008.4,529226213.6,497887642.3,476211856,461984986.5,489409425.8,477951085.9,475213542.8,494954019.4
Kenya,KEN,"Use of IMF credit (DOD, current US$)",,,,,,,,,,,0,0,0,0,39242020,80251485,98790404.9,64119682.1,94041896.1,188034366.9,253896083.1,258599035.7,393464493.9,464237304.5,419810230.4,521810030.2,459803182.4,401317634.1,455445436.5,415432259.2,482115288.8,493272360.9,393368250,363089584.8,404747779.2,373788318.8,337223196.1,250423490.9,196459614.5,182248736,174880488.9,145325743.7,138136748.6,167284558.7,160065634.7,211650589.4,208916028,327348787.5,308716316.1,857631720.8,816750541.4,1099534525,1292972531,1470879637,1327897900,1204763865,1103364325,1046744358,878613102.6,719708168.5,1390662740
Kyrgyz Republic,KGZ,"Use of IMF credit (DOD, current US$)",,,,,,,,,,,,,,,,,,,,,,,,,,,,,,,,,,60244339.5,77839199.6,124322592.1,139624480.8,164879694.3,175202585.1,306650283.7,298427619,285826893.5,300440316.6,327818346.8,338534428.6,299008992.5,290546267.4,283735458.3,295043330,299977472.1,307148194.1,311902373.5,320769004.1,333225010.8,307971035.5,305629807.6,301954389.5,320961404.5,284688080.2,257512545.7,498422185.9
Cambodia,KHM,"Use of IMF credit (DOD, current US$)",,,,,,,,,,,,,,,,,,,,,,,,,,,22927660.8,26591363,25223800.8,24632615,26666339,26811980.9,14885750,8584749.7,29561961.6,71723143.1,69381571.4,65101310.5,66470281.8,94073205.4,93361319,99191185.4,117191983.4,126481308.5,121316482.2,103259040.4,23193334.8,24362714.2,23746342.6,131560341,129239117.4,128839658.8,128978117.3,129236530,121583717.7,116290510.1,112816321.3,119513344.8,116715228.5,116046722.9,120867329.7
Kiribati,KIR,"Use of IMF credit (DOD, current US$)",,,,,,,,,,,,,,,,,,,,,,,,,,,,,,,,,,,,,,,,,,,,,,,,,,,,,,,,,,,,,
St. Kitts and Nevis,KNA,"Use of IMF credit (DOD, current US$)",,,,,,,,,,,,,,,,,,,,,,,,,0,0,0,0,0,0,0,0,0,0,0,0,0,0,2288000,2230000,2117000,2042000,1105000,0,0,0,0,0,0,3488000,3427000,,,,,,,,,,
"Korea, Rep.",KOR,"Use of IMF credit (DOD, current US$)",,,,,,,,,,,,,,,,,,,,,,,,,,,,,,,,,,,,,,,,,,,,,,,,,,,,,,,,,,,,,
Kuwait,KWT,"Use of IMF credit (DOD, current US$)",,,,,,,,,,,,,,,,,,,,,,,,,,,,,,,,,,,,,,,,,,,,,,,,,,,,,,,,,,,,,
Latin America & Caribbean (excluding high income),LAC,"Use of IMF credit (DOD, current US$)",,,,,,,,,,,108510000,111517977,262337691,283564320,199814781,432338392,1307615313,1362155191,996859689.2,1349104118,1264217358,1520619911,2840711056,7842913975,10296566673,12808396882,14309386567,15986951892,14312677844,12760895104,13426821474,12491973410,10976992048,10742778045,10607183437,24261726021,21522767309,16799530799,20403296819,21485637401,10332939017,25564192080,38472176657,47498136006,42886335908,12912125467,2950857879,3139877964,3107089590,18672777059,19386413431,19568532608,19464813782,19274390283,17554010259,16421338762,16286605646,17190083177,44810881459,61960530593,77768673033
Lao PDR,LAO,"Use of IMF credit (DOD, current US$)",,,,,,,,,,,,,,,,,,,7019432.5,12286736.9,16140313.6,14786947.8,14013909.4,13300452.8,11395921.5,10422907.4,8512248.8,6277570.5,2551447.2,8284464.6,8406497.9,20955800.3,28201250,36227643.7,47065562.5,63618799.5,67026192.9,66060627.2,62337713.7,65633426.5,54667497.8,49211033.4,55986393.1,58337696.2,52772832.8,42699441.2,41616217.2,40639289.3,35424669.7,95070617.6,87812142.6,82672387.3,79280108.2,78043709.8,73422541.1,70226054.2,68128044.9,72172274.7,70482535.1,70078834.9,72989925.3
Lebanon,LBN,"Use of IMF credit (DOD, current US$)",,,,,,,,,,,,,,,,,,,,,,,,,,,,,,,,,,,,,,,,6029710.9,5723944.2,5521066.2,5972643.3,6528163.4,6822683.5,6279069,6609130.1,87140041.8,124019768,422354405.8,395364110.8,355184623.9,316566983.6,297661728.4,280035177,267843706.2,259841852.8,275266633.5,268821930,267282208.4,278385171
Liberia,LBR,"Use of IMF credit (DOD, current US$)",,,,,,,,,,,4350000,1650264,0,72384,0,0,0,3769245.1,15659535.8,67166704.7,89006099.7,134186626.4,195092258.5,234260256.3,232576823.9,253128645.8,281824527.2,326859264,308644369.2,298583722.8,322268056.5,324028168.1,311471875,311145668.1,329680834.8,335551336.2,324596469.1,304524366.5,317168621.2,337397260.9,319693723.8,307794541.4,332644634.5,363584167.7,379987380.8,349650895.7,367294746.8,385070579.3,890329969.5,1085542261,235311987,248217870.9,266654086.9,289924886.5,327205371,332141605,359443392.9,401806656.7,389481443.3,396297069.6,472904949.5
Libya,LBY,"Use of IMF credit (DOD, current US$)",,,,,,,,,,,,,,,,,,,,,,,,,,,,,,,,,,,,,,,,,,,,,,,,,,,,,,,,,,,,,
St. Lucia,LCA,"Use of IMF credit (DOD, current US$)",,,,,,,,,,,,,,,,,,,,,,,,,,,,,,,,,,,,,,,,1017853.4,966238.1,931991,1008220,1101995.4,1151712.2,1059946.6,1115663,1171913.4,1142264.2,33637574.7,33044080.3,41170993.2,41215237.9,41297814.3,38020990.3,33396106.9,29774259.8,28488381.2,24839537.4,21732486.9,52353758.7
Latin America & Caribbean,LCN,"Use of IMF credit (DOD, current US$)",,,,,,,,,,,,,,,,,,,,,,,,,,,,,,,,,,,,,,,,,,,,,,,,,,,,,,,,,,,,,
Least developed countries: UN classification,LDC,"Use of IMF credit (DOD, current US$)",,,,,,,,,,,,,,,,,,,,,,,,,,,,,,,,,,,,,,,,,,,,,,,,,,,,,,,,,,,,,
Low income,LIC,"Use of IMF credit (DOD, current US$)",,,,,,,,,,,69820000,74565801,152389318,182805424,269282100,419871500,641901967.6,744391228.1,1190779669,1647459684,2043240013,2952651691,3222133682,3670554205,3649149630,4011819629,4236426329,4747599599,4302492226,3963497361,4088861416,4073750361,3968313250,3888991883,4326082857,4894503228,4835767547,4744251595,5036820523,5889343616,5523556130,5270573050,5796762975,6011134405,6169938828,5270356799,3611902824,3692084403,4208639290,9346885356,8262802388,8494873944,8764704598,8844147110,8576751895,8389068803,8298752191,8971176947,8960557151,9634192852,14259896445
Liechtenstein,LIE,"Use of IMF credit (DOD, current US$)",,,,,,,,,,,,,,,,,,,,,,,,,,,,,,,,,,,,,,,,,,,,,,,,,,,,,,,,,,,,,
Sri Lanka,LKA,"Use of IMF credit (DOD, current US$)",,,,,,,,,,,78520000,77664000,80950000,89393000,124509000,145986000,156000000,206400000,295116724.2,401505107,390974114,515171285.2,482343741.6,445092868.2,404822806.8,396615021.5,346775373.6,276695446.4,359436470,365742555.4,409865500.7,400763588.4,464433750,516057462.4,617201202.8,595300600.8,530952361,433387182.3,367262105.7,355469101.3,252853137.9,303397243.1,406317023.4,498584542.2,403986044.3,482583010.7,350943423.2,363193598.3,277784614,1341224961,1919837136,2325235819,3118078798,2664811798,1820727764,1240208081,1085545207,1328597612,1544738288,1863620210,1926645687
Lower middle income,LMC,"Use of IMF credit (DOD, current US$)",,,,,,,,,,,507220000,506759942,552729649,659013528,1611423660,2269412350,2686714856,2750928765,3425734984,4029082300,5811494725,7525846912,10484369141,12997383723,12210794800,12911959720,12678016788,13016282107,10547621865,10029813049,10694726715,11996933037,12836760673,12622461874,13715712017,13564034168,13064115550,15007995354,22223175637,29820045294,28648455970,26413192700,26636257074,28140006967,26446298250,21467411618,11455260059,11656947064,18915809788,55593604558,60730612079,61599834732,57379573528,49299815129,47230428350,51688459116,54796509338,61905814591,63065648050,66495610804,94048897428
Low & middle income,LMY,"Use of IMF credit (DOD, current US$)",,,,,,,,,,,736220000,806268974,1035975442,1116998416,2175100356,3458305427,5416306237,5624451778,6704961070,8441069188,11111562282,16170071767,21180832059,29171979090,30430487509,34434657023,36349458611,38435631957,32430844873,28629053821,29076240812,29163642849,29342345923,31336772557,35611997092,56051455049,55936519935,56269945352,74067108982,91640400746,77097538932,93629852338,1.1422E+11,1.26516E+11,1.171E+11,68905279568,43227532921,39734716108,48498910847,1.29341E+11,1.34431E+11,1.33795E+11,1.27477E+11,1.15793E+11,1.06969E+11,1.09396E+11,1.1234E+11,1.23544E+11,1.50852E+11,1.70926E+11,2.24346E+11
Lesotho,LSO,"Use of IMF credit (DOD, current US$)",,,,,,,,,,,,0,0,0,0,0,0,649869.8,354358.9,4725262.7,6207420.5,5687108.6,5389795.5,4967777.8,4244309.3,3853257.4,3103258.4,2220202.9,5049066.4,10146629.4,15064546.7,18359569.8,24915000,34222246.2,40340033.8,38382658.6,33764739.4,27504460.4,23599991.4,22230543.9,15988008.6,19948075.3,27093874.1,32122213.5,43855449.4,40361155.5,41956211.6,41306154.7,35409267,75685229.4,78815941.8,80307188.7,115150934.8,130181036.1,120950589.9,114604075.9,108319531.5,108050488.4,93814454.5,79280156.3,119386733.7
Late-demographic dividend,LTE,"Use of IMF credit (DOD, current US$)",,,,,,,,,,,,,,,,,,,,,,,,,,,,,,,,,,,,,,,,,,,,,,,,,,,,,,,,,,,,,
Lithuania,LTU,"Use of IMF credit (DOD, current US$)",,,,,,,,,,,,,,,,,,,,,,,,,,,,,,,,,,,,,,,,,,,,,,,,,,,,,,,,,,,,,
Luxembourg,LUX,"Use of IMF credit (DOD, current US$)",,,,,,,,,,,,,,,,,,,,,,,,,,,,,,,,,,,,,,,,,,,,,,,,,,,,,,,,,,,,,
Latvia,LVA,"Use of IMF credit (DOD, current US$)",,,,,,,,,,,,,,,,,,,,,,,,,,,,,,,,,,,,,,,,,,,,,,,,,,,,,,,,,,,,,
"Macao SAR, China",MAC,"Use of IMF credit (DOD, current US$)",,,,,,,,,,,,,,,,,,,,,,,,,,,,,,,,,,,,,,,,,,,,,,,,,,,,,,,,,,,,,
St. Martin (French part),MAF,"Use of IMF credit (DOD, current US$)",,,,,,,,,,,,,,,,,,,,,,,,,,,,,,,,,,,,,,,,,,,,,,,,,,,,,,,,,,,,,
Morocco,MAR,"Use of IMF credit (DOD, current US$)",,,,,,,,,,,27540000,0,0,0,0,0,133934000,154406058.6,286125472.4,305858529.7,457098926.2,578439091.9,989584646.4,1031327968,1084843401,1274326644,1093504323,1119436233,956920541.5,849692488.8,749630852.5,574377745,438768000,284527449.8,147536815.9,51775933.6,3307308.1,0,0,117609009.1,111645055,107687937,116495909.3,127331283.3,133075873.9,122472717,128910531.6,135410042.3,131984196,880135738.3,864606804.3,861934435.3,862860719.7,864589494.7,813391015.1,777979632.5,754737425.1,799540289.5,780820984.3,776348704.4,3906327820
Monaco,MCO,"Use of IMF credit (DOD, current US$)",,,,,,,,,,,,,,,,,,,,,,,,,,,,,,,,,,,,,,,,,,,,,,,,,,,,,,,,,,,,,
Moldova,MDA,"Use of IMF credit (DOD, current US$)",,,,,,,,,,,,,,,,,,,,,,,,,,,,,,,,,,86534277,164160127.3,230182978.2,247743257.4,233049199.2,176786618.8,336824342.8,307508358.3,294083085.5,312005186.4,317496179.5,309172573.9,263695422.6,318163415.2,345551018.9,347467317.5,338429118.7,508723618.6,654666113.5,792877877.9,772647731.4,698980331,628225114.8,573775582.6,562167019.6,495514001.9,457511992.6,668846272.9
Madagascar,MDG,"Use of IMF credit (DOD, current US$)",,,,,,,,,,,0,0,0,0,4224180,16741010,16614169,19034505.7,31509278.9,27197595.2,86980627.1,116673895.7,167627818.9,165900905.6,170807526.3,184180176.2,203179498.4,238366090.5,190265831.6,165318699.7,143654516.2,126830511.2,106056500,92080712,85515090.6,72673010.2,73078566.6,69448593.9,58036181.9,89318831.1,129290365.1,151616934.1,175757386.1,200906115.9,255768322.9,239980150.1,57880285.6,73212982.5,128840505,284484833.7,277717507.7,273375597.3,266558054.1,256338299.3,266765571.7,281217392.1,300807674.5,439937850.8,465153021.8,545183134.5,956302254.8
Maldives,MDV,"Use of IMF credit (DOD, current US$)",,,,,,,,,,,,,,,,,,,,,,,,,,,,,,,,,,,,,,,,387596.8,367941.8,354900.6,383928.4,419637.9,438570,6263632.8,6592882.6,6925287.6,4382684.2,20895909.4,27629844.6,27544444.9,27574045.8,22105314.4,14856046.8,13072982.3,12131249.8,12267492.3,11408663.3,10776359.8,41610796.3
Middle East & North Africa,MEA,"Use of IMF credit (DOD, current US$)",,,,,,,,,,,,,,,,,,,,,,,,,,,,,,,,,,,,,,,,,,,,,,,,,,,,,,,,,,,,,
Mexico,MEX,"Use of IMF credit (DOD, current US$)",,,,,,,,,,,,,,,,,370763189.6,509109255.2,298820942.3,135829896.3,0,0,221300000,1260260000,2359860000,2969360000,4060120000,5162859824,4804486771,5090559088,6551269631,6765838320,5949557625,4787170977,3860122109,15828245234,13278784366,9087522294,8379947063,4871348033,377869958.2,364476834.6,394287990.4,430961019.4,450403960.2,414516885.4,436306088,458304105,446709105.4,4469790297,4390926236,4377354547,4382058704,4390838329,4130825645,3950988095,3832951991,4060484405,3965417968,3942705388,4106486249
Marshall Islands,MHL,"Use of IMF credit (DOD, current US$)",,,,,,,,,,,,,,,,,,,,,,,,,,,,,,,,,,,,,,,,,,,,,,,,,,,,,,,,,,,,,
Middle income,MIC,"Use of IMF credit (DOD, current US$)",,,,,,,,,,,666400000,731703173,883586124,934192992,1905818256,3038433927,4774404270,4880060550,5514181402,6793609504,9068322269,13217420076,17958698377,25501424885,26781337879,30422837393,32113032282,33688032357,28128352648,24665556460,24987379396,25089892488,25374032673,27447780674,31285914236,51156951821,51100752388,51525693756,69030288459,85751057130,71573982801,88359279287,1.08423E+11,1.20505E+11,1.1093E+11,63634922769,39615630096,36042631705,44290271556,1.19994E+11,1.26168E+11,1.253E+11,1.18713E+11,1.06949E+11,98391867245,1.01007E+11,1.04041E+11,1.14573E+11,1.41892E+11,1.61292E+11,2.10086E+11
North Macedonia,MKD,"Use of IMF credit (DOD, current US$)",,,,,,,,,,,,,,,,,,,,,,,,,,,,,,,,,,3858329.9,20475855.4,56615945.1,68153553.5,88089831.4,102396168.1,113206946.5,92108823.7,81323870.4,78778330,80799164,75556567.3,74142944,68273724.9,13240431.2,12906991.3,102868488,101053497.5,403187811.2,403621100,404429770.7,273450358.2,90927483.3,88211017.1,93447416,91259570.4,90736866.3,296575761.7
Mali,MLI,"Use of IMF credit (DOD, current US$)",,,,,,,,,,,8580000,8294748,9011310,8842912,12684784,12432834,14790095.9,13580457.8,25023990.3,28854796.3,38714180.6,32823976,57915761.9,68409490.1,82612171.7,98023225.6,98803256.8,85179183.7,73835867.6,55106671.3,69297768.6,60029427.7,65356500,70649056.1,108173421.7,147232376.1,164843423.8,175708774.4,186471049.4,215272697.2,196275574,190932475.5,187156961.2,192428657.1,169507935.5,131933055.1,31950447.2,37786938,64540393.5,183972782.8,186682100.9,229811161,237436881.7,276568115,264250446.2,255981852.4,288442511,334118980.7,440690389,446739781.3,680571498.5
Malta,MLT,"Use of IMF credit (DOD, current US$)",,,,,,,,,,,,,,,,,,,,,,,,,,,,,,,,,,,,,,,,,,,,,,,,,,,,,,,,,,,,,
Myanmar,MMR,"Use of IMF credit (DOD, current US$)",,,,,,,,,,,16470000,19510029,8663886,36167872,42217312,47389936,40059898.4,84252285.6,124374755.7,134523104.9,109602358.4,125178078.2,135442052,143596521.2,120001229,104431183.1,69022729.6,30096871.9,7764689,1645328.3,0,0,0,0,0,0,0,0,0,59668497.8,56642709.3,54635080,59103772.5,64601059.8,67515556.7,62136084,65402285.6,68699788.5,66961698,385273926.7,378476232.8,377306419.9,377711895.1,378468655.6,356056874.3,340555761.1,330381628.9,349993805,341799545.2,339841832.4,726124309.5
Middle East & North Africa (excluding high income),MNA,"Use of IMF credit (DOD, current US$)",,,,,,,,,,,99610000,88628000,55925000,98476000,131794000,107564000,383369000,565886410.1,862043707.8,891254272,916221636.2,928771941.4,1298743583,1324724827,1339613543,1568596665,1523484590,1748508381,1477511315,1997528457,1814755055,2049487282,1837992750,1323489571,1946305535,2177230703,2751861494,2873678437,2953893534,3978159738,3564938956,3326551743,3285955762,2997127192,3058207481,2093543242,2050130126,1593208050,1466323178,10190990038,11200231768,11562892292,12032950172,12674521322,12641149830,13581886284,17070433574,21781247285,22816137355,25540220174,36249491946
Montenegro,MNE,"Use of IMF credit (DOD, current US$)",,,,,,,,,,,,,,,,,,,,,,,,,,,,,,,,,,,,,,,,,,,,,,,38847137.3,40805762.3,39773384.9,40481433.6,39767187.5,39644273.1,39686877.2,39766391.4,37411043.4,35782335,34713334.7,36773994.2,35913019.9,35707322.2,124326854.5
Mongolia,MNG,"Use of IMF credit (DOD, current US$)",,,,,,,,,,,,,,,,,,,,,,,,,,,,,,,,16092338.1,18906250,31626217.9,55277218.5,46995381.7,43577378.7,47554314.8,48322182.7,118350283.2,113798881.1,108120364,108893594.4,122020558.8,119977925.8,104691296.2,104110631.5,102563106.5,95056359.9,258357019.3,272731749.9,268139647.9,233528966.3,140009161.4,73415297,67564065.8,65545583.6,188875802.7,286505844.8,284864835.7,400829594.6
Northern Mariana Islands,MNP,"Use of IMF credit (DOD, current US$)",,,,,,,,,,,,,,,,,,,,,,,,,,,,,,,,,,,,,,,,,,,,,,,,,,,,,,,,,,,,,
Mozambique,MOZ,"Use of IMF credit (DOD, current US$)",,,,,,,,,,,,,,,,,,,,,,,,,,,,17307652,41043850,56114632,73764921,117795915,174460000,189358975,212028607.3,201843046.2,181021912.1,189040713.3,207318342.1,348971713.4,361300924.7,332691689.8,348034477.1,370880363.6,366320979.7,312492814.3,173484483.4,187382973,182642222.3,341722018.6,357311686.7,354715007.8,352855375.8,350562416.9,326743202.2,398591543.4,354828301.9,343071088.5,303440123,375009852.6,688503057
Mauritania,MRT,"Use of IMF credit (DOD, current US$)",,,,,,,,,,,0,0,0,0,0,0,13732830.6,21768817.9,40563669.4,45046099.3,61469501.9,60099935.1,72272066.4,63265518.2,47352601.9,45733899.4,56265889.6,78788120.4,70697695.2,68722683,69939388.2,56483391.6,57776125,63326608,85863994.7,99794020.4,107277570,112567924.1,110312112.9,119894235.2,110856794.5,116815567,125907866.3,118724545.1,105424530.9,83220675,14622768,28600944.8,30850067.8,112835038,144848062.2,178299120.3,211434608.7,225981558.6,209611662.3,196098891.3,180047696.9,199723433.1,220881344.6,244042441.7,424316052.6
Mauritius,MUS,"Use of IMF credit (DOD, current US$)",,,,,,,,,,,0,0,0,0,0,0,0,13361810,26431003.5,63769310.6,101829188.4,159312987.3,175758157,180947202.2,160977171.9,164890957.8,161624971.2,151714337.7,102958161.3,62523790.3,22068301.9,0,,,,,,,,21608797.3,20513015,19785957.1,21404282.9,23395111.7,24450589.4,22502426.9,23685273.6,24879456,24250010.9,151761091.1,149083449.6,148622655.2,148782373.7,149080465,140253019.3,134147034.3,130139380.3,137864738.6,134636968.6,133865813.4,139426629.1
Malawi,MWI,"Use of IMF credit (DOD, current US$)",,,,,,,,,,,0,0,0,0,0,2774559,4333625.9,13076353.2,15303874.1,49665975.7,79723536.8,104662489.6,97370489.5,117007521.1,125338809.2,145468559.4,133270998.4,116947237.1,105710117.8,100475417,114986494.5,115079528.4,91938000,86012324.1,112255162.2,115975950.7,119436960,105806832.5,102175107.4,102622569.9,96841391.6,86557278.7,109479426.6,118497191.7,109519818.3,90871557.4,35971708.4,48341427.7,141586239.3,230946818.6,248247656.8,246725008,282957152.3,295288121.5,272520225.3,254655708.3,295934471.9,318897834,314065770.5,339457406.9,527901600.8
Malaysia,MYS,"Use of IMF credit (DOD, current US$)",,,,,,,,,,,,,,,,,,,,,,,,,,,,,,,,,,,,,,,,,,,,,,,,,,,,,,,,,,,,,
North America,NAC,"Use of IMF credit (DOD, current US$)",,,,,,,,,,,,,,,,,,,,,,,,,,,,,,,,,,,,,,,,,,,,,,,,,,,,,,,,,,,,,
Namibia,NAM,"Use of IMF credit (DOD, current US$)",,,,,,,,,,,,,,,,,,,,,,,,,,,,,,,,,,,,,,,,,,,,,,,,,,,,,,,,,,,,,
New Caledonia,NCL,"Use of IMF credit (DOD, current US$)",,,,,,,,,,,,,,,,,,,,,,,,,,,,,,,,,,,,,,,,,,,,,,,,,,,,,,,,,,,,,
Niger,NER,"Use of IMF credit (DOD, current US$)",,,,,,,,,,,0,0,0,0,0,0,0,0,7019432.5,7097774,16140313.6,14786947.8,14013909.4,45600452.8,56752587.8,78287232.6,106123208.8,122467243.2,94629624,84592479.2,84871627.6,73383922.7,61300250,51845020.4,60986691.6,52080664,52640840.8,60745931.7,76132183.9,81056320.9,86212251.8,92574502,119209511.2,145391762.7,150056485.2,141087529.5,40669949.6,54975317.3,65167283.4,155401521.3,157581584.7,152585435.8,163620047.2,172850601.6,201633093,236549752.6,239406665.8,286917475.7,311380152,345667676.6,497916651.6
Nigeria,NGA,"Use of IMF credit (DOD, current US$)",,,,,,,,,,,,,,,,,,,,,,,,,,,,,,,,,,,,,,,,215696807.7,204758821.1,197501403.2,213655365.6,233527615.4,244063286.6,224616926.9,236423982,248344188.8,242061131.9,2626469402,2580128516,2572153729,2574917913,2580076861,2427291720,2321618367,2252259822,2385958891,2330097425,2316751411,5948128731
Nicaragua,NIC,"Use of IMF credit (DOD, current US$)",,,,,,,,,,,8000000,11931843,8957025,14766336,12317464,18145850,10154394.2,2429420,2618607.9,57317028.3,49300000,24700000,19300000,13910000,8850000,0,0,0,0,0,0,24360223.8,23416250,23391726,50979420.3,39252255.2,28787959.8,27011984.2,51869010.4,182044231.3,193895157.4,181990841.5,200901708.5,242187848.5,277974812.9,228631746.3,92164057.2,115615830.8,141031742,345554536.2,359170027.1,372962752.7,360521057.4,344709944.2,303411646.1,263629699.6,227659894.8,218957790.1,195445157.6,181133557.5,369008303.2
Netherlands,NLD,"Use of IMF credit (DOD, current US$)",,,,,,,,,,,,,,,,,,,,,,,,,,,,,,,,,,,,,,,,,,,,,,,,,,,,,,,,,,,,,
Norway,NOR,"Use of IMF credit (DOD, current US$)",,,,,,,,,,,,,,,,,,,,,,,,,,,,,,,,,,,,,,,,,,,,,,,,,,,,,,,,,,,,,
Nepal,NPL,"Use of IMF credit (DOD, current US$)",,,,,,,,,,,,,,,,,5187570.9,7273683.5,17182497.3,24443058.1,41582192.2,37825208.1,30502094.6,23435975.8,15541229.6,21781668.6,23496448.8,43006677.9,52702994.8,52370590.2,43941699.4,38475707.6,43594375,49184434.8,54996927.3,48238087.4,39154213.6,29692943.8,24158979.3,28786749.6,22953104.9,17920718.5,14822574.7,23470599,34732758,31965337.7,55098349.1,91662085.2,89343053.3,182751265.5,219056329.7,214000669.7,203821088.7,188860260.4,165284023.7,193660005.5,170623931.2,168062080.9,156194238,147411972.8,370271418.6
Nauru,NRU,"Use of IMF credit (DOD, current US$)",,,,,,,,,,,,,,,,,,,,,,,,,,,,,,,,,,,,,,,,,,,,,,,,,,,,,,,,,,,,,
New Zealand,NZL,"Use of IMF credit (DOD, current US$)",,,,,,,,,,,,,,,,,,,,,,,,,,,,,,,,,,,,,,,,,,,,,,,,,,,,,,,,,,,,,
OECD members,OED,"Use of IMF credit (DOD, current US$)",,,,,,,,,,,,,,,,,,,,,,,,,,,,,,,,,,,,,,,,,,,,,,,,,,,,,,,,,,,,,
Oman,OMN,"Use of IMF credit (DOD, current US$)",,,,,,,,,,,,,,,,,,,,,,,,,,,,,,,,,,,,,,,,,,,,,,,,,,,,,,,,,,,,,
Other small states,OSS,"Use of IMF credit (DOD, current US$)",,,,,,,,,,,,,,,,,,,,,,,,,,,,,,,,,,,,,,,,,,,,,,,,,,,,,,,,,,,,,
Pakistan,PAK,"Use of IMF credit (DOD, current US$)",,,,,,,,,,,45380000,46236000,120187000,156614000,292474000,438322000,552690663.8,606064978,641578477.4,572734246.7,674070765.4,1023906513,1418732936,1612545893,1440163740,1455332906,1193997323,922109138.7,553668079.5,932602843.1,835465620.9,1067634371,1127311625,1121515821,1557417566,1612773284,1395553150,1281173552,1360202069,1936844882,1750716258,2020512685,2262707595,2360640175,2139925092,1735155219,1718002234,1649951667,4613647745,9044789416,10257984674,9961776336,7683737622,5112541986,5000705568,6358513444,7234607401,7664069521,7276015104,8097223701,8902391566
Panama,PAN,"Use of IMF credit (DOD, current US$)",,,,,,,,,,,,,,,,,,,,,,,,,,,,,,,,,,,,,,,,,,,,,,,,,,,,,,,,,,,,,
Peru,PER,"Use of IMF credit (DOD, current US$)",,,,,,,,,,,9900000,3550239,33385275,16455296,0,0,184440512.5,204982312.5,333631491.1,491548516.2,473943000,387400000,649500000,697590000,674660000,701890000,728420000,844729747.7,801249965.5,758247979.3,754668491.6,705792784.6,630741375,882767751.2,938225127.3,955346319.3,924156779,1011436898,904680416.7,860178070.9,676998550.6,501581050.7,360614039.5,274821235.7,245676864,187868965.9,157501653.6,144306849.8,140655916.1,956123263.8,939253621.5,936350530.5,937356786.7,939234817.5,883616043.5,845147379.4,819898529.8,868569499.9,848234042.4,843375643.2,878409655.6
Philippines,PHL,"Use of IMF credit (DOD, current US$)",,,,,,,,,,,68750000,97422000,103413000,91987000,83027000,192791000,404156000,527528688.4,657614850.2,812846424,1044298228,1133354066,999286830.8,1094681348,885378010.8,1168448996,1266005330,1259860874,1093455264,1176508311,911737268.9,1085725020,1100165000,1209747818,1063589742,727602671.2,405418450.5,855177561.3,1568489136,1982357309,2183438728,2098403553,1844542355,1370609691,937288125.4,555497219.7,175407022.4,184249248.8,179587780.7,1313668879,1290490775,1286502063,1287884613,1290464940,1214047903,1161193724,1126502963,1193374643,1165434657,1158759440,1206894565
Palau,PLW,"Use of IMF credit (DOD, current US$)",,,,,,,,,,,,,,,,,,,,,,,,,,,,,,,,,,,,,,,,,,,,,,,,,,,,,,,,,,,,,
Papua New Guinea,PNG,"Use of IMF credit (DOD, current US$)",,,,,,,,,,,,,,,0,0,28768000,30008000,30038826.3,23868348.4,30930957.3,75149598.2,71160285,67562637.8,33933996.5,28917356.6,15089395.2,11976327.7,6120243.6,3039652.1,61047763.3,61272471.4,58898125,44126987,15633533.2,49559577,50817507.4,47682493.6,45549771.6,34285299.1,51054528.4,119188273.2,128936876.8,135357007.3,78708099.8,13292211,13990920,14696325,14324511,196736185.8,193265013,192667660.1,192874711.8,193261143.8,181816337.9,173900873.1,168705569.8,178720301.5,174535997.2,173536313.7,559823711.2
Poland,POL,"Use of IMF credit (DOD, current US$)",,,,,,,,,,,,,,,,,,,,,,,,,,,,,,,,,,,,,,,,,,,,,,,,,,,,,,,,,,,,,
Pre-demographic dividend,PRE,"Use of IMF credit (DOD, current US$)",,,,,,,,,,,,,,,,,,,,,,,,,,,,,,,,,,,,,,,,,,,,,,,,,,,,,,,,,,,,,
Puerto Rico,PRI,"Use of IMF credit (DOD, current US$)",,,,,,,,,,,,,,,,,,,,,,,,,,,,,,,,,,,,,,,,,,,,,,,,,,,,,,,,,,,,,
"Korea, Dem. People's Rep.",PRK,"Use of IMF credit (DOD, current US$)",,,,,,,,,,,,,,,,,,,,,,,,,,,,,,,,,,,,,,,,,,,,,,,,,,,,,,,,,,,,,
Portugal,PRT,"Use of IMF credit (DOD, current US$)",,,,,,,,,,,,,,,,,,,,,,,,,,,,,,,,,,,,,,,,,,,,,,,,,,,,,,,,,,,,,
Paraguay,PRY,"Use of IMF credit (DOD, current US$)",,,,,,,,,,,,,,,,,,,,,,,,,,,,,,,,,,,,,,,,18799269.4,17845958.3,17213430.8,18621345.4,20353331.1,21271578,19576711.2,20605766.8,21644684.2,21097078.2,149233949.7,146600896.6,146147775.4,146304834.2,146597961.7,137917545.6,131913236.6,127972317.5,135569034.2,132395012.6,131636698.5,137104916.4
West Bank and Gaza,PSE,"Use of IMF credit (DOD, current US$)",,,,,,,,,,,,,,,,,,,,,,,,,,,,,,,,,,,,,,,,,,,,,,,,,,,,,,,,,,,,,
Pacific island small states,PSS,"Use of IMF credit (DOD, current US$)",,,,,,,,,,,,,,,,,,,,,,,,,,,,,,,,,,,,,,,,,,,,,,,,,,,,,,,,,,,,,
Post-demographic dividend,PST,"Use of IMF credit (DOD, current US$)",,,,,,,,,,,,,,,,,,,,,,,,,,,,,,,,,,,,,,,,,,,,,,,,,,,,,,,,,,,,,
French Polynesia,PYF,"Use of IMF credit (DOD, current US$)",,,,,,,,,,,,,,,,,,,,,,,,,,,,,,,,,,,,,,,,,,,,,,,,,,,,,,,,,,,,,
Qatar,QAT,"Use of IMF credit (DOD, current US$)",,,,,,,,,,,,,,,,,,,,,,,,,,,,,,,,,,,,,,,,,,,,,,,,,,,,,,,,,,,,,
Romania,ROU,"Use of IMF credit (DOD, current US$)",,,,,,,,,,,,,,,,,,,,,,,,,,,,,,,,,,,,,,,,,,,,,,,,,,,,,,,,,,,,,
Russian Federation,RUS,"Use of IMF credit (DOD, current US$)",,,,,,,,,,,,,,,,,,,,,,,,,,,,,,,,,988625000,2468664962,4197871534,9617293075,12507607841,13230629062,19335057150,23022598081,19002404991,14561291371,14192114345,13497061899,12370613857,8106537259,8532674830,8962866011,8736107345,8891628171,8734746112,8707748332,8717106180,8734571241,8217336691,7859590849,7624784907,8077408816,7888295794,7843114289,8168919007
Rwanda,RWA,"Use of IMF credit (DOD, current US$)",,,,,,,,,,,2930000,0,0,0,0,0,0,0,0,7583868.8,13546129.6,12446224.3,11795555.2,11195036.4,10481385.5,10046149.3,8590533.6,6947178,3730280.4,852889.8,101008.9,12530567.3,12045000,12032385.2,12788285.6,26288575.9,24170670.2,40385749.7,56433843.7,94679854.8,103681669.1,101522419.6,103528807.5,112238286.1,113531243.1,96592925.2,24897820,29756107.5,32515099.7,135675431.7,133193820.5,132168030.5,131258812.7,129764655.8,119438037.5,111621983.8,203276405.3,290711369.3,307851713.8,305607219.4,520191843.8
South Asia,SAS,"Use of IMF credit (DOD, current US$)",,,,,,,,,,,123900000,123900000,268993000,396202800,1190187927,1604069649,1461260237,1225477311,1253089478,1343249833,2544757706,3664976245,6003408189,7282836389,6729351413,7056623268,6639736941,6196173464,4483775510,3651536803,4686142454,5832222371,7088259750,7270262440,6932595314,5293355254,3843356557,2787636767,2471381354,3710187704,3234095791,3447143359,3789412749,4087467579,3991519376,3652025914,3751949021,3871362287,6932810199,18663142845,20318504711,20288820593,18757188497,15996119526,14578807749,15239459787,15682514546,16757207899,16340552005,17319237731,19716958441
Saudi Arabia,SAU,"Use of IMF credit (DOD, current US$)",,,,,,,,,,,,,,,,,,,,,,,,,,,,,,,,,,,,,,,,,,,,,,,,,,,,,,,,,,,,,
Sudan,SDN,"Use of IMF credit (DOD, current US$)",,,,,,,,,,,30870000,16480926,30508170,35021792,87728260,132745673,138350716.4,120827203.7,196958397.8,293037423.8,431093486.9,564297389.6,578715922.7,697964449,664144589.4,738879342.8,822816769.6,954302790.2,905224130.3,884007834.7,955506826.5,960725459.3,923496750,922529564.6,980448367.5,959779032.6,893188871.8,796757736.6,772120021.2,786379581.6,692968318.4,616774179.2,644120183.2,676190648.5,673913159.4,592856908.2,596444954.8,564591720,486475796.3,681558358.6,663671728.8,651323364,644612285.8,638537975.6,590503952.4,557351924.3,531084983.3,554932417.7,541940015.3,528204801.9,547551183.5
Senegal,SEN,"Use of IMF credit (DOD, current US$)",,,,,,,,,,,0,0,0,0,0,29770901,29545336.9,30902222.4,74261635.6,92877034.3,140113520.2,186473735,220651932.9,230770354.1,230028882,267714716.6,288981862.4,342800746.4,318326680.7,315950347.2,314338149.7,327425439.5,271360375,244227200.8,299889676.8,346810011.5,325628924.4,292097774.4,292543583.9,305570127.6,286438248.9,279040559.1,285811889.6,276030815.2,242170167.3,183311023.8,62871884.8,66041808,101753316.7,409355838.3,451434228.5,446845551.9,441998793.5,437546718.2,394893541.8,344232104.4,299457965.5,282670707.4,242298144,218536223.8,689024434.1
Singapore,SGP,"Use of IMF credit (DOD, current US$)",,,,,,,,,,,,,,,,,,,,,,,,,,,,,,,,,,,,,,,,,,,,,,,,,,,,,,,,,,,,,
Solomon Islands,SLB,"Use of IMF credit (DOD, current US$)",,,,,,,,,,,,,,,,,,,0,0,0,900000,2700000,3500000,3100000,3030000,3460000,2198923,1682125,1437691,667227.5,0,0,0,0,0,0,0,0,898170.5,852624.3,822404.1,889669.9,972418.8,1016289.7,935314.3,984479.4,1034115.6,1007952.7,15533152.2,24868875.7,34372094.6,34638033.9,34935352.4,31789679.9,27729854.6,23572857.4,21021645.4,17113690.3,14974618.3,25342964
Sierra Leone,SLE,"Use of IMF credit (DOD, current US$)",,,,,,,,,,,0,0,0,0,5289408,5783258,26048228.6,38986117.4,46368901.7,57642408.8,59339653.2,84036706.8,78150080.4,92940475.5,95529388.2,100814358.5,101342385.6,115670443.1,108731214.3,104519087.3,108356898.9,101135696.1,92086500,83806386.9,146288644.2,164923093.8,170846906.9,167128893.9,190714851.9,218786322.8,196297723.6,173764286.9,193049121,194996413.3,222861594.1,217031791,61030499.2,64107582,80044751.4,229201945.2,266222853.2,274009792.7,274024540,281144735.3,303171144.5,390985268.3,443935988.3,509458387.5,501092466.8,502914304.9,651946162.8
El Salvador,SLV,"Use of IMF credit (DOD, current US$)",,,,,,,,,,,6490000,11063283,9499875,0,21904516,20943823,14894660.6,0,0,0,31853396.7,66726520.1,129127957.7,138791774.2,124677196.4,110525578.7,62216988.8,22336801.7,10707734.9,5315777.2,187791.1,0,0,0,0,0,0,0,0,34292162.2,32553206.4,31399399,33967607.2,37126960.5,38801954.9,35710311,37587434,39482546.3,38483646,256798595.8,252267694.2,251487972.9,251758236.4,252262643.8,237324404.8,226992368.8,220210952.5,233283156.3,227821394.5,226516510.2,649571160
San Marino,SMR,"Use of IMF credit (DOD, current US$)",,,,,,,,,,,,,,,,,,,,,,,,,,,,,,,,,,,,,,,,,,,,,,,,,,,,,,,,,,,,,
Somalia,SOM,"Use of IMF credit (DOD, current US$)",,,,,,,,,,,0,0,0,0,0,0,0,0,182390.6,184426.2,17846129.6,46546224.3,79695555.2,122695036.4,112081385.5,153945405.1,155711600.8,175461287.5,165522445.7,149932514.4,159343610.7,160213887.8,154005500,153844208.9,163509034.3,166489854.3,161054399.2,151121392.4,157704995.8,172525874.5,163777089.9,157972217.7,170893023.5,186787915,195214910,179660668.3,189104584.4,198639005.2,193613479.3,248426963.5,244043769.2,243289466.8,243351120.1,243338183.8,228928579.7,218962060,212420550,225030298.4,219761757.5,218503036,443673260.7
Serbia,SRB,"Use of IMF credit (DOD, current US$)",,,,,,,,,,,0,72464000,90656000,26239000,170192000,181693000,370005000,257694000,237800000,455685000,760300000,1251800000,1754300000,2067900000,1946600000,2107560000,2068690000,1852012396,1310235422,686221498,466552811,307310732.1,195881125,78049797.1,82953053.9,84466821.9,80606287.4,75633555.7,78928531.5,154147687.1,226171882.5,343828505.5,643854800.8,1000934231,1052362745,947484231.9,85246520.6,89546125.8,87280627.2,2298516898,2719814256,2783104830,2516538409,1646808504,829510419.8,632878398,598276029,633791002.6,618952316.7,615407166.1,640971317.1
Sub-Saharan Africa (excluding high income),SSA,"Use of IMF credit (DOD, current US$)",,,,,,,,,,,106390000,89287968,129686865,161247424,357451336,647982450,949772788.4,1053373432,1651583361,2404210242,3016838369,4383176337,4900523815,5932054964,5995469346,6718756408,7018614779,7559568145,6985711715,6371041109,6597073592,6589985540,6332118375,7002172382,7899979484,8654499441,8423818615,7374881542,7376703136,9206894586,8719382802,8235037789,9079241935,9507655437,9603800211,8124814270,5432302986,5748406249,6300548713,20007183176,19482008276,20743257562,21643653271,21933697799,20380443161,19396724964,18863113419,20584852054,21616461409,22946736324,41357529364
South Sudan,SSD,"Use of IMF credit (DOD, current US$)",,,,,,,,,,,,,,,,,,,,,,,,,,,,,,,,,,,,,,,,,,,,,,,,,,,,,,,,,,,,,
Sub-Saharan Africa,SSF,"Use of IMF credit (DOD, current US$)",,,,,,,,,,,,,,,,,,,,,,,,,,,,,,,,,,,,,,,,,,,,,,,,,,,,,,,,,,,,,
Small states,SST,"Use of IMF credit (DOD, current US$)",,,,,,,,,,,,,,,,,,,,,,,,,,,,,,,,,,,,,,,,,,,,,,,,,,,,,,,,,,,,,
Sao Tome and Principe,STP,"Use of IMF credit (DOD, current US$)",,,,,,,,,,,,,,,,,,0,0,0,0,,,,,,,,,1051328,1138128,1144344,1100000,1098848,1051092,832434.4,575184,323820,114050.4,852328.7,3285939,3169473.1,3428709.4,3747616.3,3916691.2,4073419.5,4988590.4,3546081,4757894,15578231.1,15873183.2,15824121.5,16409787.4,16970884.7,14931384.6,14185723.9,14700267.8,16807632.2,16760429.2,18835467.3,36974572.1
Suriname,SUR,"Use of IMF credit (DOD, current US$)",,,,,,,,,,,,,,,,,,,,,,,,,,,,,,,,,,,,,,,,,,,,,,,,,,,,,,,,,,,,,
Slovak Republic,SVK,"Use of IMF credit (DOD, current US$)",,,,,,,,,,,,,,,,,,,,,,,,,,,,,,,,,,,,,,,,,,,,,,,,,,,,,,,,,,,,,
Slovenia,SVN,"Use of IMF credit (DOD, current US$)",,,,,,,,,,,,,,,,,,,,,,,,,,,,,,,,,,,,,,,,,,,,,,,,,,,,,,,,,,,,,
Sweden,SWE,"Use of IMF credit (DOD, current US$)",,,,,,,,,,,,,,,,,,,,,,,,,,,,,,,,,,,,,,,,,,,,,,,,,,,,,,,,,,,,,
Eswatini,SWZ,"Use of IMF credit (DOD, current US$)",,,,,,,,,,,0,0,0,0,0,0,0,0,0,3193207.9,5703633.5,5240147.9,4966201.2,15213368.9,14212905.4,14130015.4,10497002.4,6113005.9,1566394.8,358765.7,42679.8,0,0,0,0,0,0,0,0,8827984.3,8380317.1,8083287.4,8744432.6,9557759,9988960.3,9193064.6,9676300.8,10164168,9907016.6,75695394.3,74359840.3,74130005.3,74209669.7,74358351.6,69955550.7,66910001,64911059,68764321.4,67154370.9,66769733.3,182604437.5
Sint Maarten (Dutch part),SXM,"Use of IMF credit (DOD, current US$)",,,,,,,,,,,,,,,,,,,,,,,,,,,,,,,,,,,,,,,,,,,,,,,,,,,,,,,,,,,,,
Seychelles,SYC,"Use of IMF credit (DOD, current US$)",,,,,,,,,,,,,,,,,,,,,,,,,,,,,,,,,,,,,,,,,,,,,,,,,,,,,,,,,,,,,
Syrian Arab Republic,SYR,"Use of IMF credit (DOD, current US$)",,,,,,,,,,,9500000,5157000,24559000,21558000,6575000,0,0,0,0,0,0,0,0,0,0,0,0,0,,,,,,,,,,,,50184455.4,47639601.2,45951075.7,49709489.3,54333007.1,56784257.6,52259828.3,55006881.6,57780261,56318432.3,437671453.5,429949268.4,428620360.2,429080980.3,429940660.8,404480284.7,386871034.2,375313229.3,397592643.5,388283971.8,386060011.9,402097030.9
Turks and Caicos Islands,TCA,"Use of IMF credit (DOD, current US$)",,,,,,,,,,,,,,,,,,,,,,,,,,,,,,,,,,,,,,,,,,,,,,,,,,,,,,,,,,,,,
Chad,TCD,"Use of IMF credit (DOD, current US$)",,,,,,,,,,,2470000,2518824,2366826,1230528,3807884,3476979,11002530.1,11503303.7,17637171,17109482,13771909.1,14571416.5,13743556.7,12805402.9,8404157.9,12002948.9,10919552.8,19820098.9,16478096.5,23556318,30473377.2,30639811.8,29452500,27740416.8,42769224.1,49005116.2,65000107.2,61130467.9,63847121.9,81775516.1,90381563.8,100904108.5,119514043.7,119901433.3,110557228.9,92841091.4,81783697.2,70594508.3,55195575.4,112592702.9,99363921.4,91257631,87236756.4,84516340.2,97578467.3,137267699.6,192868588.9,254233595,394523062.8,469812226.1,678281471.6
East Asia & Pacific (IDA & IBRD countries),TEA,"Use of IMF credit (DOD, current US$)",,,,,,,,,,,,,,,,,,,,,,,,,,,,,,,,,,,,,,,,,,,,,,,,,,,,,,,,,,,,,
Europe & Central Asia (IDA & IBRD countries),TEC,"Use of IMF credit (DOD, current US$)",,,,,,,,,,,,,,,,,,,,,,,,,,,,,,,,,,,,,,,,,,,,,,,,,,,,,,,,,,,,,
Togo,TGO,"Use of IMF credit (DOD, current US$)",,,,,,,,,,,0,0,0,0,0,0,8713725,9110325,8099445.4,14177105.5,32523536.8,38162489.6,36170489.5,54376080,62195642.8,74245405.1,90297933.6,85308281.8,77898535.9,75409129.1,86952979.2,79087047.3,76747000,68499434.8,81808531.5,104696464.5,89918516.5,87625689.3,94839270.9,98023289,83804474.2,70714940.3,66596087.2,58266369.7,44029386.6,29655923.3,24679682,19059395.2,65014796.8,201198294,241449926,254214016.7,254487209.7,253198365.8,226551090.7,200610830.1,171331049.8,226017223.5,266043128.4,318867134,459245443.4
Thailand,THA,"Use of IMF credit (DOD, current US$)",,,,,,,,,,,,,0,0,0,0,77800000,98816512,249156956.6,366450740.9,348272132.9,858024053.9,846255563.8,1040372040,903413479.2,1121610071,1069282687,972360913.3,662225698.5,272619863.7,719866,0,0,0,0,0,0,2428649926,3238469076,3547460607,3172132437,1787261083,505948087,125790332.4,131465402.5,120990564,127350468.8,133771323,130386936,1521076908,1494239339,1489620871,1491221704,1494209425,1405726257,1344527265,1304359399,1381789026,1349437773,1341708647,1397443524
Tajikistan,TJK,"Use of IMF credit (DOD, current US$)",,,,,,,,,,,,,,,,,,,,,,,,,,,,,,,,,,,,,21569400.4,30358124.1,98984511.3,213141773.4,217733753.9,213315372.1,205625260.1,221771253.7,249698268.4,244392915.5,167715666.1,176171683.9,141525284.6,169598075.1,226920996.5,246247215.1,286610086.5,287184321,266396126.5,243945396.6,217356936.2,204239362.8,170417863.4,144177543.7,329979908.3
Turkmenistan,TKM,"Use of IMF credit (DOD, current US$)",,,,,,,,,,,,,,,,,,,,,,,,,,,,,,,,,,,,,,,,95826004.4,90966669.4,87742470.7,94919070.7,103747566.4,108428170.2,99788881.5,105034313.5,110330014.6,107538687.9,109453099.6,107521931.6,107189597.5,107304789.7,107519779,101152669.3,96748937.5,93858554.8,99430203.9,97102285.8,96546116.5,100556663.8
Latin America & the Caribbean (IDA & IBRD countries),TLA,"Use of IMF credit (DOD, current US$)",,,,,,,,,,,,,,,,,,,,,,,,,,,,,,,,,,,,,,,,,,,,,,,,,,,,,,,,,,,,,
Timor-Leste,TLS,"Use of IMF credit (DOD, current US$)",,,,,,,,,,,,,,,,,,,,,,,,,,,,,,,,,,,,,,,,,,,,,,,,,,,,,11877316.9,11901113.6,11196365.2,10708925.9,10388995.8,11005709.4,10748037.2,10686476.1,11130394.7
Middle East & North Africa (IDA & IBRD countries),TMN,"Use of IMF credit (DOD, current US$)",,,,,,,,,,,,,,,,,,,,,,,,,,,,,,,,,,,,,,,,,,,,,,,,,,,,,,,,,,,,,
Tonga,TON,"Use of IMF credit (DOD, current US$)",,,,,,,,,,,,,,,,,,,,,,,,,,,,,,,,,,,,,,,,9032250.6,8574225.3,8270322.7,8946765.9,9778911.5,10220090.1,9405778.6,9900196.1,10399351.9,10136250.4,10316696.7,10134671,10103346.3,10114203.9,10134468.1,9534585.9,9119492.9,8847047.3,9372227.4,9152799.3,9100375.2,9478406.8
South Asia (IDA & IBRD),TSA,"Use of IMF credit (DOD, current US$)",,,,,,,,,,,,,,,,,,,,,,,,,,,,,,,,,,,,,,,,,,,,,,,,,,,,,,,,,,,,,
Sub-Saharan Africa (IDA & IBRD countries),TSS,"Use of IMF credit (DOD, current US$)",,,,,,,,,,,,,,,,,,,,,,,,,,,,,,,,,,,,,,,,,,,,,,,,,,,,,,,,,,,,,
Trinidad and Tobago,TTO,"Use of IMF credit (DOD, current US$)",,,,,,,,,,,,,,,,,,,,,,,,,,,,,,,,,,,,,,,,,,,,,,,,,,,,,,,,,,,,,
Tunisia,TUN,"Use of IMF credit (DOD, current US$)",,,,,,,,,,,13270000,2779000,0,0,0,0,0,29100000,31300000,31600000,0,0,0,0,0,0,183120000,270552648.6,276823947,270335853.6,176025721.8,257620452.8,290193750,284738978,302626895.4,292999073.1,237267718.6,173228853,129221956.3,122707881.5,76848237.6,43034205.4,46554043.4,50884070.7,53179721.4,48942492.6,51515169.2,54112500.8,52743465.6,427627867.3,420082889.1,418784476.4,419234526.3,572226396.8,1536676499,1767535381,1987080972,2105458564,2280234766,2132216103,2824003514
Turkiye,TUR,"Use of IMF credit (DOD, current US$)",,,,,,,,,,,74130000,67448000,0,0,0,243002000,391300000,409100000,622300000,632700000,1054200000,1321800000,1455200000,1567400000,1426200000,1326360000,1085200000,770288401.5,298787116.7,47638300,0,0,0,0,343794664.1,684528650.2,662180593.2,594260953.4,388352987.5,1044688702,4322543336,14257811724,22238983296,24258586558,21681036822,14806725521,10930976418,7335940847,8697377918,9637634073,7276707540,4521414243,2510465994,1649846878,1552148288,1484574740,1440222944,1525717728,1489996732,1481462532,1543002816
Tuvalu,TUV,"Use of IMF credit (DOD, current US$)",,,,,,,,,,,,,,,,,,,,,,,,,,,,,,,,,,,,,,,,,,,,,,,,,,,,,,,,,,,,,
Tanzania,TZA,"Use of IMF credit (DOD, current US$)",,,,,,,,,,,0,0,0,0,47567940,73309234,97163842.9,110822852.1,106135695.7,152130537.7,171346413.3,146374738.2,126131156.4,92207379.7,59048314.4,57797983.8,71214135.2,113497056,141430378.6,128547188.7,139918611,143329091.5,220687500,214577535.7,212437365.3,197227494.7,206214971.8,246039777.8,267863633.5,355441649.7,364439561.9,380276444.2,442183880,483868981.2,471681750.2,387336457.8,59832996.8,67274403,65572374.4,628034506,647153582.7,643003950.7,640682596.8,753400569.2,682487134.6,592178105.1,514532226.3,458750664,364095324.8,300580648.5,274386985.7
Uganda,UGA,"Use of IMF credit (DOD, current US$)",,,,,,,,,,,0,10846143,10846143,12051936,18329268,28178749,38015077.6,39745311.2,38041468,34514046,89418167.6,212401903.6,293332109.2,377467891.5,336965507.3,304881362.1,248835084,273466576.3,252437171.6,224980249.5,281993974.6,330300603.9,343898500,333808033.7,383343459.2,417180448.7,417083182.2,393627484.5,398113451.7,412035725.1,354378490.9,312328823.3,296792732.6,279652124.1,237175687.2,173118899.5,53249742.4,55934529,54519396.9,280710979,275450166.2,273063521.4,271512667.3,270208654.5,252468763.7,240091679.9,232650054.3,246460670.4,240690388.9,239311795.4,769189776.9
Ukraine,UKR,"Use of IMF credit (DOD, current US$)",,,,,,,,,,,,,,,,,,,,,,,,,,,,,,,,,,,363977089.7,1541936089,2262342513,2402423206,2795004385,4603478548,3779269475,3556778898,3656343934,3781675367,3638889412,3059060006,2800170410,2500501318,6725937672,13026631324,16261859619,16211596669,12794963206,7189976453,7607476703,12485727668,13075404913,14001431255,12997230934,11328387888,12824418312
Upper middle income,UMC,"Use of IMF credit (DOD, current US$)",,,,,,,,,,,159180000,224943231,330856475,275179464,294394596,769021577,2087689414,2129131785,2088446418,2764527204,3256827545,5691573164,7474329236,12504041162,14570543079,17510877674,19435015494,20671750250,17580730783,14635743411,14292652681,13092959451,12537272000,14825318800,17570202219,37592917653,38036636838,36517698402,46807112822,55931011836,42925526832,61946086588,81787010097,92364646753,84483573046,42167511151,28160370038,24385684640,25374461768,64400335399,65437779888,63700593965,61332996918,57649058579,51161438895,49318907878,49244544702,52667273823,78826177479,94796325003,1.16037E+11
Uruguay,URY,"Use of IMF credit (DOD, current US$)",,,,,,,,,,,,,,,,,,,,,,,,,,,,,,,,,,,,,,,,,,,,,,,,,,,,,,,,,,,,,
United States,USA,"Use of IMF credit (DOD, current US$)",,,,,,,,,,,,,,,,,,,,,,,,,,,,,,,,,,,,,,,,,,,,,,,,,,,,,,,,,,,,,
Uzbekistan,UZB,"Use of IMF credit (DOD, current US$)",,,,,,,,,,,,,,,,,,,,,,,,,,,,,,,,,,,,157493616.7,237550996.7,222896093.2,232606561.5,562212990.9,469404571.2,408605626.7,419424128.5,433730837.8,427479948.5,375597834.7,395341245.9,415273865.9,404767522.5,411973223.7,404704452.9,403453572.6,403887147,404696350.7,380731472.7,364156138.6,353276943.1,374248235.1,365486116.4,363392734.9,775426139.4
St. Vincent and the Grenadines,VCT,"Use of IMF credit (DOD, current US$)",,,,,,,,,,,,,,,,,,,,,300000,1800000,1600000,1570000,990000,330000,0,0,,,,,,,,,,,,485319.5,460709,444379.7,480726.3,525439,549144.3,505389.9,531955.8,558776.4,544639.5,18258600.2,17936449.2,22978106.7,23002800.2,23048887.2,27156401.4,24938993.1,22910101.9,21891791.5,17973199.4,15360426.6,31294153.2
"Venezuela, RB",VEN,"Use of IMF credit (DOD, current US$)",,,,,,,,,,,,,,,,,,,,,,,,,,,,,,,,,,,,,,,,,,,,,,,,,,,,,,,,,,,,,
British Virgin Islands,VGB,"Use of IMF credit (DOD, current US$)",,,,,,,,,,,,,,,,,,,,,,,,,,,,,,,,,,,,,,,,,,,,,,,,,,,,,,,,,,,,,
Virgin Islands (U.S.),VIR,"Use of IMF credit (DOD, current US$)",,,,,,,,,,,,,,,,,,,,,,,,,,,,,,,,,,,,,,,,,,,,,,,,,,,,,,,,,,,,,
Vietnam,VNM,"Use of IMF credit (DOD, current US$)",,,,,,,,,,,,,,,,,,,,,,,,,,,108845228.8,126238041.4,119745768.8,107769005,111687346,102327244.4,98362000,99555625.3,282276587,377211705.3,538602308.3,452390018.8,391249305.3,420497249.7,378189171.2,425827879.7,445774372.4,409451603.7,351318816.2,271529856.1,252314959.2,238867429.5,194563825.9,577869347.8,529419194.7,496002751,483810087.4,484779419.8,456072231.6,436216900.1,423184883.3,448306063.5,437810059.6,435302430.9,453384991
Vanuatu,VUT,"Use of IMF credit (DOD, current US$)",,,,,,,,,,,,,,,,,,,,,,,,,,,,,,,,,,,,,,,,22326264,21194099.5,20442901.4,22114959.7,24171889.1,25262411.4,23249564.9,24471685.2,25705517.5,25055173.2,25501207.2,25051269.1,24973839.5,25000677.8,25050767.6,23567711.4,46099099.1,44721884.7,47376673.6,43312031.1,37186945.7,34446900.9
World,WLD,"Use of IMF credit (DOD, current US$)",,,,,,,,,,,,,,,,,,,,,,,,,,,,,,,,,,,,,,,,,,,,,,,,,,,,,,,,,,,,,
Samoa,WSM,"Use of IMF credit (DOD, current US$)",,,,,,,,,,,,,,,0,1475000,2200000,2259947.9,4580012.9,6290368.6,5783223.3,7475541.8,6344445.8,7876641.6,9762436.2,10932638.6,10118736,8215460.1,3833899.3,1613788.5,835101.4,226007.9,0,,,,,,,1567406.4,1487923.2,1435185.7,1552571.8,1696977.7,1773537.4,1632226.3,1718024.8,1804645.5,1758988.3,26479908.2,26012702.2,25932300.8,25960169.2,34944176.6,32874834.8,29836165,27385382.2,27359042.8,24298519.5,20951190.4,43483145.3
Kosovo,XKX,"Use of IMF credit (DOD, current US$)",,,,,,,,,,,,,,,,,,,,,,,,,,,,,,,,,,,,,,,,75993698.1,72140059,69583145.7,75274464.8,82275800.7,85987699.1,79136411.6,83296240.5,87495934.6,85282305.5,86800507.4,114159979.9,113807128.6,234141158.4,230998971.3,203729513.9,215803980.1,194558413.9,271679239.4,260434066.1,224941471.9,215579384
"Yemen, Rep.",YEM,"Use of IMF credit (DOD, current US$)",,,,,,,,,,,,,0,0,11399000,27687000,42723000,48333245.1,57103535.8,51407685.3,48406099.7,37386626.4,49092258.5,54959209.3,49176823.9,47693461.9,32338354.4,14812229,5697693.8,1303646.7,156492.6,0,0,0,0,0,120788642.4,250117211.2,335639159.1,447943330.6,354748517.3,409803315.5,424840483.4,444096994.2,420854838.9,333367222.6,289461604,214639036.5,139588509,416615660.2,435507090.4,409980501.3,503981088.2,504990833.9,545715593.8,521957593.9,497010206.2,507935988,469432487.5,440287517.1,409956575.9
South Africa,ZAF,"Use of IMF credit (DOD, current US$)",,,,,,,,,,,,,,,,,,,,,,,,,,,,,,,,,,843956441.2,896975607,913344057.6,883525780.4,414509826.2,0,302446302.2,287109247.6,276933022.8,299583827.2,327448349.2,342221283.6,314953937.2,331509584,348223890,339413897.2,2798977461,2749592878,2741094302,2744040040,2749537831,2586718225,2474104160,2400190089,2542670622,2483140129,2468917538,6966024067
Zambia,ZMB,"Use of IMF credit (DOD, current US$)",,,,,,,,,,,0,20617443,41245743,68740672,69778556,88891251,110629452.6,115688980.4,317867732.1,451899517.9,447384518.4,780483733.2,682081117.8,710379098.5,738870817.6,800686933,858205844.8,991355352,940375160,900203542.5,948559977.6,917809696.9,846491250,777215163.2,804692652,1238888343,1198441903,1138000591,1187577587,1265083605,1226989434,1068048328,1107841579,960220440.3,996373943.8,688756637.4,144136564,194878010.2,200709503.2,1080248956,1116999952,1136719305,1126101995,1110335574,1011128271,906917705.6,812764161.2,793620163.5,714790372.9,666541290.5,678334761.6
Zimbabwe,ZWE,"Use of IMF credit (DOD, current US$)",,,,,,,,,,,0,0,0,0,0,0,0,0,0,0,0,43600000,41400000,200100000,256100000,264100000,233700000,156486710,70246885.7,29232175,6891365,0,216150000,281579790.1,375911363.1,460811903.5,437236192.1,385255388.6,407171308.9,382930278.3,293949525.1,274770190.4,294113118.7,316710730,309047437,125085422.6,128123730.4,134460312,129425807.6,542317089.1,528729079.6,527094857.9,520124249.2,519341619.6,486727497.2,463752752.4,455165191.5,482184792.8,470895600.2,468198468.7,487647537.5