"Interest paid on public debt, percent of GDP (% of GDP)",1960,1961,1962,1963,1964,1965,1966,1967,1968,1969,1970,1971,1972,1973,1974,1975,1976,1977,1978,1979,1980,1981,1982,1983,1984,1985,1986,1987,1988,1989,1990,1991,1992,1993,1994,1995,1996,1997,1998,1999,2000,2001,2002,2003,2004,2005,2006,2007,2008,2009,2010,2011,2012,2013,2014,2015,2016,2017,2018,2019,2020
Albania,,,,,,,,,,,,,,,,,,,,,,,,,,,,,,,,,,,,,,5.478106064,9.062830358,7.712885244,5.900378175,4.191955431,4.056124852,4.400482328,3.853149355,3.236770348,2.865196648,2.644064076,2.896942453,3.173367788,3.35612324,3.161789838,3.11355476,3.209874848,2.872132657,2.694194003,2.462445772,2.057451577,2.230873683,2.077117369,2.091957636
Algeria,,,,,,,,,,,,,,,,,,,,,,,,,,,,,,,1.623376623,1.809467692,2.149447052,2.269433919,2.762404195,3.102359613,3.461439689,3.934285303,3.914268293,3.815038956,3.934788408,3.490241537,3.033519059,2.169925556,1.386284172,0.968421053,0.80633894,0.860664793,0.556307946,0.375520716,0.276911338,0.258324765,0.259253776,0.265547006,0.219391013,0.254620951,0.26739406,0.895709942,0.497719083,0.555731156,0.933909203
Angola,,,,,,,,,,,,,,,,,,,,,,,,,,,,,,,,,,,,,9.107353973,5.75211217,6.936411919,7.387840222,4.435930873,4.07325043,2.334231572,1.429980459,1.920559791,1.507724112,1.267014914,1.071816972,1.846298729,1.849198068,1.162551159,0.901332324,0.861228827,0.751079497,1.043680922,1.781105277,2.842370709,3.622961081,4.736707324,5.58048047,6.842240634
Antigua and Barbuda,,,,,,,,,,,,,,,,,,,,,,,,,,,,,,,3.678615475,2.580393303,2.729970169,2.848179343,2.863321635,2.753822989,2.942646297,1.727994743,2.631470115,2.248482168,4.933799866,3.471735922,3.919321773,4.830082472,4.305345009,3.507995916,3.696219011,3.129717134,2.766701988,7.057683155,2.082876562,2.059463144,2.307423576,2.618117296,2.690800777,2.512870413,2.540509482,2.702399944,2.510487281,2.755423758,2.564925945
Argentina,0.507423997,0.456858993,0.555585027,0.605687976,0.81963098,0.505182981,0.471698999,0.380315006,0.391654015,2.872200012,3.034699917,3.614010096,4.247499943,4.066939831,6.131599903,5.220570087,1.173889995,0.914411008,1.547129989,1.629080057,1.406569958,2.881210089,4.502980232,2.259219885,2.117300034,2.342159986,1.873289943,1.544620037,0.929807007,0.930863976,0.701072991,0.886148989,1.593760014,1.08683002,1.240479946,1.63530004,1.522459984,2.089815365,2.348704453,3.045775431,3.627945303,4.112498236,2.145099296,1.726227816,1.252585701,1.811194605,1.6359716,1.792652363,1.512654329,1.342130683,0.855006764,1.158277362,1.322236986,0.614144057,0.752402546,1.582729967,1.892469938,2.464962244,3.203159165,3.993049514,2.409776521
Aruba,,,,,,,,,,,,,,,,,,,,,,,,,,,,,,,,,,,,1.172588832,1.243724696,1.251600057,1.333051504,1.452748386,1.239906008,1.389241567,1.411567047,1.247075672,2.127177231,1.998328296,2.202822088,2.230786142,2.744283942,2.547138904,2.889240516,2.910696679,3.217109382,3.368933437,3.755289634,3.776460367,4.08027008,4.025383167,3.853885951,3.803902922,5.017560862
Australia,2.348381281,2.502113342,2.402042627,2.390269279,2.422802925,2.470201492,2.370769024,2.435176373,2.391949415,2.43128109,2.418514729,2.307225227,2.329694986,2.338851452,2.541574717,2.514416218,2.862853765,2.927829266,3.103206873,3.283113718,3.532184124,3.849742889,4.143503189,4.355046749,4.808925629,5.199896812,5.343046188,4.933129311,4.922837734,4.603813171,4.30045414,4.074725151,3.665798903,3.962206841,4.171836853,4.010723114,3.331346512,2.720986843,2.347294807,2.117102146,2.009067774,1.835490704,1.734345794,1.623130798,1.488432288,1.381853461,1.295943975,1.25463593,1.276017666,1.608276606,1.24308002,1.183666237,1.324864603,1.358632416,1.419432933,1.47499881,1.43841446,1.380122507,1.346271437,1.282277599,1.30617594
Austria,0.615706027,0.627147973,0.62865603,0.627007008,0.615558028,0.633542001,0.623682022,0.631330013,0.749900997,0.794942975,0.813243985,0.790140986,0.752923012,0.742111981,0.785187006,0.984466016,1.618710041,1.782019973,2.127350092,2.210740089,2.389169931,2.654999971,2.971980095,2.902220011,3.251970053,3.422189951,3.522130013,3.816900015,3.311870098,3.301049948,3.424479961,3.628760099,3.732460022,3.882329941,3.674240112,4.080739975,4.009449959,3.737560034,3.706959963,3.498019934,3.606389999,3.512850046,3.327960014,3.079040051,2.953170061,2.984719992,2.867330074,2.874219894,2.658819914,2.804670095,2.645090103,2.779453427,2.712969056,2.601912505,2.437200976,2.343790167,2.081916249,1.839198823,1.623026656,1.41250521,1.325820494
Azerbaijan,,,,,,,,,,,,,,,,,,,,,,,,,,,,,,,,,,,0.008464194,0.100290561,0.324505308,0.119902849,0.101259918,0.399622967,0.394236612,0.260378253,0.279283624,0.228315431,0.208970012,0.167186536,0.186786573,0.208125252,0.14842656,0.179563123,0.004427175,0.074954461,0.107416927,0.105450139,0.149094877,0.370908422,0.42713967,0.432854027,0.677083854,0.693023608,0.833350556
"Bahamas, The",,,,,,,,,,,,,,,,,,,,,,,,,,,,,,,1.195782737,1.424313271,1.402292311,1.52307781,1.467807078,1.450539403,1.482044912,1.544162406,1.458005144,1.37400453,1.214590017,1.132344743,1.197394035,1.146133227,1.271281777,1.283615836,1.165538993,1.223597127,1.353780488,1.504030792,1.777721534,2.090238519,1.790211692,1.860843543,1.948505286,2.025902681,2.312570479,2.193968247,2.500960449,2.492155536,3.051685387
Bahrain,,,,,,,,,,,,,,,,,,,,,,,,,,,,,,,0.948171216,0.428915784,0.610910334,0.706390339,0.713530063,0.803376266,0.749986286,0.781366876,0.916231436,1.066297332,1.388043985,1.496425155,0.996706166,1.1846578,0.928084195,1.031000245,1.058767732,0.806612104,0.554549874,0.579726276,0.936657099,1.058297968,1.300434044,1.571436879,1.811052282,2.307980557,2.986369131,3.59284345,4.352190243,4.432637006,5.094663031
Bangladesh,,,,,,,,,,,,,,,,,,,,,,,,,,,,,,,0.482457057,0.668060603,0.635362348,0.612944787,0.576431224,0.630758708,0.759687224,0.711379643,0.856525693,1.058170725,1.170813232,1.183556516,1.310054141,1.355997521,1.187425801,1.207980175,1.299069917,1.36878603,1.788989528,1.818934608,1.549850128,1.375099935,1.563079613,1.637926479,1.739557004,1.705749814,1.595368618,1.53555427,1.601933642,1.694365793,1.839349088
Barbados,,,,,,,,,,,,,,,,,,,,,,,,,,,,,,,,,,,1.1226345,1.270776095,1.140605107,0.835035416,0.847586968,1.019620925,1.258962141,1.349640698,4.28947251,4.220471832,3.721818909,3.812573622,3.807885819,3.644504257,4.212443034,4.861967145,5.558837479,5.676236164,6.147765878,6.500374842,6.952762449,7.088667779,7.582631285,7.617063501,3.744136625,2.427569613,3.791336215
Belgium,2.359719992,2.598020077,2.435489893,2.5,2.411819935,2.37315011,2.354979992,2.410429955,2.452290058,2.600519896,3.349750042,3.483550072,3.463439941,3.509919882,3.60552001,3.869509935,3.930929899,4.452280045,4.90926981,5.565259933,6.38492012,8.104980469,9.214130402,9.612919807,9.778590202,10.39789963,10.58110046,10.02000046,9.826129913,11.15369987,11.67809963,11.20199966,10.86050034,10.77340031,9.200180054,8.868619919,8.449029922,7.69054985,7.350599766,6.83716011,6.616149902,6.484449863,5.752930164,5.327849865,4.77726984,4.312870026,4.002110004,3.870440006,3.830090046,3.691329956,3.472909927,3.533891182,3.487641613,3.274053146,3.203491777,2.885875278,2.678284525,2.35906078,2.124536233,1.967150385,1.94985243
Belize,,,,,,,,,,,,,,,,,,,,,,,,,,,,,,,,,,,,,1.400931502,1.443609751,1.379303926,1.589872006,1.846204561,2.374552645,2.665960678,3.490586232,4.556695103,5.377698228,5.511446925,3.379774605,3.010445267,3.073736302,2.978685246,2.818863907,1.550382305,2.064949154,2.061077727,2.118857625,2.344365832,2.485219715,2.635430702,2.639865313,1.786826813
Benin,,,,,,,,,,,,,,,,,,,,,,,,,,,,,,2.946361289,2.867157589,2.480425045,3.499230689,2.471474079,2.955039967,2.571740179,2.266368154,1.592051855,0.987703434,0.61287217,0.562508548,0.567633322,0.533578839,0.396515699,0.485864711,0.199605208,0.14687079,1.078449972,0.237038402,0.34059872,0.375156284,0.29568112,0.40685635,0.321127355,0.279371996,0.538988754,0.904212145,1.442842437,1.591179981,1.596541093,1.956782996
Bhutan,,,,,,,,,,,,,,,,,,,,,,,,,,,,0.091387001,0.182266645,0.254473224,0.892054937,0.740622172,0.862920233,3.000913619,2.3719148,2.092173147,2.336332029,3.899510299,3.121623441,4.974302499,2.76983563,0.380259995,0.491586377,0.631887469,0.745913343,1.226983629,1.021547024,1.008049108,3.380201623,3.064692152,2.671224794,2.334166454,2.117657697,2.667697774,1.906521852,1.653005619,1.540480069,1.311576189,1.315278854,0.930475917,0.474056977
Bolivia,0.030141,0.021346999,0.042989001,0.024582,0.018103,0.330906987,0.44829601,,0.417580009,0.643639028,0.541118026,0.43859601,0.92038703,1.381639957,1.061720014,1.097519994,1.417279959,1.870589972,2.249130011,2.656630039,3.593760014,3.15831995,3.313090086,4.503240108,2.825870037,5.502591888,4.9935797,3.960875652,3.656471194,3.215716385,2.627057107,2.670899926,2.582446824,2.600273105,2.502077251,2.928177026,2.763432783,2.273971927,2.103065039,1.99343357,2.275880727,2.601753351,2.5959172,2.815904846,2.927203588,3.000784589,2.526625757,2.539105702,1.977274138,1.645144659,1.393118713,1.227126679,1.02226168,0.956521628,0.959390392,1.000486922,0.990419694,1.112087128,1.192847047,1.374066728,1.494373656
Brazil,,,,,,1.194079995,1.457399964,1.048589945,1.284880042,1.514700055,1.863369942,1.745599985,1.701789975,1.591729999,1.352659941,2.502549887,2.365920067,3.031719923,3.936919928,3.417140007,4.585690022,5.514050007,6.281169891,6.201680183,6.587480068,3.910000086,3.190000057,,,,,,,,,,5.341410331,5.017035169,7.07437022,8.184931696,6.698051169,6.371986208,7.608173277,10.79182341,8.88899939,9.674528441,8.446506586,7.32149393,7.16393976,6.110264749,6.61756411,6.869065948,6.347543779,5.928299112,6.086860107,8.209382461,8.721095646,7.684308295,7.179706158,6.821082326,6.12572775
Bulgaria,,,,,,,,,,,,,,,,,,,,,,,,,,,,,,,,,,,,14.07900047,19.48310089,7.074639797,3.610822439,3.586184978,3.851881266,3.568485498,2.092339039,1.975849509,1.692733169,1.45810473,1.194319487,0.994030476,0.803734422,0.711611152,0.648911178,0.674036324,0.69291842,0.837494552,0.689065933,0.779376388,0.769804955,0.771238804,0.625871956,0.53887099,0.520087659
Burkina Faso,,,,,,,,,,,,,,,,,,,,,,,,,,0.89999775,0.911597214,1.082357518,1.033845823,0.841827071,0.889791814,1.103854495,1.137724929,1.215654819,1.264169283,1.229458923,0.772540423,0.729558788,0.682557257,0.654878667,0.788314297,0.747654804,0.667119,0.610568861,0.665320139,0.560469066,0.507176247,0.357668932,0.301120981,0.379583427,0.426898509,0.496969253,0.651877813,0.52257974,0.639294633,0.625449603,0.859250538,0.848645788,1.090088115,1.249514364,1.407404704
Burundi,,,,,,,,,,,,,,,,,,,,,,,,,,,,,,,,,1.824360644,1.607113195,1.530692721,1.791443759,1.901911884,1.955962599,2.363202859,2.630802123,2.275224179,2.535568427,2.437477595,2.928082761,2.432918026,2.647644019,1.855184176,2.035807586,1.517419717,1.201825676,0.594125692,0.905943629,0.804697317,0.775606557,0.504181721,0.512316813,0.651632598,0.667266112,1.600768675,2.333048266,2.94962273
Cabo Verde,,,,,,,,,,,,,,,,,,,,,,,,,,,,,,,,,,,0.930063826,2.930980535,3.271202877,3.642754643,3.356583565,1.159990308,1.960126405,1.865732259,2.709506643,2.29051204,2.263615959,1.995695408,1.765928677,1.541447365,1.370972911,1.369745452,1.567953988,1.538843566,1.900701723,2.200901222,2.230065254,2.605047723,2.547353637,2.613247533,2.347519167,2.332980336,2.671529165
Cambodia,,,,,,,,,,,,,,,,,,,,,,,,,,,,,,,,,,,,,0.139579557,0.094112277,0.125755972,0.167119301,0.149489035,0.13834004,0.167515472,0.183742615,0.226691247,0.21446487,0.167436891,0.199075237,0.188738194,0.200459933,0.232306836,0.267401682,0.297458471,0.333096,0.338509595,0.303501687,0.358675907,0.320963373,0.339565074,0.333193021,0.367949898
Canada,1.998469949,2.890239954,2.957570076,2.996180058,2.953429937,2.913860083,2.905060053,3.027349949,3.19581008,3.359380007,3.669369936,3.810869932,3.86123991,3.807499886,3.562760115,3.823849916,4.121119976,4.268390179,4.794650078,5.02794981,5.417789936,6.250160217,7.218200207,7.257900238,7.817709923,8.355739594,8.432889938,8.279649734,8.286820412,8.861570358,9.454919815,9.414810181,9.313759804,9.193129539,9.02834034,9.566200256,9.115460396,8.387020111,8.248990059,7.63710022,7.105020046,6.42439821,5.641814401,5.232210159,4.794153913,4.414563974,4.196634514,3.926128617,3.685545499,3.686103655,3.600736593,3.566446062,3.418671509,3.30819289,3.104619885,3.069319814,2.962822168,2.831862045,2.920773368,2.931301686,2.911729573
Central African Republic,,,,,,,,,,,,,,,,,,,,,,,,,,,,,1.646759459,1.221357531,1.027692491,1.084227862,1.346085662,1.426012057,2.349586082,2.263773934,2.001342972,1.380415058,1.364153256,1.444030591,1.869824541,1.429092327,1.547256173,1.044353049,0.785205957,0.883565382,0.902145093,1.46988161,2.077640674,1.512808212,0.960779226,0.606564927,0.626381097,0.593997915,0.59266774,0.538603856,0.552798738,0.309273728,0.399871209,0.346528575,0.308855027
Chad,,,,,,,,,,,,,,,,,,,,,,,,,,,,,,,,,,,,0.885614585,0.143786088,0.832047528,0.719413639,0.806361469,0.922964919,0.648801917,0.759047925,0.527897607,0.385065193,0.295063673,0.375044264,0.312693484,0.24694857,0.474029785,0.55352289,0.609502188,0.441061701,0.529579131,0.58562109,1.685604551,1.99586432,1.576272671,1.0884404,0.990258348,0.978636474
Chile,,,,,,,,,,,,,,,0.786360025,3.58581996,2.577899933,3.08465004,1.719089985,1.105370045,0.82168901,0.419642001,0.552079976,1.288980007,1.437590003,1.981459975,1.662549973,1.322530031,7.563010216,7.784249783,5.19863987,0.220522001,1.028740048,2.226550102,2.560810089,2.148060083,1.333145905,1.19951805,1.180470104,1.221419643,1.174914144,1.149432884,1.120198531,1.1098341,0.928840934,0.811923041,0.658488623,0.578249618,0.468837404,0.495326646,0.485686899,0.557144851,0.588823634,0.583238228,0.614815567,0.664038986,0.750550018,0.814737216,0.853162353,0.925700625,0.969747806
"China, People's Republic of",,,,,,,,,,,,,,,,,,,,,,,,,,,,,,0.162314211,0.231954312,0.354591274,0.523206756,0.272655865,0.344967754,0.512691449,0.547933858,0.745279572,0.859758983,0.661101368,0.732372342,0.723781057,0.55927517,0.702802132,0.470408201,0.434307081,0.444171684,0.389242998,0.410318488,0.428959826,0.451460373,0.492467294,0.488969364,0.512490699,0.554746162,0.512732597,0.680304639,0.75671899,0.808356417,0.852171036,0.956742227
Colombia,0.200000003,0.200000003,0.300000012,0.699999988,0.5,0.300000012,0.400000006,0.400000006,0.400000006,0.400000006,0.5,0.600000024,0.5,0.600000024,0.600000024,0.800000012,0.600000024,0.5,0.400000006,0.400000006,0.5,0.600000024,0.699999988,0.600000024,0.699999988,0.899999976,0.899999976,1.100000024,1.200000048,1.100000024,1,1.200000048,1,1.100000024,1.200000048,1.200000048,1.899999976,2,2.900000095,3.299999952,3.712614018,4.213539798,3.747213852,3.991723334,3.973247946,3.349839652,3.89431877,4.081482538,3.486857987,3.322962514,2.988111198,2.96869271,2.796489212,2.493173683,2.693034381,2.816398508,3.271344514,3.145467432,2.993509523,3.123768258,3.016302477
Comoros,,,,,,,,,,,,,,,,,,,,,,,,,0.877420374,1.048423793,1.119195734,0.927329209,1.179618592,0.895965018,0.858772049,0.746862812,0.589102044,0.604663163,0.69504252,0.553054846,0.516955831,0.559130479,0.59703257,0.553777121,0.531253718,0.657237354,0.600614855,0.601567307,0.52056366,0.455527443,0.424206996,0.287182138,0.415770167,0.334916676,0.307543035,0.263186226,0.251273427,0.110595815,0.060756431,0.084718718,0.087385705,0.067437298,0.095306523,0.20442402,0.246314009
"Congo, Republic of ",,,,,,,,,,,,,,,,,,,,,,,,,,,,,,0.784255365,9.895194557,7.880465592,7.10758703,6.641702294,10.45717493,12.26378574,0.69074041,0.447148959,0.183723013,10.30624738,6.189235222,6.896729141,7.655314052,5.257391716,4.753269038,4.50621444,4.242172315,2.400267574,2.890775827,1.602954863,0.900741469,0.145034056,0.143913117,0.204063102,0.194468294,0.65152508,2.034220151,1.72063441,1.921803726,3.238984302,1.343219911
Costa Rica,0.758476019,1.014000058,0.884845018,0.881316006,1.028270006,1.007889986,1.058769941,1.186879992,0.963526011,1.563339949,1.380839944,1.388530016,1.326699972,1.358919978,1.284829974,1.162170053,1.110960007,1.208829999,1.834130049,2.109339952,2.832969904,1.872220039,1.917729974,2.352859974,2.405040026,2.563950062,4.111820221,2.284450054,2.467530012,2.528700113,3.113709927,3.258260012,2.861069918,2.429929972,3.225800037,4.319129944,4.627649784,3.806250095,3.200409889,3.639139891,4.212914182,4.5583884,4.994187617,4.847888148,4.775863661,4.805280563,4.147146003,3.270655541,2.561854951,2.231877686,2.282175647,2.29804276,2.231487406,2.675179696,2.766860272,2.608361815,2.763581324,3.069463872,3.481551124,4.103997392,4.678572742
Croatia,,,,,,,,,,,,,,,,,,,,,,,,,,,,,,,,,0.649881174,0.455275584,1.090289889,1.211540822,0.963383859,1.396456257,1.362365717,1.480206737,1.677026079,1.838870557,1.637552024,1.655071278,1.755926286,1.768958503,1.634317123,1.648295483,1.768258978,2.196529017,2.362780422,2.639051817,3.028963547,3.076275096,3.400816599,3.404508262,3.064744523,2.631923836,2.284140451,2.177920956,1.984336964
Cyprus,,,,,,,,,,,,,,,,,,,,,,,,,,,,,,,,,,,,1.831134496,2.188134446,2.300140922,2.878650743,2.849509325,3.178857952,3.162855066,2.9746569,3.233892816,2.996470919,3.189092185,2.95685652,2.787295279,2.579749179,2.332467672,1.957258704,2.027965319,2.903202576,3.448754925,3.27077871,3.122396372,2.62451662,2.468215002,2.35417139,2.220348633,2.121390144
Czech Republic,,,,,,,,,,,,,,,,,,,,,,,,,,,,,,,,,,,,0.995736406,1.121440149,1.045294223,1.06745543,0.910348636,0.761139996,0.922909544,1.095176408,1.040074349,1.075341801,1.074476177,1.028015388,1.064455207,0.989720149,1.221828279,1.303398307,1.305238407,1.414337115,1.328011343,1.291740052,1.059416117,0.912948915,0.740166352,0.739378435,0.699456341,0.765983475
Côte d'Ivoire,,,,,,,,,,,,,,,,,,,,,,,,,,,,,,,,,,,,,,3.205701089,2.783645914,2.834816585,2.921180904,2.289929618,2.059134088,1.415873321,1.500586579,1.424936181,1.25967057,1.233194403,1.25468959,1.06363394,1.141437396,1.309711077,1.232169605,1.005980517,0.884990267,1.09836577,1.26701589,1.266763867,1.347421988,1.518999462,1.879903125
Denmark,0.671604991,0.595604002,0.535432994,0.50841099,0.477905005,0.461201012,0.419009,0.378509998,0.361701995,0.296999991,0.285714,1.309069991,1.281589985,1.205489993,1.170510054,1.148079991,1.284360051,1.747110009,2.088409901,3.342259884,3.742919922,4.997809887,5.670269966,7.618189812,9.043589592,9.338359833,8.386719704,7.845260143,7.445290089,7.077879906,6.579919815,6.56855011,5.986690044,6.661149979,6.108119965,5.893219948,5.678609848,5.025229931,4.568779945,4.121059895,3.686350107,3.422549963,3.181020021,2.868089914,2.562239885,2.080039978,1.770959973,1.581760049,1.412129998,1.916779995,1.881150007,1.970973342,1.80933846,1.663439011,1.471810778,1.550416528,1.332046689,0.785057639,0.798867446,0.735237164,0.551008641
Djibouti,,,,,,,,,,,,,,,,,,,,,,,,,,,,,,,0.444906876,0.241871487,0.427669487,0.314824815,0.302483841,0.48487177,0.491768318,0.363660427,0.24866827,0.370020049,0.333888848,0.208946987,0.266953775,0.248493648,0.242741043,0.307104618,0.319049837,0.29035847,0.248623756,0.317150971,0.292942528,0.241072556,0.304150179,0.233299913,0.226628906,0.405463115,0.822325703,1.059130616,1.248782743,1.295372282,0.168326605
Dominica,,,,,,,,,,,,,,,,,,,,,,,,,,,,,,,1.301421081,1.55061788,1.791669325,1.786831315,1.828148288,1.876982348,1.966553906,2.057959494,1.992916089,3.11920603,3.956250088,4.055538921,4.121655286,3.673189722,4.443424823,4.218555478,1.815227633,1.910407777,1.708719937,1.34108199,1.534557435,1.532330692,2.000455074,2.042993617,1.589741418,1.882194858,1.634768549,2.044537591,1.94620952,2.470442782,2.158457839
Dominican Republic,,,,,,,,,,,,,,,,,,,,,0.662956906,0.607830772,0.58564999,1.694291122,0.912712411,2.275959822,1.958267962,1.839528705,1.889285344,3.930955932,3.822006005,3.433854226,2.56723305,1.415820472,0.862138077,0.990709355,0.868273663,0.680546719,0.597836508,0.62136234,0.696914984,0.689601806,0.790455497,1.619761563,1.772731652,1.228843423,1.310375959,1.496266924,1.570596396,1.840799755,1.805011676,2.028339406,2.356197374,2.260462094,2.353263584,2.31327306,2.532848158,2.546359883,2.588587459,2.745389712,3.239937803
Ecuador,,,,,,,,,,,,,,,,,,,,,,,,,,,,,,,,,,,,3.570157439,3.536504225,3.754338428,3.567062489,6.828777534,5.770091286,4.071008943,2.947749172,2.526944827,2.176975822,1.943503799,1.914834797,1.68921491,1.140808839,0.55828307,0.593274104,0.633339526,0.725818524,0.888928753,0.982224602,1.334096615,1.531334432,2.063830096,2.475961505,2.702293478,2.809682769
El Salvador,,,,,,,,,,,,,,,,,,,,,,,,,,,,,,,1.689658265,2.930121262,2.55960397,2.436153993,2.050424873,1.753092661,1.901979616,1.689933188,1.62252314,1.541004652,1.724406002,1.628572789,1.936957632,2.038675614,2.436973464,2.572050371,2.842895188,2.982291502,2.888938046,3.016313955,2.753480788,2.553271168,2.508258496,2.700109248,2.701576762,2.729684721,2.915453947,3.201945252,3.604916309,3.68686045,4.402391076
Equatorial Guinea,,,,,,,,,,,,,,,,,,,,,,,,,,5.826366693,6.479007663,5.642988714,6.360430396,6.973201148,6.502136693,6.875507055,7.658865673,7.198980009,7.413072145,5.736375596,3.627125607,1.364880698,1.715648092,1.08981013,0.448319939,0.577170127,0.272977874,0.023479802,0.081156516,0.050456035,0.021539032,0.013918949,0.028742303,0.048351736,0.242186452,0.275842523,0.278605217,0.348157841,0.465438623,0.390472448,0.409990957,0.422960479,0.654051806,0.861966998,1.31119586
Estonia,,,,,,,,,,,,,,,,,,,,,,,,,,,,,,,,,,,,0.424446941,0.405295414,0.381872294,0.395847936,0.339825389,0.285174953,0.220407123,0.259505176,0.229860871,0.218870526,0.188658121,0.165820002,0.164011089,0.206401826,0.185396685,0.088188805,0.092940982,0.107162651,0.074031849,0.067836412,0.056225059,0.034026274,0.032726865,0.032392199,0.027372858,0.035681803
Eswatini,,,,,,,,,,,,,,,,,,,,,0.045677165,0.337581644,0.781965854,0.771856967,0.835240417,1.158261402,1.394529615,1.122872912,1.037088136,0.875554811,0.616113595,0.544080892,0.568964116,0.422979117,0.408666496,0.432045711,0.490780049,0.461810599,0.502194442,0.681691598,0.510342971,0.743071166,1.080712447,1.026106285,0.909441052,0.974061287,0.678240452,0.68942736,0.898588907,0.673216543,0.614571778,0.729574659,0.850311227,0.760496524,0.663756158,0.680700604,0.877118431,1.162896849,1.313545111,2.062219277,2.164019692
Ethiopia,,,,,,,,,,,,,,,,,,,,,0.532799451,0.644614842,0.86280905,0.853626598,1.133240107,1.379033823,1.258692347,1.018142381,1.129308148,1.042024041,0.898898318,0.94000525,1.040165763,1.399304,2.377240412,1.741732941,1.700168679,1.645238449,1.558670493,1.739048632,1.671305221,1.575077618,1.49807736,1.646789014,1.23511166,0.94196431,0.794417171,0.696255125,0.453011544,0.380943655,0.411304043,0.371335601,0.298445192,0.338135738,0.357646042,0.411237178,0.461183072,0.450028545,0.52590981,0.502678183,0.399518069
Fiji,,,,,,,,,,,,,,,,,,,,,,,,,,,,,,,,,2.969325242,2.757366214,2.690065016,2.718905814,2.608603044,2.972889665,4.007658448,2.329320962,2.411204062,2.506120428,2.512662957,2.427349191,2.397208897,2.35114947,2.579255807,3.102234404,2.805925963,3.138814215,3.436447138,3.714542928,3.411257022,3.213802929,2.998233792,3.044077555,2.846747536,2.555207633,2.53859776,2.744565393,3.256366207
Finland,0.395062,0.358696014,0.345178008,0.411215007,0.531120002,0.582706988,0.629370987,0.696485996,0.637883008,0.619512022,0.557986975,0.520874977,0.486348003,0.358543009,0.246392995,0.57,0.6,0.72,0.77,0.89,0.96,1.03,1.18,1.42,1.58,1.73,1.63,1.6,1.55,1.4,1.37,1.84,2.48,4.31,4.02,3.83,4.06,4.06,3.41,2.9,2.71,2.55,2.03,1.82,1.69,1.61,1.49,1.42,1.4,1.33,1.33,1.388902918,1.425608221,1.273975754,1.231047333,1.158076495,1.090024734,1.00087936,0.896933976,0.815899407,0.662641237
France,1.091580033,1.015789986,1.078950047,0.927654028,0.788641989,0.767288029,0.698469996,0.887610972,0.853170991,0.852210999,0.693359017,0.571673989,0.57814002,0.535355985,0.599470019,0.888258994,0.808288991,0.920226991,1.026080012,1.128389955,1.208639979,1.688380003,1.738669991,2.198460102,2.319400072,2.51493001,2.546760082,2.462660074,2.366110086,2.446229935,2.652800083,2.782449961,2.967279911,3.236269951,3.315109968,3.436350107,3.573270082,3.449749947,3.310339928,2.991359949,2.879539967,3.018409967,2.952889919,2.820580006,2.768229961,2.70156002,2.595609903,2.704530001,2.928159952,2.437870026,2.442519903,2.706220313,2.617957453,2.308438217,2.160329152,1.992738461,1.839105978,1.729769872,1.706930884,1.448001854,1.279861523
Gabon,,,,,,,,,,,,,,,,,,,,,,,,,,,,,,,5.231431154,5.667210051,5.969547849,6.562828055,6.306411053,8.003280304,6.000948685,5.890537969,7.15398623,6.40841313,5.518329264,8.255033667,4.087242416,3.7471175,3.68026412,2.588961088,2.196461854,1.99219232,1.64721021,1.432385887,1.361180048,1.10187882,1.069075676,1.555357663,1.615778378,2.026237619,2.324423929,2.526302282,2.402018813,2.274676127,3.368058339
Georgia,,,,,,,,,,,,,,,,,,,,,,,,,,,,,,,,,,,,2.162822066,1.449250444,1.775747756,2.460656774,2.569507116,2.733735265,1.71207229,1.913783021,1.914917853,1.39511955,1.00524938,0.730756936,0.558240526,0.614467737,0.925738591,0.944020102,1.13035486,0.931233356,0.830628461,0.79816912,0.972044794,1.124191498,1.181256993,1.166716202,1.240339255,1.561499826
Germany,0.452933997,0.849298,0.770986021,1.020059943,1.000120044,1.033200026,1.14428997,1.398440003,1.635169983,1.509940028,0.947625995,0.97655803,1.050600052,1.12925005,1.273419976,1.435719967,1.648159981,1.633460045,1.598999977,1.795160055,2.110620022,2.523119926,2.890120029,3.008480072,2.994529963,2.996959925,2.788559914,2.742259979,2.716429949,2.701359987,2.694329977,2.686690092,3.140619993,3.201719999,3.176970005,3.50338006,3.49119997,3.392240047,3.373480082,3.165179968,3.200000048,3.091010094,2.963609934,3.01699996,2.875159979,2.842109919,2.858380079,2.821079969,2.762550116,2.688139915,2.498379946,2.494097031,2.312197894,1.830757465,1.610251996,1.394695623,1.189157633,1.035180401,0.926800279,0.788481139,0.631579566
Ghana,,,0.207269996,0.302495986,0.581151009,0.541992009,0.647478998,0.851342976,0.186185002,0.822229028,0.835298002,0.765842021,0.961499989,0.955649972,0.871170998,0.841210008,0.892392993,0.950718999,0.773662984,0.894958973,0.706229454,0.612638263,1.020085296,0.527800272,0.556468456,0.613606104,0.903925077,0.585087266,0.472276507,0.545515222,0.567874729,0.705787677,0.856061864,1.556460203,1.957587726,1.876645876,2.287778204,2.736823887,3.032907194,2.427998022,3.253253231,2.635565358,1.965366369,2.692977999,1.901661485,1.58805215,1.486137379,1.381951106,1.660771046,2.086088293,2.321488797,1.979044508,2.604872969,3.5323412,4.462245307,4.944997529,5.250110764,5.164469644,5.440216423,5.544685135,6.27627006
Greece,0.355675995,0.400000006,0.514545023,0.660833001,0.766422987,0.634885013,0.590746999,0.628148019,0.693360984,0.73743099,0.847221017,0.886236012,0.877330005,0.869475007,1.113639951,1.20065999,1.348449945,1.251739979,1.435840011,1.80934,2.01906991,2.667870045,2.166120052,3.079449892,3.79666996,4.435550213,4.754109859,5.987559795,5.21925623,5.155455375,7.130259805,6.380358043,8.008119461,8.658557789,9.582290675,10.78576924,10.34472633,8.4004431,7.764520233,7.646615408,6.910856449,6.338877477,5.616292988,4.93866829,4.825543258,4.734233983,4.454597637,4.537298684,4.856468902,5.083004288,6.094394175,7.672595274,5.348734745,4.123212737,3.989031574,3.561283446,3.216156429,3.146357043,3.38497867,3.003001364,2.994084415
Grenada,,,,,,,,,,,,,,,,,,,,,,,,,,,,,,,2.716848456,2.450588018,2.065844309,2.080182668,1.910292398,1.575979304,1.742272828,1.829994995,1.220991079,1.76429005,1.72085007,1.984272701,3.549445682,3.913959329,3.687020314,1.590453232,1.465739993,1.667361667,1.710699533,2.223098865,2.16167946,2.454930043,3.409733454,3.311163496,3.542941751,3.339985702,2.870376534,2.664258945,2.007992859,1.850818258,1.984058082
Guatemala,,,,,,,,,,,,,,,,,,,,,,,,,,,,,,,,,,,,1.059437143,1.166818556,0.788830584,1.153805079,1.393126302,1.301277349,1.477382251,1.323688502,1.236471125,1.310114602,1.358525971,1.337025632,1.447612508,1.322886488,1.411100184,1.477003,1.482519764,1.540528162,1.577627591,1.471679752,1.600083321,1.538682907,1.520029732,1.538634041,1.631372514,1.723614262
Guinea,,,,,,,,,,,,,,,,,,,,,,,,,,,,,,,1.94328665,1.68225675,1.18626696,0.951564803,1.140509685,1.031128015,0.974653272,1.18165222,1.035989862,1.119197669,1.272801295,1.207152338,1.324574048,1.61608909,2.000025494,2.004313393,2.468934094,1.566631739,1.71708924,1.427995535,1.393453693,1.468987958,1.305241486,0.852368749,0.967822771,0.823449803,1.095813957,0.910513305,0.822628956,0.467367043,0.747477197
Guinea-Bissau,,,,,,,,,,,,,,,,,,,,,,,,,,,,,,,,1.198691712,1.062716523,1.934154414,2.851245546,1.779252945,1.933154031,2.110616922,2.380394894,2.466955486,3.166187819,4.045837909,2.116045971,2.133015769,2.64636225,1.906123032,0.921575167,1.703960003,1.722235189,1.159373206,0.146078049,0.117306541,0.024636624,0.068737328,0.479717387,0.67517683,0.686695453,0.475213607,0.625712144,1.060345448,1.512593129
Guyana,,,,,,,,,,,,,,,,,,,,,,,,,,,,,,,,,,,,,,4.470245197,3.842226411,3.570005387,4.396364558,4.144081499,3.65994626,2.690077863,2.352153928,2.12577417,1.861808263,1.376499209,1.291035168,1.2439527,1.33911512,1.185948016,0.784742694,0.713328451,0.742322185,0.733822968,0.72669248,0.818631445,0.85580688,0.788956107,0.651147482
Haiti,,,,,,,,,,,,,,,,,,,,,,,,,,,,,,,,,,,,,,0.394501508,0.377794582,0.470764341,0.389819645,0.343470046,0.268605091,0.534860235,0.416566864,0.604524111,0.482646064,0.416077256,0.38496745,0.340288304,0.29077211,0.215810111,0.200901128,0.20264513,0.230888384,0.097453613,0.177532643,0.140695555,0.179825831,0.273137331,0.248553305
Honduras,0.312965989,0.308988988,0.348387003,0.353657991,0.481400013,0.373647988,0.363635987,0.359531999,0.369515002,0.400593013,0.477178007,0.651193023,0.760546029,0.759894013,0.700094998,0.676155984,0.623144984,0.556106985,0.540363014,0.512616992,0.48852399,0.491400987,0.527414024,0.550062001,0.563634992,0.568105996,0.600042999,0.608264983,0.603543997,0.597166002,4.164470196,6.524459839,6.647339821,5.821760178,4.041989803,3.813329935,3.540819883,3.503639936,2.394783421,2.402689224,1.959015227,1.584416156,1.381665334,1.399595097,1.30327785,1.172985143,1.029152373,0.713679705,0.621365777,0.626640012,0.722493403,1.023591312,1.218660002,1.683310619,1.899780098,2.026931913,2.511547547,2.208204736,2.204787477,2.15610251,2.556273774
Hong Kong SAR,,,,,,,,,,,,,,,,,,,,,,,,,,,,,,,,,,,,,,,,,,,,,,0.030609112,0.054025594,0.047458418,0.044881482,0.037802476,0.031651072,0.02943635,0.027802983,0.026529336,0.014158525,0.00320021,0.003028436,0.00283447,0.002658711,0.004929225,0.007110755
Hungary,,,,,,,,,,,,,,,,,,,,,,,,,,,,,,,5.430049896,5.858779907,5.603449821,4.547120094,6.776669979,8.748008004,9.048755986,8.443544444,7.0625381,6.697150757,5.28557679,4.703351582,4.001231167,4.027556246,4.335494552,4.064810799,3.848110274,4.036504826,4.06145121,4.512552297,4.097670287,4.139508302,4.562797779,4.518697352,3.970732796,3.443028947,3.087360394,2.646671737,2.330364444,2.231437804,2.334287693
Iceland,0.180318996,0.200710997,0.178097993,0.19032,0.185093999,0.185319006,0.218340993,0.226352006,0.435353011,0.488581002,0.580150008,0.527791977,0.669876993,0.651054978,0.778523982,1.136890054,1.063709974,1.013960004,1.269809961,1.072450042,1.70647035,1.972640928,2.187829283,3.226937341,3.059566926,3.237388177,2.962745496,2.630261599,3.45725469,3.799522777,4.005596591,3.931914045,3.902508321,4.0155411,4.160079326,4.489719357,4.068089436,3.747343178,3.951064539,7.640841656,6.895813045,9.303893792,5.636195471,6.411301959,6.448541406,5.472444172,6.153138247,6.346506584,11.57637808,12.07550952,8.075113908,8.772759799,8.946427981,8.100516408,6.797963918,6.777771623,6.063280436,5.706106719,4.934522426,4.285890754,3.988930982
India,0.748667002,1.141880035,1.094589949,1.099060059,1.073789954,1.165519953,1.20946002,1.298269987,1.329970002,1.271540046,1.271989942,1.266960025,1.311570048,1.225160003,1.179780006,1.257230043,1.401649952,1.500519991,1.591750026,1.725610018,2.372770071,2.461240053,2.826780081,3.029129982,3.44291997,3.763099909,4.252460003,4.684440136,4.448150158,4.082540066,4.277928352,4.596553204,4.704955969,4.822322986,5.001001888,4.807516343,4.924402448,4.95693956,5.130012514,5.435919719,5.696944756,6.015369722,6.24311951,6.201190971,5.919881051,5.520001155,5.372777646,5.187133628,5.030413708,4.905275378,4.469086936,4.577753931,4.567728009,4.755111399,4.687994267,4.705607663,4.706734227,4.810243434,4.769488922,4.774258693,5.25390081
Indonesia,,,,,,,,,,,,,0.081069,0.165851995,0.219462007,0.241239995,0.221116006,0.359266013,0.339024991,1.308339953,0.888972998,0.805130005,1.096429944,1.548509955,1.668799996,1.656399965,2.292749882,2.675110102,2.952569962,2.687520027,2.505000114,2.312449932,2.239949942,1.545219957,1.373910724,1.204543286,1.022564804,1.485053305,2.786112475,3.22217537,3.313543006,4.866678912,4.424314284,2.983862134,2.502415387,2.160791873,2.177483103,1.85720954,1.633100458,1.560076721,1.287609556,1.19082307,1.166660184,1.184097044,1.26248553,1.353507258,1.473675789,1.593603956,1.739323701,1.740227787,2.034510727
Iran,,,0.461297005,0.376414001,0.392280996,0.30745101,0.270125002,0.240447,0.569580972,,,,,,,,,,,,,5.802480221,6.501190186,,9.717069626,,,,,1.287359953,2.609100103,,2.34781003,,,1.077780008,4.219530106,1.867879987,,4.54971981,10.90789986,0.280043095,0.291042835,0.254387766,0.166856408,0.20667018,0.18929027,0.231075376,0.195410281,0.134956434,0.085157596,0.08780314,0.077774465,0.077703491,0.080984227,0.097303502,0.42364189,0.660577476,0.67862159,0.505214214,0.490098685
Ireland,2.086369991,2.180720091,2.154619932,2.223680019,2.261830091,2.496170044,2.694910049,2.906330109,2.865289927,3.045779943,3.163820028,3.045840025,2.773119926,2.991760015,3.160680056,3.685349941,4.396780014,4.441699982,4.666009903,5.212480068,5.730060101,6.628719807,8.062589645,8.341030121,8.378709793,9.762060165,9.200739861,9.167929649,8.559780121,7.713620186,7.779900074,7.562049866,7.041779995,6.595069885,6.018219948,5.291989803,4.498429775,3.772000074,3.38003993,2.387979984,1.973629951,1.468690038,1.338430047,1.233620048,1.119420052,1.049890041,1.025189996,1.046609998,1.378020048,2.041049957,3.137150049,3.359483291,4.155510634,4.324155647,3.890201707,2.638757909,2.318342302,1.983423058,1.627187866,1.296085,1.027207673
Israel,1.635750055,1.685389996,2.0583601,2.630609989,2.659889936,2.531110048,2.578010082,2.851939917,2.664570093,3.086019993,3.008670092,,,,,,,,,,10.6218996,13.49479961,11.09780025,24.60829926,23.31290054,15.90849972,14.41329956,13.44929981,14.46409988,7.093780041,7.530079842,9.954680443,5.379869938,4.776850224,5.685180187,6.367670059,5.785399914,5.994160175,9.437339783,8.844249725,8.477430344,8.120949745,8.2062397,8.302650452,7.867939949,7.791419983,6.392260075,5.876820087,5.304090023,5.015079975,4.91629982,4.056543786,3.595234576,3.493283821,2.438067214,2.088301862,2.11616763,2.177819723,2.394716264,2.091910251,1.971226322
Italy,1.090170026,1.041730046,0.941422999,0.824343979,0.332347989,0.659309983,0.718041003,0.779268026,1.224930048,1.279350042,1.320919991,1.514860034,1.707290053,1.87827003,2.226520061,2.859280109,3.235539913,3.518660069,4.167459965,4.112140179,4.42663002,5.093329906,6.569590092,7.810760021,8.383600235,8.425490379,8.780489922,7.901080132,8.293459892,9.163570404,10.08440018,11.34920025,12.22990036,12.65909958,11.35960007,11.58969975,11.51760006,9.291680336,8.182169914,6.641610146,6.332930088,6.290800095,5.638339996,5.145810127,4.774179935,4.674459934,4.610549927,4.946859837,5.124420166,4.535200119,4.395609856,4.649384142,5.161051221,4.829452798,4.580298082,4.113498313,3.914880769,3.769334553,3.646625731,3.359729004,3.459166184
Jamaica,,,,,,,,,,,,,,,,,,,,,,,,,,,,,,,7.670778368,6.492758994,6.301697607,6.630918411,7.702821395,7.431839131,9.81256407,8.065413257,10.60843242,11.63802468,10.86565116,11.77283026,12.78784754,16.07011718,14.9102502,13.15764824,11.94742386,11.67054264,12.45012342,17.31371865,10.95289486,9.573407993,9.475897386,7.516575524,7.969440233,7.441366591,7.794318038,7.009722078,6.291795562,6.199054056,6.523690092
Japan,0.493896008,0.408924013,0.355960011,0.387816012,0.346004009,0.369681001,0.421889991,0.508759975,0.571561992,0.568693995,0.571641028,0.619663,0.727953017,0.817296028,0.887970984,1.129559994,1.445379972,1.811249971,2.129590034,2.505079985,3.011179924,3.21202711,3.524764741,3.855870327,4.032720709,4.072544512,4.011467169,3.945024029,3.725952651,3.541563722,3.460740956,3.348109309,3.318625504,3.287604931,3.217827741,3.295331392,3.209507023,3.231745358,3.302178781,3.352340922,3.241020982,3.157373622,3.031429112,2.818737611,2.53441249,2.356795248,2.219686373,2.189227298,2.313063564,2.478470048,2.271276951,2.308659241,2.269125239,2.203516174,2.149973275,2.040936947,1.964767731,1.831548457,1.742178745,1.671661322,1.65746206
Jordan,,,,,,,,,,,,,,,,,,,,,,,,,,3.951554532,3.882383277,4.283148134,6.368291074,9.043618519,9.693438493,9.861218349,8.446332351,6.265643165,5.216992976,5.092728693,4.651064349,4.488528205,4.406285591,4.772117676,5.089424184,4.251733914,3.589764586,3.626062975,2.745941009,2.891501157,2.888643029,2.935928989,2.347491561,2.250616632,2.064365321,2.048454399,2.595663468,3.010711938,3.539508162,3.337618175,2.94911917,2.911904762,3.294957631,3.629467878,4.155957695
Kenya,,,,,,,,,,,,,,,,,,,,,,,1.951830011,2.06476274,2.13416947,2.403652359,2.495157444,2.645234638,3.009738852,3.020949113,3.289639442,3.489508066,5.098659118,6.669700022,5.579522522,4.221886134,3.490787934,3.15285566,3.13264564,2.655169295,2.178407552,2.090679189,2.215728003,2.02311917,1.676507702,1.808944032,1.955164018,1.829425119,1.759259947,1.783421157,1.959303777,2.01100817,2.066916936,2.259099969,2.524589192,2.704582101,3.124808445,3.507574869,3.745130224,3.970241402,4.350228425
Kiribati,,,,,,,,,,,,,,,,,,,,,,,,,,,,,,,0.061734147,0.072351998,0.067200359,0.062158856,0.078700816,0.145655824,0.138096215,0.497895225,0.191414228,0.168855741,0.155436949,0.113276183,0.141144449,0.112476714,0.112420042,0.113599612,0.10566676,0.104704714,0.09358918,0.127686082,0.09413763,0.082266101,0,0.04473588,0.13963999,0.153871973,0.134555053,0.176277403,0.241212981,0.266794327,0.265336587
"Korea, Republic of",0.222077996,0.161688998,0.178268,0.151284993,0.114570998,0.086093001,0.097804002,0.084962003,0.103591003,0.144690007,0.158193007,0.169165999,0.135578007,0.058556002,0.061310001,0.052014999,0.026577,0.034860998,0.026859,0.918294013,1.148499966,1.196640015,1.197839975,1.075829983,1.173910022,1.221220016,1.195420027,1.019799948,0.876529992,0.549269021,0.705829024,0.575029016,0.608466983,0.433878988,0.565850019,0.444633923,0.400121503,0.416603782,0.632641953,0.994810069,1.057079561,1.018033403,0.872368894,0.787897418,0.958791853,1.054271575,1.208242032,1.233756175,1.24378206,0.955658593,1.012132439,1.048721713,0.988743023,0.891912897,0.89940106,0.847757965,0.802169327,0.761345193,0.752663389,0.718992656,0.744669701
Kuwait,,,,,,,,,,,,,,,,,,,,,,,,,,,,,,,2.495035269,3.817644817,5.826325638,7.898742853,7.378291724,6.051308938,4.422469496,3.480689586,3.623165502,2.885900244,2.185449563,2.180270379,1.266036189,0.653712607,0.443457386,0.382491428,0.40635233,0.422798913,0.263126013,0.220519278,0.15283632,0.109865867,0.089111,0.071157346,0.068460775,0.099441789,0.132486689,0.524791869,0.862668158,0.761819436,0.592478252
Kyrgyz Republic,,,,,,,,,,,,,,,,,,,,,,,,,,,,,,,,,,,,0.420547203,1.2148944,1.69445058,2.092846048,2.946884949,2.17614856,1.661511143,1.610126837,1.512932851,1.352238895,1.550307299,0.88084116,0.64570924,0.74904299,0.800919741,0.82203611,0.96353674,0.943423699,0.842172005,0.758858381,0.819462686,0.902628255,0.869172215,1.02325331,0.881746915,0.994027801
Lebanon,,,,,,,,,,,,,,,,,,,,,,,,,,,,,,,10.96695794,5.040421984,5.532852239,6.053108365,9.851387741,10.54204549,13.16901679,14.55934791,12.96008835,13.99809847,16.36089808,16.47450254,16.59421084,16.59233417,12.29544172,10.522418,13.19618061,12.64060705,11.34246076,10.86667291,10.1884253,9.411862436,8.236003316,8.093728775,8.70883974,8.93043923,9.318461838,9.410686031,9.854572036,10.06009153,3.048047022
Lesotho,,,,,,,,,,,,,,,,,,,,,,,2.993665542,3.311489634,2.574997487,2.232907006,2.470163776,2.80491941,2.661554349,4.66013612,4.215848789,3.055539336,2.660374614,2.141738815,1.95304922,2.230157198,0.679763246,1.107036049,2.491321453,1.597978077,2.539622649,1.947063788,2.516904055,2.459517638,1.520659234,1.064893744,2.587499914,2.442171951,0.812747394,0.834500704,0.555607216,0.726343185,0.783417349,0.799008511,0.638101853,0.878076046,0.791489322,1.074550025,1.392950932,1.410765692,1.613958031
Luxembourg,,,,,,,,,,,,,,,,,,,,,,,,,,,,,,,,,,,,0.547307594,0.440727063,0.39395535,0.418260589,0.414826508,0.334551466,0.307371471,0.26668266,0.241733773,0.185885475,0.191208378,0.215362107,0.280539188,0.34741662,0.362349459,0.411530398,0.500864103,0.477580374,0.498019126,0.404894258,0.374937203,0.369875516,0.369442038,0.35055051,0.330281433,0.230764919
Madagascar,,,,,,,,,,,,,,,,,,,,,0.36395609,0.518072294,0.657313674,0.738617783,0.998965458,1.008292992,0.935144167,1.004286084,1.258938981,1.278491711,1.18318195,1.663996529,2.768401329,3.321643769,4.553930739,4.201705043,3.790403686,2.529424755,2.312139156,1.833123598,1.954351766,1.65191744,1.803698837,1.901769152,2.53009286,2.271590804,2.078597625,0.974077508,0.694959305,0.683010458,0.70890763,0.727842576,0.610073284,0.578662132,0.47089031,0.693330941,0.739432476,0.695304568,0.768958818,0.697557538,0.731099885
Malaysia,,,,,,,,,,,,,,,,,,,,,,,,,,,,,,,5.34561123,4.789084584,4.450619089,3.820990386,3.201304009,2.723887447,2.482874222,2.116774544,2.259802907,2.43377827,2.343857108,2.516510559,2.317101498,2.312543811,2.115207179,2.069294867,2.045985423,1.904677361,1.643710384,1.978216997,1.965090283,2.015721564,2.094959234,2.14185398,2.146018548,2.194025708,2.278000048,2.206684031,2.293796449,2.370596085,2.655722588
Maldives,,,,,,,,,,,,,,,,,,,,,,,,,,,,,,,0.566726901,0.799056433,0.665009004,0.817222533,1.266647855,1.395021737,1.305356575,1.134244158,0.99990383,1.108619615,1.127935723,1.186126332,1.287555677,1.003926123,0.882611404,1.040224672,0.985985662,0.979707212,0.962958057,2.058239242,2.039871675,1.791570738,2.496494317,1.889514088,1.720420861,2.13415877,1.756736225,1.499533984,1.765322404,1.786271793,2.78599314
Marshall Islands,,,,,,,,,,,,,,,,,,,,,,,,,,,,,,,,,,,,,,6.083895356,4.767220376,3.761719516,1.761335829,1.232821034,0.429942477,0.667716265,0.629878608,0.682198647,0.648468259,0.606613179,0.86833154,0.598755397,0.556738914,0.826268436,0.793111611,0.634511523,0.411548356,0.39889149,0.378817892,0.302573979,0.288717945,0.255714608,0.272313243
Mexico,0.320470005,0.510228992,0.376055002,0.405719012,0.477880001,0.696919024,2.347939968,3.635099888,2.475699902,2.55230999,2.526609898,2.467499971,2.35529995,2.288490057,2.322530031,2.495249987,2.837559938,3.450400114,5.129509926,5.720379829,3.52125001,4.968430042,12.08450031,12.9861002,12.63720036,11.98690033,17.15040016,20.03619957,17.2057991,13.30500031,9.844269753,5.543059826,3.982759953,2.811660051,2.337800026,4.612609863,4.025567335,3.594323896,2.690290565,3.130972141,3.157291217,3.893150546,3.137191067,2.997419095,2.840946544,2.826203549,2.70764218,2.596904897,3.577202894,3.580352776,3.111698875,2.92308267,3.084987682,3.035518305,3.028684898,3.020266564,3.319030126,4.039274541,4.118111707,4.192569577,4.375075082
"Micronesia, Fed. States of",,,,,,,,,,,,,,,,,,,,,,,,,,,,,,,,,,,,3.054149812,2.605285049,2.339560677,1.642290454,1.305349653,0.793984448,0.257159399,0.228398815,0.20330223,0.203182859,0.177403951,0.173174671,0.180195877,0.231941231,0.287611805,0.276388798,0.317370289,0.311914298,0.392191394,0.368073123,0.361245239,0.30557431,0.249467503,0.22461979,0.195454833,0.184284568
Moldova,,,,,,,,,,,,,,,,,,,,,,,,,,,,,,,,,,,,4.094315877,3.113793773,4.227891185,4.617351265,7.035638524,6.244853823,4.18444061,2.155980943,2.100009856,1.909666142,1.249605962,1.015766797,1.18773179,1.164466003,1.39500703,0.646302591,0.681665304,0.658322705,0.440799252,0.467405125,0.754149249,1.126577071,1.113135693,0.807139954,0.795612297,0.854437752
Mongolia,,,,,,,,,,,,,,,,,,,,,,,,,,,,,,,,1.526503096,0.33137202,0.890733951,0.446214482,0.276304256,0.528457706,2.269204049,1.173501342,1.600867543,1.486103875,1.186428919,1.262851475,0.963920396,0.983212891,0.680040967,0.448949112,0.374759177,0.30430611,0.449450032,0.433837763,0.283297702,0.754422015,1.410444967,2.251090947,3.193107648,4.12053689,4.126720339,3.212980814,2.275365862,2.507657848
Morocco,,,,,,,,,,,,,,,,,,,,,,,,,,,,,,,4.903339249,4.374671165,4.342702069,4.621351216,4.460478497,4.652616134,4.245690363,4.255447505,4.106696841,3.981124056,4.18939377,3.885392866,3.418824686,3.216341441,3.073213894,2.916030173,2.842177071,2.744989952,2.349651196,2.157235789,2.068704773,2.05522706,2.259260398,2.398687297,2.559568388,2.531260464,2.476589572,2.35686464,2.253360631,2.124555183,2.497746045
Namibia,,,,,,,,,,,,,,,,,,,,,,,,,,,,,,,0.796075545,0.285241625,0.227948848,0.561512249,0.841359121,0.965023133,1.319410414,1.71724884,2.143284583,2.10145961,1.912310379,1.862978333,2.139209343,2.270893992,2.243449836,2.407023225,2.371591653,1.948239332,1.608417582,1.563230814,1.240005222,1.209841108,1.471865852,1.513632666,1.482156442,1.704664065,2.467489951,3.002164414,3.240838058,3.679961338,4.127321451
Netherlands,1.419810057,1.395969987,1.305609941,1.258620024,1.165850043,1.195050001,1.245659947,1.307410002,1.40241003,2.766940117,2.884299994,2.834379911,2.690949917,2.680140018,2.873239994,2.919019938,2.929460049,2.979670048,3.135580063,3.306930065,3.697940111,4.387609959,5.072020054,5.535590172,5.924449921,6.187419891,6.190629959,6.10792017,6.033659935,5.736999989,5.795149803,6.008349895,6.225520134,6.080150127,5.541500092,5.634190083,5.301249981,4.929039955,4.671360016,4.276360035,3.652260065,3.168869972,2.804949999,2.596950054,2.483589888,2.357389927,2.20152998,2.200700045,2.220760107,2.1738801,1.912940025,1.791164572,1.677575862,1.558754995,1.46777652,1.301434186,1.150723455,1.0019698,0.895751479,0.766368819,0.683338983
New Zealand,0.96538502,1.001109958,0.975022018,1.003610015,1.807000041,1.200889945,2.437609911,2.623369932,2.768490076,2.983750105,2.80862999,2.623780012,2.426650047,2.339159966,2.177649975,2.189500093,2.314130068,2.602920055,3.103029966,3.47984004,3.828200102,3.877419949,4.312960148,4.698629856,5.783390045,5.598648491,4.821681462,5.064389503,5.441645639,5.941515558,6.553868789,7.505841913,7.86032974,7.342276338,6.646582819,6.17359961,5.292523946,4.440902423,3.947512967,3.453519237,3.221236401,2.987443524,2.792313516,2.821199647,2.695306562,2.5336141,2.220733753,1.561324349,1.170256899,1.43745407,1.646148731,1.8631995,1.953606194,1.852217224,1.756144742,1.700672165,1.592361462,1.484910047,1.411751484,1.290739653,1.195302778
Nicaragua,,,,,,,,,,,,,,,,,,,,,,,,,,,,,0.073867001,0.006298,0.000528,1.181620002,2.989289999,3.970789909,5.011529922,5.052219868,3.606780052,5.762589931,4.587910175,4.39827013,2.110749006,2.65098238,3.457930565,3.062738419,1.608035684,1.481968641,1.400325418,1.153555393,0.879342914,1.013830066,1.064214468,1.032531142,0.995494485,0.676303267,0.696171105,0.741664767,0.902886987,1.028568029,1.098921657,1.233358264,1.186924815
Niger,,,,,,,,,,,,,,,,,,,,,,,,,,,,,,,,,,,,1.92169976,1.372578088,1.241729896,1.236237728,1.26730482,1.360528031,1.420431601,1.175865173,0.885146893,0.411171315,0.439698139,0.197762158,0.258272437,0.169402016,0.167381528,0.154563354,0.247707795,0.226456879,0.228030786,0.29982356,0.463832419,0.683412808,0.723358065,0.947010795,0.987888926,1.045453151
Nigeria,,,,,,,,,,,,,,,,,,,,,,,,,,,,,,,6.032761608,5.714394811,6.778208745,6.308173111,3.946042871,2.506617617,1.721715818,1.742707737,1.927164968,5.148480337,4.058162715,4.015645659,1.880133234,4.102381484,1.378991064,1.867630837,0.676902593,0.627964838,0.633289219,0.650915221,0.628099757,0.842053347,0.97339268,0.987182026,0.969949817,1.128391884,1.280479291,1.354982255,1.693520414,1.676980512,2.114000625
North Macedonia ,,,,,,,,,,,,,,,,,,,,,,,,,,,,,,,,,,,,,,2.013857742,1.76839176,1.411169658,1.673405284,1.727012794,1.384079087,1.01967749,0.860076953,0.846556459,0.936785739,0.781733974,0.632456796,0.589693745,0.725822496,0.747760596,0.903358239,0.917729148,0.964689338,1.155372356,1.144934213,1.360446266,1.164967157,1.171098468,1.224366587
Norway,0.981651008,0.973034024,1.294389963,1.368489981,1.413370013,1.414950013,1.417179942,1.425009966,1.527119994,1.561419964,1.593140006,1.619850039,1.737220049,1.78847003,1.840430021,1.530220032,1.833909988,2.099590063,2.448829889,2.876490116,3.07701993,2.993779898,2.910749912,3.056790113,3.038079977,3.187730074,3.973360062,3.923949957,3.52857995,3.604199886,3.505800009,3.202159882,3.217430115,3.287139893,3.054140091,2.780149937,2.458009958,2.060450077,2.042949915,1.776319981,1.516839981,1.829149961,1.810539961,1.806599975,1.408570051,1.20562005,1.53294003,1.311980009,1.48318994,1.424790025,1.312890053,1.162717,0.932473205,0.876946781,0.847805696,0.840327491,0.759034107,0.66216906,0.660964011,0.707565966,0.677457388
Oman,,,,,,,,,,,,,,,,,,,,,,,,,,,,,,,1.794074177,1.388378277,1.794757049,1.821505654,1.768611042,1.901912779,1.800013626,1.518583717,1.646946758,1.440936508,1.56097072,1.851705241,1.55828652,0.774962993,0.681837754,0.490756573,0.342066118,0.41838383,0.189270546,0.211048557,0.149659748,0.127861979,0.134786604,0.155000908,0.148359733,0.123331584,0.479118401,1.194537635,1.757503106,2.019236446,3.135869675
Pakistan,0.523275971,0.478082001,0.558732986,0.676473022,0.596552014,0.707406998,0.669004977,0.735374987,,,,1.534379959,1.491780043,1.347640038,1.359099984,1.293079972,1.565729976,1.625399947,2.468780041,1.871610045,1.979259968,1.926440001,2.131570101,2.77489996,3.080349922,3.209059954,3.517270088,4.074379921,4.22755003,4.689040184,5.364590168,4.166450024,4.477190018,4.207332736,4.084181707,3.50351343,4.189572826,4.404958513,4.969775718,4.921293318,5.28036851,4.591302131,4.540782195,3.502942983,2.868321497,2.665896227,2.564167195,3.546290754,4.089888314,4.293013829,3.837872471,3.393662776,3.940338844,3.933129369,4.051690164,4.220759429,3.860608429,3.79276535,3.827326542,4.774434574,5.511101093
Panama,0.697115004,1.034479976,0.693068981,0.644007027,0.780411005,0.752313018,0.767194986,0.734840989,0.747096002,0.943277001,1.017500043,1.540369987,1.620810032,1.72863996,2.406630039,2.077640057,2.448420048,2.811630011,,,,,6.756750107,6.969520092,6.918389797,6.951340199,6.410099983,5.613049984,9.130249977,10.64669991,9.339019775,2.976419926,3.536299944,3.938740015,4.328975386,4.993134645,2.81475848,2.950041121,2.870832699,3.36187367,3.952675551,4.04795197,3.938687271,4.055708728,3.921897381,4.128747609,3.979984281,3.184027711,2.855196366,2.601904698,2.406226379,2.137501544,1.759567815,1.776105677,1.678363499,1.726758946,1.723260944,1.733940689,1.778684234,1.879774703,2.623573007
Papua New Guinea,,,,,,,,,,,,,,,,,,,,,,,,,,,,,,,,,2.275131812,2.216960162,2.356448582,3.000949869,2.623170668,2.715770812,3.000490647,3.111361275,3.060515872,2.840635601,2.667566606,3.679160192,1.918137046,1.525568699,1.254516669,1.364596151,1.262102512,1.464358695,0.950912147,1.018835941,1.01934489,1.091965547,1.633270363,1.730478837,1.919027126,2.102682554,2.333993685,2.539297531,2.530544694
Paraguay,,,,,,,,0.231506005,0.274370998,0.340472013,0.251630008,0.37390101,0.332239002,0.270646989,0.209208995,0.205592006,0.188182995,0.287034988,0.261377007,0.362508154,0.366704949,0.347140324,0.387710946,0.374281473,0.504448178,0.53759069,0.582895905,0.871964287,0.784543945,1.871721543,1.654964813,0.868012301,0.830904854,0.745654935,0.844348982,1.023553553,0.910349259,0.833097329,1.197007285,1.133377472,1.265731039,1.391642856,1.552892097,1.452129511,1.164047406,1.101323431,1.129429313,1.010136255,0.768974681,0.519353796,0.585686667,0.508619433,0.448380131,0.571398101,0.621726139,0.824061717,0.8893508,0.991610802,1.100076642,1.257268235,1.412654636
Peru,,,,,,,,,,,0.727756977,0.99378401,0.891606987,1.706840038,1.174329996,1.751070023,1.260220051,1.986999989,3.759259939,3.463269949,3.118690014,3.174350023,2.818320036,3.892270088,3.793100119,3.220099926,1.997259974,1.377419949,1.82051003,1.554550052,6.200339794,3.651469946,4.164259911,3.586349964,2.468640089,2.433239937,1.535459995,0.890609026,1.459130049,1.937270045,2.558132533,2.32399547,2.208236622,2.215572945,2.12685191,2.031809425,1.953417653,1.8563094,1.621008639,1.335742435,1.185544837,1.153034043,1.071683828,1.088302664,1.050306723,1.030696914,1.046642841,1.109755541,1.233883635,1.272258352,1.509751418
Philippines,0.212143004,0.194771007,0.261404008,0.248241007,0.287907004,0.234894007,0.283784002,0.264138013,0.287539005,0.293200999,0.350942999,0.42455101,0.356150001,0.27690199,0.347763002,0.832628012,0.550741971,0.58809799,0.641641974,0.891318023,0.94195199,0.865423977,1.125239968,1.363669991,2.009219885,2.565040112,3.450229883,5.410359859,5.743869781,5.181838861,5.790453976,4.496970395,4.37229367,3.821336145,4.949652319,4.218215332,3.976862157,3.663409141,3.896400197,3.649165802,4.127565378,4.65910562,4.325099372,4.821197797,4.928432406,5.048637212,4.608931309,3.555895515,3.255236299,3.167731393,2.906371872,2.473123304,2.510499106,2.368750343,2.153363646,1.963108711,1.755850467,1.62750909,1.663797592,1.588418376,1.819498714
Poland,,,,,,,,,,,,,,,,,,,,,,,,,,,,,,,0.410515994,1.607259989,3.218950033,3.402230024,3.909399986,5.709092864,4.53768059,4.511765176,3.994205159,2.938693384,3.007270574,3.104443279,2.865307978,2.945990144,2.709552401,2.462488784,2.368548371,2.177753566,2.115013813,2.452069916,2.48990302,2.539847755,2.677581909,2.528778504,1.965657502,1.758008288,1.706800392,1.566260834,1.441536986,1.370356253,1.302952151
Portugal,0.509276986,0.525223017,0.555370986,0.610297024,0.634936988,0.627969027,0.604212999,0.611863971,0.606965005,0.564417005,0.532766998,0.492983997,0.456972986,0.370391011,0.436363995,0.717978001,1.086009979,1.609140038,2.141849995,2.318510056,2.361259937,3.943759918,4.331019878,4.940000057,5.511680126,6.323410034,7.837279797,7.026130199,6.218150139,5.743460178,7.860249996,8.056850433,7.836619854,7.158959866,6.095829964,5.588200092,4.816919804,3.742619991,3.086339951,2.905600071,2.922060013,2.904740095,2.778000116,2.658090115,2.563819885,2.448309898,2.670799971,3.002609968,3.088190079,2.908780098,3.030060053,4.321100058,4.874180311,4.830719041,4.879736752,4.584701068,4.149780846,3.775956878,3.364069456,2.950051942,2.894482164
Qatar,,,,,,,,,,,,,,,,,,,,,,,,,,,,,,,,2.032162311,1.637538736,1.012252981,0.880739994,3.658759264,4.689431853,4.286602733,6.754100074,5.57106291,4.274764519,4.425614152,3.364459971,2.334788278,1.698673397,1.165338239,0.927329276,0.684584821,0.497387215,1.176623184,1.240747598,1.452345006,1.450062787,1.27597395,1.172304831,1.487771197,1.484686903,1.396143595,1.468984407,1.710535155,2.32495254
Romania,,,,,,,,,,,,,,,,,,,,,,,,,,1.334810019,0.852651,0.841256022,0.442250997,0.128744006,,0.040426764,0.242186921,0.930882217,1.336571098,1.357267972,1.672361423,3.780572415,4.62143215,5.223631509,4.819056027,3.800099496,2.978292918,2.096179137,1.280731445,1.191235225,0.79810341,0.727193968,0.699454981,1.142035026,1.376499604,1.589400703,1.809718873,1.692794501,1.523316244,1.344686267,1.311305378,1.180168357,1.360001199,1.14769532,1.370549357
Russian Federation,,,,,,,,,,,,,,,,,,,,,,,,,,,,,,,,,,,,,,,4.318028045,5.565079204,4.052113958,2.523692427,1.956397303,1.584880243,1.122563303,0.896609211,0.690856463,0.535310961,0.425571651,0.568299881,0.525428051,0.546875916,0.567209685,0.603817722,0.664683689,0.795469378,0.910262488,0.8836621,0.858200647,0.762125963,0.917363838
Rwanda,,,,,,,,,,,,,,,,,,,,,,,,,,,,,,,,,1.686023656,1.918498197,3.689470186,2.030584437,1.412744565,1.05479382,0.859148759,0.888696351,0.583945409,0.676222732,0.736873662,0.885839861,0.867804665,0.697469368,0.624740579,0.493519176,0.445506018,0.354086255,0.411070028,0.402632761,0.406170213,0.838407036,0.770442939,0.836657027,0.966554673,1.035352442,1.175578611,1.282648388,1.618030485
Saint Kitts and Nevis,,,,,,,,,,,,,,,,,,,,,,,,,,,,,,,2.299530396,2.297658524,2.19420315,2.042695764,2.087125904,1.78533387,2.366481415,2.199996908,2.497590164,3.045158158,3.892679709,4.251660948,5.380372911,5.877240642,5.958856991,6.320212356,6.249403458,6.25168704,6.112045441,6.028014645,6.110522194,5.600483792,5.300294044,3.489265502,2.45823206,1.974556038,1.564329818,1.393610407,1.325223517,1.133523096,1.224710973
Saint Lucia,,,,,,,,,,,,,,,,,,,,,,,,,,1.186831254,0.997091966,1.170639655,0.876603331,0.743317482,0.556644319,0.493951563,0.56252111,0.58579076,0.53432749,0.598657817,0.675565068,0.736329703,0.91244097,0.965022371,1.386167611,1.655274686,1.659485348,2.053338619,2.330650924,2.621830275,2.272061775,2.310361861,2.303306026,2.327515202,2.512510923,2.487109441,2.824818917,3.082508229,3.120413606,3.17097818,3.096382689,2.989767921,2.971521096,3.02058304,3.90333585
Saint Vincent and the Grenadines,,,,,,,,,,,,,,,,,,,,,,,,,1.340376741,1.063479574,1.050107839,1.199980568,0.820542891,0.888788729,0.536154716,0.859058578,0.816756376,0.936267661,1.047548877,1.359120691,1.247478164,1.398309606,1.474883772,2.018675522,2.217309668,1.973396417,1.980314712,2.025396865,1.856902701,2.306780465,2.487031127,2.322589443,2.366334316,2.645383182,2.843395858,2.388792078,2.230770647,2.320182653,2.194112457,2.101523535,1.943404289,2.17397374,2.181735709,2.27494713,2.19182136
Saudi Arabia,,,,,,,,,,,,,,,,,,,,,,,,,,,,,,,,1.737967914,2.893300064,3.154244082,3.026489935,3.632509282,3.975159461,3.941061858,4.62293426,4.435730552,4.502736116,4.547317445,3.937999018,3.45987411,2.609545247,2.14255942,1.961826182,1.35294212,0.91625595,0.868798932,0.551681264,0.312099621,0.221275572,0.164540063,0.124386792,0.106296563,0.204572575,0.34854014,0.489848862,0.696850006,0.92723427
Senegal,,,,,,,,,,,,,,,,,,,,,,,,,,,,,,,,,,,2.713328526,2.144615553,1.734475387,1.711101329,0.924478962,1.047387715,1.06073791,0.635711117,0.818856923,0.87709654,0.878829101,0.704612982,0.690524987,0.512085151,0.513889278,0.596282092,0.753441138,1.235416785,1.193762448,1.211482602,1.340148106,1.519700437,1.663063142,1.91712068,1.993648887,1.913706701,2.053380486
Seychelles,,,,,,,,,,,,,,,,,,,,,,,,2.024373049,2.902349967,4.25761474,2.975425478,8.410359812,8.645224969,8.094131319,7.986375883,7.93899298,7.856113812,7.896237172,8.347564447,9.698400893,10.06319494,9.759329941,10.12401212,9.123638795,7.453726126,7.284760624,7.617124555,6.926021444,6.47371521,6.421723822,5.346716605,6.579880295,6.868127826,9.052302403,6.085782583,3.045605984,3.718551298,4.931818967,2.286903932,2.990421139,3.597740178,2.936761177,3.027373668,2.363272506,2.882990697
Slovak Republic,,,,,,,,,,,,,,,,,,,,,,,,,,,,,,,,,,,,2.361933862,2.520333321,2.404717024,2.549057077,3.390417549,4.041565333,3.987708639,3.557766491,2.50943237,2.176926142,1.723065587,1.454541583,1.409835443,1.343041175,1.456574242,1.290513796,1.548048256,1.788691251,1.910740488,1.941182346,1.771475637,1.694764622,1.445000113,1.352564741,1.238410174,1.200161165
Slovenia,,,,,,,,,,,,,,,,,,,,,,,,,,,,,,,,,,,,2.088856905,2.035843356,2.327900842,2.142419781,2.308058468,2.361415364,2.313726788,2.155542155,1.9200962,1.663155761,1.533647505,1.371769573,1.246525154,1.096881534,1.307961131,1.626338209,1.884852639,2.014713143,2.546750315,3.23959792,3.221920798,3.036357163,2.521197918,2.016073659,1.708524698,1.602701795
Solomon Islands,,,,,,,,,,,,,,,,,,,,,,,,,,,,,,,,,,,,,,2.131268331,0.156203041,2.543731276,2.150827804,0.135749339,0.77422558,0.372668444,0.937372591,0.72453329,0.53315599,2.974358851,2.562443864,1.642035563,0.337805646,0.296623645,0.207594696,0.161720863,0.115047078,0.388665505,0.746962898,1.45350091,0.544045645,0.400645725,0.19600539
South Africa,0.678305984,0.727272987,0.731664002,0.661235988,0.481159002,0.704244018,0.738484025,0.793633997,1.033990026,1.131010056,1.323420048,1.205430031,1.269600034,1.263290048,1.330680013,1.156430006,1.213269949,,,,2.411809921,2.620990038,2.941720009,3.389569998,3.815479994,3.945199966,4.086480141,4.122600079,4.326539993,4.42234993,4.470419884,4.637330055,4.956409931,5.322050095,5.409029961,5.470980167,5.575630188,5.798840046,6.198560238,6.529759884,4.35327823,4.038250283,3.485702805,3.105667999,2.930536157,2.949018781,2.687453161,2.410373336,2.228528839,2.203496295,2.34945083,2.404585282,2.534580703,2.727176539,2.864457677,3.035350032,3.193879522,3.324447599,3.500963998,3.714568277,4.225489557
Spain,0.780867994,0.706550002,0.592537999,0.476130009,0.460438013,0.535025001,0.461405009,0.438944995,0.542245984,0.560586989,0.539831996,0.480935991,0.484145999,0.536819994,0.411242008,0.143107995,0.104438998,0.143107995,0.195760995,0.221184999,0.259712994,0.227048993,0.405117989,0.817068994,1.448690057,2.748140097,3.277440071,2.84829998,2.875240088,2.902940035,2.882879972,3.230779886,3.288089991,3.690289974,4.162889957,5.130519867,5.235779762,4.690889835,4.207809925,3.510960102,3.241270065,3.052920103,2.712480068,2.36935997,2.043519974,1.789399981,1.639600039,1.60848999,1.599539995,1.767459989,1.913740039,2.485234023,3.031037757,3.594557935,3.533276882,3.045963678,2.758834303,2.519565492,2.435801436,2.279136113,2.249391237
Sri Lanka,,,,,,,,,,,,,,,,,,,,,,,,,,,,,,,5.249648978,4.845204311,4.985264518,4.941449223,5.367751939,4.678718418,5.205659313,5.071937517,4.407689323,4.591004174,4.627228495,5.476758195,6.02009285,5.80366213,4.842671656,4.141062892,4.337078392,4.315031939,4.072082442,5.413762809,5.318396837,4.761601547,4.544268792,4.467594852,4.049952335,4.558032269,4.767784591,5.112599505,5.551026991,5.664971778,6.188711568
Sudan,,,,,,,,,,,,,,,,,,,,,,,,,,,,,,,0.124703067,0.782042647,0.993399263,0.588985609,1.967524368,1.018903643,0.95436811,0.625876436,0.66826495,0.74793373,1.024248302,0.645569223,1.070210947,1.309953562,1.180408174,1.005633965,0.946154362,0.748907266,0.803030215,0.934621807,0.975946459,1.056863635,1.118255455,0.481221598,0.79895568,0.70834328,0.40899295,0.462153832,0.2360766,0.175476507,0.025852733
Suriname,,,,,,,,,,,,,,,,,,,,,,,,,,,,,,,2.510892848,2.69013546,2.331793015,1.963328806,1.132063572,0.411242076,0.488540332,0.025856607,0.000592802,0.000604863,0.082552189,0.492180979,0.721419047,1.491923148,0.7501941,1.790264195,1.404826299,1.126184996,0.59320279,1.170199654,0.8075277,0.903420336,0.904722602,1.241320669,0.825133839,1.419954396,2.496250301,3.166218711,3.086345443,2.900975259,3.679737526
Sweden,1.172047257,1.258853674,1.165167689,0.957234204,0.881463528,0.854894042,0.826236188,0.794561505,0.86987704,0.993383825,1.160614967,1.281876802,1.151027441,1.179612994,1.183201551,1.41567266,1.405677915,1.717525482,2.011027813,2.265564203,3.333025932,5.089643478,5.465180397,8.431412697,9.45724678,10.87918854,8.685240746,7.757730484,5.985268593,5.394525051,5.965636253,5.576427937,5.590271473,4.3,4.7,5.1,5.2,5,4.3,3.9,3.3,2.7,2.9,2.1,1.9,1.8,1.8,1.7,1.6,1.3,1.1,1.293112351,1.057496408,0.926341817,0.738968074,0.544916406,0.474968352,0.431039888,0.457075421,0.405575153,0.281152985
Switzerland,0.599726975,0.512682974,0.457581997,0.411244988,0.398360997,0.370050997,0.272826999,0.261610001,0.241716996,0.220053002,1.443609953,1.423879981,1.437819958,1.489040017,1.640380025,1.970559955,2.082809925,2.192300081,2.06317997,1.898489952,1.822980046,1.834100008,1.804880023,1.78678,1.642889977,1.589849949,1.461879969,1.398790002,1.364089966,1.273259997,1.364339948,1.506440043,1.806020021,1.880079985,2.039959908,2.086070061,1.990280032,2.006560087,1.995129943,1.967970014,1.838260055,1.727480054,1.692029953,1.58968997,1.512130022,1.46273005,1.348250031,1.235030055,1.127560019,1.022989988,0.941613972,0.745588209,0.686881474,0.605687853,0.553793086,0.535908745,0.469957836,0.399567245,0.322518271,0.293449687,0.285684626
Tanzania,,,,,,,,,,,,,,,,,,,,,,,,,,,,,,,,1.788278099,2.35828889,2.44629258,3.198191633,3.055519808,2.410437236,2.018669198,1.250863911,1.440806904,1.288359786,1.127815615,0.870826952,0.708424481,0.742090085,0.881547353,0.876087371,0.884516939,0.76346746,0.642226164,0.677205777,0.737726048,0.965252576,1.194777155,1.354717074,1.455907793,1.477314591,1.560376392,1.704832405,1.682769243,1.625359878
Thailand,0.604259014,0.460168988,0.531367004,0.550616026,0.606842995,0.703867972,0.692193985,0.802986026,0.783604026,0.858331978,1.007799983,1.302350044,1.514600039,1.467630029,1.263720036,1.11789,1.037840009,1.063259959,1.422629952,1.323760033,1.461320043,1.821779966,1.990450025,2.422610044,2.504980087,2.908580065,3.085239887,2.839339972,2.574810028,2.374700069,1.841549993,1.408939958,1.046869993,0.796563029,0.587764978,0.334551007,0.220124006,0.324725986,0.187747002,0.965646029,1.201452424,1.249076963,1.339856715,1.096050752,1.259454047,1.218308725,1.366451084,1.055193239,1.111123541,1.032705001,1.101493189,1.190884293,1.209839823,1.119186369,1.124023486,1.006274209,0.852098556,0.94198392,1.020816635,1.00983866,0.969150455
Togo,,,,,,,,,,,,,,,,,,,,,,,,,,,,,,2.478834697,1.913910633,1.860552774,1.633088064,2.376474436,2.41685081,1.752637761,1.636710737,1.394787287,1.407200808,1.439351122,1.37736859,1.224398646,1.109527892,1.07868896,1.115173088,0.714352962,0.631868475,1.493070967,0.543001818,0.646244256,0.657644906,2.222854488,0.696740234,0.934600831,1.298571641,2.023257654,1.760059689,1.308906181,1.780867365,2.029563059,2.295685908
Trinidad and Tobago,,,,,,,,,,,,,,,,,,,,,,,,,,,,,5.801270884,5.103718872,4.724002637,4.769181523,5.287496464,5.850645632,5.506742782,4.984473266,4.588450913,4.673699479,5.020625561,4.684334504,5.030698523,4.239641482,3.975518618,3.78855515,2.89444115,2.603687699,2.16103257,2.02153618,1.769467488,2.556062906,2.374696145,1.793000372,1.77310134,1.620457658,1.765830065,2.086608737,2.47411008,2.879778103,2.987068376,3.127584868,3.405304621
Tunisia,,,,,,,,,,,,,,,,,,,,,,,,,,,,,,,,3.052039257,3.022621118,3.159659883,3.307898169,3.549240113,3.801051087,3.277178361,2.985142941,2.941066952,2.873979295,2.65767807,2.65161461,2.437203355,2.427412111,2.418274863,2.353993216,2.25965871,1.970585062,1.917357138,1.741766683,1.756674356,1.715398696,1.784146386,1.776071619,1.83114897,2.084715633,2.214651813,2.479876257,2.603639699,3.123788497
"Türkiye, Republic of",,,,,,,,,,,0.482582003,0.573572993,0.482050002,0.533276021,0.488036007,0.539529026,0.526710987,0.479764998,0.458469003,0.56101799,0.525157988,0.978356004,0.812987983,1.30448997,1.70431006,1.697942734,2.1227808,2.570013762,2.677563429,2.80656147,3.180621147,2.914388895,2.457836628,3.347271919,4.58746767,9.169903755,12.0900383,11.25476265,16.23118973,20.8483963,12.6626016,17.07047857,14.73582599,12.78863272,9.914310712,6.840278793,5.88072182,5.587210355,5.148959186,5.433802695,4.254215609,3.101216195,3.152761047,2.818951121,2.515051308,2.335071193,2.007779857,1.916319698,2.10555417,2.489915301,2.803984554
Uganda,,,,,,,,,,,,,,,,,,,,,,,,,,,,,,,,,,,,,,0.836093671,0.806565978,0.820770406,0.809998312,0.904036527,1.057122194,1.292619134,1.282867396,1.086202949,0.943804949,0.904086645,0.890930308,0.771870467,0.70165059,0.718104323,1.014464902,1.064985544,1.210086439,1.434431835,2.036770764,2.055704543,1.794732449,2.108422699,2.245200278
Ukraine,,,,,,,,,,,,,,,,,,,,,,,,,,,,,,,,,,,,1.472118363,1.519516099,1.748850368,2.278927627,2.288505929,3.008935669,1.996069068,1.309914317,0.98984459,0.932194563,0.751788553,0.632035981,0.508520856,0.514085866,1.167048262,1.630617059,1.969244402,1.922161022,2.450180795,3.307266536,4.163299063,4.095276938,3.744508691,3.284465388,3.036752219,2.894273734
United Arab Emirates,,,,,,,,,,,,,,,,,,,,,,,,,,,,,,,,1.541246921,0.261610664,0.015456546,0.000703942,0.003586723,0.0071441,0.000607372,0.001246041,0.001194515,0.066981809,0.092872862,0.028000011,0.004661015,0.0557167,0.036989932,0.001404064,0.00690521,0.033032021,0.176818446,0.326404314,0.18375008,0.314007833,0.41241353,0.27522236,0.212168371,0.15143736,0.135942942,0.295552969,0.308943079,0.290408437
United Kingdom,3.696929932,3.648960114,3.419830084,3.452290058,3.154269934,3.00902009,3.039989948,3.080219984,3.211519957,3.120429993,4.039390087,3.787430048,3.734450102,3.790030003,4.344130039,4.062540054,4.442359924,4.495140076,4.399759769,4.581309795,4.891039848,5.22879982,5.258430004,4.941450119,5.121240139,5.088709831,4.744919777,4.503719807,4.113999844,3.989929914,3.665030003,3.11958003,3.012609959,3.03944993,3.288120031,3.571500063,3.565409899,3.561029911,3.465500116,2.831929922,2.715399981,2.326780081,1.995599985,1.980270028,1.958629966,2.098400116,2.055099964,2.22052002,2.265409946,1.879899979,2.885390043,3.107380673,2.822021024,2.77856627,2.621735223,2.278458381,2.393786093,2.654849955,2.423587413,2.108205489,1.888874576
United States,1.457810044,1.317059994,1.340389967,1.392089963,1.386270046,1.341910005,1.317170024,1.306390047,1.35461998,1.335770011,1.434970021,1.377740026,1.351079941,1.428799987,1.417189956,1.465489984,1.648329973,1.59473002,1.618530035,1.649950027,1.76639998,2.130739927,2.464519978,2.5943501,2.87845993,2.963860035,2.842459917,3.067759991,3.097290039,3.266069889,3.387190104,3.588059902,3.518440008,3.397170067,3.352430105,3.548389912,3.392879963,3.222680092,3.076999903,2.704869986,2.458179951,3.255967133,2.891857518,2.658214368,2.563145735,2.703892877,2.775290252,2.932697722,2.776189332,2.574138092,2.678076082,2.879480247,2.726389585,2.489932896,2.481830471,2.352188355,2.504431643,2.538293217,2.787537481,2.84041717,2.595986838
Uruguay,,,,,,,,,,,,,0.563606977,0.546661019,0.263967991,0.416359991,0.197815999,0.331407994,0.850306988,0.624728978,0.356817007,0.333189011,1.005470037,1.306159973,2.155719995,2.333679914,2.01651001,1.631479979,1.543670058,1.983940005,1.633479953,1.536910057,1.33652997,1.327250004,1.223839998,1.396550059,1.298779964,1.414870024,1.346959949,1.624646421,1.88553841,2.222643958,3.616342872,5.19272526,4.59196288,4.075147925,4.046725851,3.586875634,2.6984831,2.523242829,2.196768052,2.182894468,2.066592043,2.149965593,2.108616925,2.112213665,2.43272349,2.383216398,2.428790044,2.259484355,2.559312778
Uzbekistan,,,,,,,,,,,,,,,,,,,,,,,,,,,,,,,,,,,,,,0.337328285,0.575853305,0.511695061,0.585563839,0.558364119,0.468476846,0.413882154,0.359093368,0.330621106,0.284621018,0.244103573,0.172444133,0.124620421,0.08154581,0.035744529,0.030409851,0.023318563,0.028314587,0.027783939,0.023291227,0.042405573,0.068003199,0.211547308,0.308912577
Vanuatu,,,,,,,,,,,,,,,,,,,,,,,,,,,,,,,,0.818171591,0.881497531,0.805716386,0.643712456,0.655962121,0.551946206,0.460004711,0.647890693,0.757937733,0.713121979,0.750800427,0.871884661,0.917891997,0.925255251,0.810002781,0.695025618,0.615335173,0.581327364,0.502394992,0.513108499,0.577316595,0.66846618,0.774144953,0.764705882,0.878391102,1.072048355,0.432505348,0.914142817,0.876593765,0.833674729
Venezuela,0.023077,0.070370004,0.133332998,0.1875,0.163889006,0.160526007,0.140000001,0.138095006,0.135555997,0.189129993,0.319231004,0.336842,0.32622999,0.260273993,0.183928996,0.359322011,1.317039967,1.094869971,1.805920005,1.60721004,,,,,,,,,3.399526159,5.373299919,5.021773122,4.161106705,3.988641285,4.618662,5.129135126,6.207043145,4.8912014,3.007665347,3.881446164,3.840912363,3.080349653,3.397993636,5.216984482,5.211445728,3.756325688,2.974831874,2.0874469,1.624921731,1.446318862,1.464234769,1.566786155,2.165234551,3.307081745,2.864099645,2.31864164,1.241941409,0.790953347,0.175477307,0.001054727,0.022411498,0.085401889
Yemen,,,,,,,,,,,,,,,,,,,,,,,,,,,,,,,1.957611876,2.382938031,1.590625502,2.291312567,2.517310614,1.406083065,2.568942666,2.341912164,3.028969717,3.418141844,2.220332784,2.001743576,1.846372245,1.756866586,2.10556702,2.152781003,2.311929421,2.260228262,2.393456025,2.493961279,2.397487552,4.333456919,5.442302772,5.442490256,5.641812439,6.179674773,5.349102926,0.233298239,0.072546811,0.230044417,2.027765404