"Real GDP growth rate, percent",1960,1961,1962,1963,1964,1965,1966,1967,1968,1969,1970,1971,1972,1973,1974,1975,1976,1977,1978,1979,1980,1981,1982,1983,1984,1985,1986,1987,1988,1989,1990,1991,1992,1993,1994,1995,1996,1997,1998,1999,2000,2001,2002,2003,2004,2005,2006,2007,2008,2009,2010,2011,2012,2013,2014,2015,2016,2017,2018,2019,2020
Albania,2.699994712,2.699992954,2.699993445,2.699998284,2.699997978,2.699992711,2.699990872,2.699998494,2.699992515,2.699995349,2.699991147,2.699998015,2.699998092,2.699998118,2.699995272,2.699989726,2.699995869,2.699990789,2.699971859,2.700030958,2.684004567,5.7,2.9,1.1,2,-1.5,5.6,-0.8,-1.4,9.8,-10,-28,-7.2,9.59999707,9.4,8.9,9.100000139,-10.92420139,8.829349184,12.89071184,6.946288531,8.293291634,4.536568397,5.528629879,5.514800897,5.526472194,5.902583842,5.983245188,7.500089758,3.35427852,3.70689676,2.545404872,1.417525783,1.001987921,1.774487064,2.218851484,3.314992192,3.802198007,4.019345613,2.087711998,-3.481630375
Algeria,,,,,1.114637627,3.464580479,-8.37138481,5.315605907,8.20189652,5.393588193,7.330560211,-1.932995604,10.24968943,7.628125226,1.218163807,10.28446004,9.027783695,7.55230016,9.2000761,-5.400008058,-5.400030054,3.000004942,6.40000066,5.399996984,5.599997326,5.600001368,-0.19999958,-0.699998606,-1.899997538,4.799998027,0.8,-1.2,1.6,-2.102489257,-0.9,3.84769774,3.8,1.1,5.1,3.2,3.8,3,5.6,7.2,4.3,5.9,1.684488318,3.372875155,2.36013486,1.632243838,3.616104432,2.9,3.4,2.8,3.8,3.7,3.2,1.4,1.2,1,-5.1
Angola,,,,5.046748354,3.920717714,3.353584996,12.13140765,2.367805255,4.271973365,9.073363909,9.625492644,6.004695806,0.150900685,8.137442903,3.130805739,-5.04458332,-5.246194903,0.760909786,-5.300482114,0.299738038,2.406169279,-4.400001219,-1.51539E-14,4.200001428,6.000002164,3.49999949,2.900001743,4.082748636,6.128890476,0.041621462,-3.450098684,12.08353757,11.40264494,10.96918803,10.51069427,10.36357208,11.20770295,7.27427736,4.691146434,2.181489733,3.054624234,4.205998565,13.6656865,2.989800256,10.9530524,15.02891147,11.54768318,14.01012694,11.16601689,0.858567053,4.859219584,3.471981378,8.542147334,4.954590476,4.822625551,0.943575613,-2.580097243,-0.15,-1.316361689,-0.702208811,-5.75029183
Antigua and Barbuda,,,,,4.102989722,4.10301808,4.102996675,3.902447598,7.341036995,6.909849643,4.386098347,7.3366041,7.477608661,8.303261113,6.76518257,2.896145714,4.858348713,4.70583971,4.383410517,8.080373602,8.161919381,3.815060501,-0.085061568,5.364454534,10.16535047,7.644352085,11.49297557,6.626264978,5.213528838,5.252201658,3.01168816,2.176578603,1.158475191,5.279878709,6.676157444,-4.359609846,6.605572795,5.471075466,4.730645942,3.708549887,6.202962741,-4.548003473,1.027877142,6.076086769,5.767028612,6.474599177,12.70661455,9.316082632,-0.014047986,-11.96295494,-7.840594744,-1.958612628,3.372130249,-0.600524703,3.796815574,3.824231634,5.496809783,3.14400824,6.883967237,4.862236166,-20.19237057
Argentina,7.875760078,7.09953022,-1.58743,-2.371370077,10.30070019,9.163140297,0.645868003,2.64605999,4.296909809,8.539130211,5.383110046,3.762249947,2.07652998,3.745769978,5.405600071,-0.593078017,-0.011878,6.385910034,-3.222599983,6.936739922,1.529729962,-5.421929836,-3.159039974,4.113349915,1.999989986,-6.951610088,7.138430119,2.590600014,-1.895830035,-6.935379982,-1.830739975,10.57870007,9.60684967,5.72371006,5.836239815,-2.845289946,5.526629925,8.111029625,3.850189924,-3.385360003,-0.789240003,-4.408850193,-10.89449978,8.836700439,8.982819557,9.17895031,8.466059685,8.65334034,4.057233102,-5.91852508,10.12539816,6.003951689,-1.026420463,2.405323787,-2.512615326,2.731159839,-2.080327849,2.818502973,-2.617396461,-2.000861002,-9.943235135
Aruba,,,,,,,,,,,,,,,,,,,,,,,,,,,,16.07921285,18.63976389,12.0951417,3.976866214,7.975272561,5.874778801,7.304146605,8.207106857,2.502760397,1.256732496,7.018190338,1.989047138,1.370743535,7.685024873,4.182002641,-0.944954681,1.11050501,7.29372894,-0.383139604,1.127412128,3.089543901,1.835755679,-11.67774203,-2.733455707,3.369238122,-1.040800135,6.431481824,-0.015308399,3.550623795,2.110159702,5.473694782,5.258600257,0.645264476,-18.58501741
Australia,4.191209793,0.689466,6.248839855,6.12556982,6.841499805,5.107339859,2.370480061,6.266849995,5.149559975,7.046070099,7.158979893,4.02271986,3.938309908,2.624130011,4.051270008,1.255100012,2.634089947,3.483119965,0.903508008,4.125989914,3.044070005,3.403620005,3.215090036,-2.314889908,4.645279884,5.15117979,4.754089832,2.05659008,5.359970093,4.464829922,2.948250055,-0.283964008,0.583202004,4.001080036,3.841730118,4.081530094,4.180009842,3.900000095,4.430009842,5.160039902,3.950020075,1.979969978,3.829969883,3.160020113,4.139959812,2.840070009,3.06994009,3.770040035,2.562057252,1.911031956,2.43901967,2.826619914,3.777014547,2.207204974,2.553096402,2.312295269,2.702094396,2.377879048,2.776732475,1.982566734,-2.13756879
Austria,8.231829643,5.53798008,2.648669958,4.138269901,6.124350071,3.480180025,5.642859936,3.008049965,4.472310066,6.275869846,6.820509911,5.113130093,6.207859993,4.887300014,3.943749905,-0.362302989,4.577000141,5.008629799,-0.146121994,5.456120014,1.783669949,-0.144178003,1.947000027,2.952820063,0.060678001,2.456269979,2.316620111,1.346390009,2.868959904,3.741580009,4.1708498,3.338259935,1.887789965,0.374327987,2.212929964,2.539109945,2.229909897,2.125610113,3.595230103,3.339989901,3.65102005,0.520093977,1.647410035,0.801108003,2.544579983,2.459820032,3.598520041,3.729439974,1.460478824,-3.764643054,1.83711307,2.922810066,0.680430745,0.025554941,0.661246071,1.014519161,1.989430948,2.258583503,2.5015555,1.491208335,-6.734525867
Azerbaijan,,,,,,,,,,,,,,,,,,,,,,,,,,,,,,,,,,-23.09774283,-19.67347418,-13.02718343,2.530843178,8.883956648,6.007242431,11.39585382,6.227069334,6.485547547,9.438916342,10.20830001,9.253801326,27.96153807,34.46620936,25.46321591,10.59143729,9.369502784,4.78883271,-1.572997621,2.202939023,5.843415762,2.797585434,1.049546368,-3.063598454,0.153614647,1.500401707,2.479808934,-4.198960792
"Bahamas, The",,,,6.846616629,6.846606841,6.846630819,6.846580013,5.002955355,5.397860195,5.64695892,5.875657477,-1.123630049,0.710251369,8.46262057,7.022091183,-14.58079953,4.83641604,2.992073022,9.879997003,11.30000682,7.09999758,-2.899997634,6.299998118,6.799997481,2.400003135,4.100002553,2.599997389,3.699606297,2.255096837,2.29999453,1.052161136,-4.181783464,-3.825582741,0.307806453,3.148916321,4.378750977,4.223530213,4.94581193,4.71645904,7.144148863,4.149291258,2.625626754,2.704656371,-1.264757381,0.882924269,3.395263797,2.516849999,1.446471636,-2.323900698,-4.175334663,1.538845978,0.612902596,3.08665713,-2.863074518,1.847257263,0.996775636,-0.857627277,3.050162497,1.830985138,1.896164421,-23.82263117
Bahrain,,,,3.418264767,2.369822966,1.218406012,1.685205869,2.367580548,2.457366219,2.116252231,1.934198561,1.518053103,11.08142119,13.99040904,8.54068521,-8.898384148,24.2055836,14.30290153,7.731887926,-0.358254616,7.494364666,2.776735348,6.405988345,6.994411302,4.186267243,-0.929782975,0.483978123,-1.222434532,5.951798254,1.013355358,3.502652363,2.286478011,7.122986882,7.603643339,3.212453673,1.922583274,3.249786361,2.347561621,4.849168451,5.972384109,7.018173414,2.49103327,3.348518302,6.296459071,6.9809466,6.768939407,6.467056348,8.293960448,6.241836482,2.540515119,4.336776264,1.983515012,3.728209851,5.416443414,4.351237719,2.485276419,3.557939233,4.291608985,2.11026303,2.166999325,-4.935999427
Bangladesh,,,,,,,,,,,,,,,,,,,,,151.6441856,3.801998047,2.376466818,4.016088042,5.180672299,3.223280624,4.248570449,3.73226373,2.159202308,2.612351812,5.941269676,3.339051778,5.0399179,4.573961394,4.084688943,4.92495743,4.62208132,4.489851965,5.177030122,4.670190105,5.293327177,5.077198743,3.833183089,4.739564541,5.239515634,6.535947844,6.671933643,7.058549454,6.013754414,5.045141778,5.571806592,6.464374666,6.521468991,6.013566625,6.061137957,6.552597874,7.113550969,6.590244863,7.31941715,7.881902185,3.448025628
Barbados,,,,,5.633810571,2.800002575,6.485076191,5.002936037,5.397845654,5.646999474,5.875611965,6.3981636,4.666496113,3.934848585,5.658684208,15.52144223,7.820649606,3.646621772,4.872678635,7.902853175,4.371009994,-1.899995205,-4.900008103,0.499999376,3.600004224,1.100008144,5.099999783,2.59999684,3.500003391,3.599998335,-3.29999517,-3.900008353,-5.70001675,0.800000624,2.000000125,2.023261449,3.966274789,4.740148487,3.740458015,0.325869862,4.453059514,-2.36733875,0.791122984,2.171253823,1.406764442,3.96497442,5.668590896,2.201912146,0.697664476,-5.075815367,-2.287725482,-0.67281716,-0.449646997,-1.411400676,-0.126404889,2.446480984,2.485333747,0.477521764,-0.583010137,-1.287274377,-13.73042097
Belgium,5.375669956,4.978419781,5.211999893,4.351580143,6.956689835,3.560659885,3.155889988,3.868149996,4.194129944,6.629799843,5.772620201,3.753020048,5.255650043,6.122330189,4.199629784,-1.327000022,5.652750015,0.626136005,2.841909885,2.341059923,4.479499817,-0.279284,0.594986975,0.311843008,2.466379881,1.651790023,1.822759986,2.306659937,4.723209858,3.469170094,3.137399912,1.83307004,1.530660033,-0.961872995,3.226969957,2.384759903,1.406890035,3.743599892,1.928539991,3.543109894,3.68166995,0.78619802,1.366940022,0.785591006,3.234519958,1.714980006,2.691699982,2.922470093,0.447318293,-2.020996901,2.864531215,1.694459662,0.739090486,0.45929217,1.578532358,2.041311082,1.266855611,1.619508034,1.843689805,2.111650485,-5.6807836
Belize,,,,,6.846610015,5.345527059,6.661858411,4.461307586,5.226749862,5.617450737,5.22929446,6.749066088,4.510866046,-0.513859921,9.297501044,0.661625981,-0.657277264,4.158805571,7.894720992,4.789870496,5.013265663,0.214354624,-7.550774476,6.075538882,11.33223438,-1.418726108,7.274911931,21.99679251,10.8609465,15.47365845,11.2088604,11.46348701,12.03371333,6.275785864,0.158414921,0.64448995,1.053264396,3.594461861,3.889698513,8.974228591,13.01958111,5.015470164,5.119847616,9.32741589,4.648654679,2.199792766,4.560620741,2.796853924,0.049834811,-0.557462725,2.234471916,0.187950083,4.141965772,4.797836411,3.921004149,2.574732253,-2.317276398,-0.98398197,0.342974342,4.548694179,-13.67624194
Benin,,,,11.47400678,7.88739861,5.071456375,4.040334256,1.294960873,2.981513988,2.068298407,2.026386684,1.946640216,8.932281983,2.283744142,-7.539399044,4.370751833,4.271468384,5.676613602,2.80485741,4.917113481,9.254566899,1.928830165,1.682071402,-1.999989692,0.399996925,4.327239158,2.747659533,-2.074413195,3.427570435,-2.849035601,8.97613691,4.225799424,2.957710813,5.836172102,2.020400445,6.045198644,4.324284034,5.734688365,3.961012146,4.358033232,5.857723713,5.333138592,4.643041859,3.443575713,4.429677529,1.713153979,3.943756109,5.986330289,4.89658687,2.319298966,2.114050245,2.96375857,4.811222589,7.191430865,6.357677908,1.778158303,3.339673426,5.671561952,6.697253621,6.865686629,3.848792401
Bhutan,,,,,2.918716747,1.734331224,1.734333234,1.734317222,1.857105773,6.115777485,5.023406517,2.662211003,1.16178545,1.494345395,5.143614141,-3.304945586,8.945212928,7.902039942,7.136172601,4.79824153,4.994807905,13.58916576,8.19512508,7.336645719,7.616132578,4.349021804,7.954016584,20.22879796,15.07912126,6.193808212,9.097718802,4.896039661,2.082960362,3.1923737,2.232043164,6.018865856,5.971191362,5.544374167,6.008660729,7.086576203,6.934088595,7.03980103,9.515534798,9.319805746,6.876242433,6.665872464,7.137178231,12.86063136,10.96368277,5.800579589,9.484386655,9.866266183,6.495227032,3.582462759,3.967688205,6.221123593,7.408492794,6.321593115,3.835340687,4.425451972,-2.34774454
Bolivia,4.291930199,2.079979897,5.570219994,6.420700073,4.794559956,5.625020027,6.497300148,6.90887022,-12.16899967,3.09600997,-0.494821012,5.063340187,7.967480183,5.739160061,2.93956995,7.311019897,4.614570141,4.971220016,2.052700043,0.133343995,-1.371770024,0.27561599,-3.938740015,-4.04211998,-0.200672001,-1.676390052,-2.573879957,2.463479996,2.909499884,3.7901299,4.635789871,5.266520023,1.646499991,4.269299984,4.667270184,4.678279877,4.361340046,4.954209805,5.029359818,0.426885009,2.507810116,1.683799982,2.485569954,2.711339951,4.173299789,9.430540085,4.564380169,-2.7E-06,6.148497836,3.356999405,4.126722747,5.204092308,5.122275767,6.796011241,5.460569676,4.857187232,4.263920838,4.195206301,4.223623511,2.216705778,-8.737884434
Brazil,8.320929527,10.27589989,5.216060162,0.874673009,3.485579967,3.053489923,4.150360107,4.915269852,11.42730045,9.735830307,8.769949913,11.29510021,12.05280018,13.97869968,9.04211998,5.209080219,9.790410042,4.606319904,3.231709957,6.766280174,9.110960007,-4.393360138,0.580245972,-3.409790039,5.269139767,7.945859909,7.988299847,3.599630117,-0.102673002,3.279459953,-4.300000191,1.512069941,-0.466915011,4.665150166,5.334360123,4.416830063,2.150000095,3.374939919,0.03788,0.250858009,4.308209896,1.310369968,2.658329964,1.149129987,5.71228981,3.159670115,3.955359936,6.09153986,5.094342268,-0.12587306,7.52831897,3.974333153,1.921150318,3.004865355,0.50396179,-3.545790698,-3.275840384,1.322795356,1.783708262,1.220780247,-3.878764828
Bulgaria,9.471520424,6.10491991,1.909659982,-2.253040075,3.451469898,0.947080016,2.850430012,1.125,12.03419971,7.477389812,8.152099609,6.997360229,7.882699966,9.77616024,8.256879807,6.183430195,5.98815012,8.636469841,9.205559731,7.092619896,8.725000381,8.148189545,1.104069948,8.449910164,7.172150135,3.477540016,5.300000191,4.699999809,2.400000095,-0.5,-9.100000381,-10.75522327,-8.426120758,-11.62535,-3.665003061,-1.601227403,-8.042821884,-14.11538124,3.789122105,-8.396093369,4.587225437,3.823705673,5.871930122,5.237154484,6.510427952,7.05634737,6.802587986,6.591382027,6.116016865,-3.271854162,1.541802645,2.101204634,0.754931569,-0.560495138,0.966867864,3.428057194,3.039824009,2.76217103,2.684575081,4.037593365,-4.387148857
Burkina Faso,,,,26.49320057,5.954444696,5.95445955,5.954470079,1.096706993,1.982294541,8.301688153,9.756867978,1.008394977,-21.53336643,-5.337083506,8.110776386,-1.00638763,-0.646962605,-1.674420219,9.510296505,0.518460265,4.034815803,2.660550459,1.4,-1.2,1.6,11.29999951,7.95536596,-0.236336596,5.795596882,2.150263501,-0.602927501,9.069980494,0.2327124,3.461384896,1.315003792,5.716373522,11.01475165,6.31683434,7.307714035,7.333183083,1.888473888,6.613405747,4.352963828,7.802493891,4.478452136,8.661873228,6.253164689,4.111379016,5.799991742,2.961950859,8.446281577,6.622562613,6.452672379,5.792584844,4.326845615,3.921228794,5.957976708,6.203489411,6.731235609,5.699434933,1.930324889
Burundi,,,,,5.954464674,5.954453166,5.954473559,1.096694475,1.982318117,8.301658403,9.756878011,17.5366163,-10.78954682,7.179255867,-0.832131978,1.009705808,7.873851313,12.3767449,1.230095569,1.349081507,-6.825472898,12.16366059,-1.054016571,3.715417293,0.155240762,11.78416231,3.24984834,5.502530037,5.031425097,1.349362651,3.458216116,5.781022635,1.00747419,-6.236339532,-3.829167182,-7.91921314,-8.00139033,0.413370944,4.752044529,1.163959069,1.781332095,1.664956076,2.353028038,2.469391895,3.766226898,4.37005188,5.413807145,3.45195249,4.861712995,3.812746937,5.124163303,4.032602496,4.446708222,4.924195261,4.240651644,-3.9,-0.600019046,0.500006134,1.609916191,1.842469883,0.33509472
Cabo Verde,,,,,2.590534821,4.097751184,5.454272411,4.889695891,1.506903618,6.607723898,3.798287898,5.366203946,2.318897721,1.604465021,2.355627227,-16.9042774,2.08334424,-4.982001792,9.665183915,3.199630746,5.26344407,8.449771558,2.822157961,9.523152591,3.78023189,8.643239818,2.871805154,4.307926994,5.997335235,5.698122724,0.692444237,1.403465866,3.045227051,7.309965485,6.929536954,7.491623915,6.693666866,7.639426017,8.412988604,11.86016822,7.266950777,6.137596677,5.28251703,7.502209377,4.926699397,5.810204993,9.118255577,9.218250539,6.6505205,-1.270425972,1.466790057,3.968886401,1.081918292,0.802797545,0.611212683,1.006863733,4.705791465,3.702039209,14.5661532,5.66775246,-14.78340504
Cambodia,,,,,,,,,,,,,,,,,,,,,,,,,,,,,9.616008411,3.327045104,1.117867308,7.592087472,7.06921391,4.042034981,8.181435432,5.978538536,5.89750561,4.006621073,4.681632108,12.70538113,9.575250103,8.561268916,6.578939502,8.505895557,10.34052878,13.25008691,10.77108367,10.21257391,6.691577475,0.086696959,5.963078575,7.069569946,7.313345505,7.356665149,7.142571101,7.036087179,6.863092098,6.996903699,7.469169207,7.054106932,-3.130313904
Canada,3.107140064,3.163290024,7.116779804,5.181779861,6.69946003,6.63654995,6.584969997,2.915309906,5.295340061,5.260000229,2.583420038,4.117660046,5.445859909,6.96420002,3.690989971,1.822970033,5.199299812,3.458230019,3.953589916,3.804919958,2.162620068,3.503119946,-2.858999968,2.717809916,5.814469814,4.780079842,2.420779943,4.253220081,4.974470139,2.619400024,0.193024993,-2.092159986,0.875191987,2.338540077,4.804210186,2.808429956,1.618800044,4.2259202,4.097430229,5.531760216,5.233290195,1.783800006,2.924530029,1.881070018,3.119980097,3.019059896,2.823029995,2.200020075,1.004289187,-2.925955611,3.089919454,3.146100495,1.76096156,2.329122521,2.870036041,0.659176889,1.001394427,3.039880194,2.777040574,1.879592006,-5.233024262
Central African Republic,,,,,5.954466109,5.954461966,0.899284239,4.634581904,2.470189447,6.317533972,2.032829487,1.839080977,1.354405089,1.855972392,6.195327161,0.343182961,4.993146701,5.667778436,4.438955238,2.479332506,-2.995387865,12.95431621,-3.57176218,-6.027028443,9.911866344,3.733010405,7.192792212,0,1.717682079,3.789571785,1.364248113,-0.798992928,-4.922974925,-1.197812644,12.5721785,3.166405915,-6.157450636,4.104797056,3.340230717,2.887087875,-3.580730153,2.609109771,2.091348139,-2.249260757,-0.09645646,2.931050087,4.75396197,4.030810735,2.613338456,2.811864744,4.63106268,4.19472689,5.053648781,-36.3919771,0.080429642,4.338429521,4.749520522,4.527577797,3.819788962,2.970282692,0.959373686
Chad,,,,,5.95443251,5.954491471,5.954436225,1.096707767,1.982305203,8.301682301,9.756879768,4.281758901,2.208086801,7.322078624,3.038642085,6.575826678,0.2916519,1.540159089,-0.49442706,-21.42856246,-6.007920167,-10.80523076,5.376301981,15.65902419,5.2562249,7.896584353,5.966391309,3.646848386,7.544496819,1.952002299,3.202010947,10.4023236,2.392,-2.074034894,5.494033239,-0.774969511,2.115335872,5.653392324,6.951579919,-0.682850222,-0.879681021,11.65813812,8.491205316,14.72167272,33.62936508,8.311124544,0.648186731,3.271580249,3.063128148,4.138603389,13.59755968,0.119671993,8.80720256,5.753344668,6.892979905,1.769502342,-5.557537645,-2.379695521,2.355256568,3.419177491,-2.156782384
Chile,8.295399666,4.049930096,5.193079948,6.116569996,2.667870045,0.417174995,10.00160027,3.640779972,3.751679897,3.471319914,2.12251997,9.017959595,-0.819195986,-4.941100121,2.493839979,-11.36279964,3.406379938,8.697440147,7.462930202,8.682319641,8.148610115,4.737309933,-10.32320023,-3.786570072,7.973340034,7.119229794,5.596350193,6.594210148,7.311200142,10.56029987,3.697580099,7.969989777,12.27789974,6.986289978,5.708119869,10.62759972,7.413489819,6.605579853,3.230880022,-0.760855019,4.489079952,3.377039909,2.184109926,3.916909933,6.041090012,5.55945015,4.589950085,4.600289822,3.810544098,-1.140202238,5.841999157,6.235003796,6.173516424,3.325271336,1.7964521,2.151256011,1.726428945,1.302254583,3.94781735,0.85828478,-6.067580113
"China, People's Republic of",-3.378619909,5.987349987,4.482860088,8.688830376,7.569759846,10.41940022,5.789949894,5.40060997,7.2332201,5.507900238,11.35350037,0.468373001,0.813405991,7.064260006,3.540189981,4.211420059,5.156189919,3.947700024,8.048529625,3.758440018,10.21570015,7.920760155,6.537489891,6.778379917,5.065209866,7.592110157,5.501649857,6.452340126,7.625279903,4.959770203,4.458590031,5.061570168,7.705900192,1.757750034,3.737420082,4.962609768,4.846580029,1.014400005,2.550230026,3.660130024,4.260089874,1.982480049,3.224430084,4.846320152,7.368569851,7.667300224,6.177539825,5.683119774,9.592318065,9.445588639,10.61092478,9.550873407,7.847671707,7.770621102,7.391322227,7.018386626,6.850511407,6.946717625,6.750862916,5.950965949,2.243564335
Colombia,4.250529766,5.265369892,5.466499805,2.904109955,6.602340221,3.012490034,5.322370052,4.190639973,6.427440166,6.520939827,6.956510067,5.951220036,7.673419952,6.727479935,5.742519855,2.248049974,4.81719017,4.148009777,8.463450432,5.38285017,4.098199844,2.263220072,0.94848001,1.584380031,3.355099916,3.088259935,5.838290215,5.371510029,4.059820175,3.417429924,6.042039871,2.277230024,5.032680035,2.365649939,5.835810184,5.202439785,2.055860043,3.430289984,0.569783986,-4.20401001,4.392809868,1.678239942,2.503619909,3.918600082,5.33299017,4.733550072,6.669650078,6.90583992,3.283446186,1.13981374,4.4944884,6.947891982,3.912781832,5.133845739,4.499030001,2.955901375,2.087382502,1.359360868,2.564324283,3.186972487,-7.04814321
Comoros,,,,,5.954467264,5.954458247,5.954456817,1.096704433,1.982293625,8.30170092,9.756867112,4.281763235,2.208069432,7.322075544,3.038674568,6.575810986,0.291629763,3.973903157,3.040692917,9.5650453,7.383311734,5.462145713,4.058272633,3.092783505,4.166666667,2.888346048,2.166928405,2.168148037,5.067924553,-0.815650322,7.362856338,-6.155527026,7.381691857,2.510657561,-4.00683096,5.630336031,-0.524668965,4.40155881,0.014091208,2.723647432,-0.966874864,5.444262419,4.615795407,1.971069874,3.100327879,5.745226961,-1.828792094,0.803699501,3.964611189,3.240740741,3.777766737,4.143506688,3.168409884,4.466247299,2.106657603,1.299251657,3.456582857,4.177490138,3.639012263,1.755758908,-0.34160992
"Congo, Republic of ",,,,,7.016130818,7.016131765,0.95573436,1.544598632,3.974461864,6.134972042,3.779469812,5.612688751,5.111565349,6.25239613,15.14710857,-3.28075343,-0.130452857,-5.331471948,7.410147584,11.25735822,12.67824571,2.612695916,2.41014261,2.392512697,2.375420674,2.35884451,2.342763347,2.327157425,21.90785766,21.26942448,1.003414139,3.40221655,4.180648483,1.315529325,-1.401483617,3.965072388,3.495420211,-1.003969134,8.949647955,-3.677517114,11.75238946,-4.822537359,0.985153717,0.458615749,-0.197161884,9.211374864,7.986238363,-6.613994806,6.306375958,11.63728886,9.931265433,2.205919363,9.947153141,-0.712434451,6.716679333,-3.550581765,-10.70209626,-4.373500999,-4.846001062,-0.431147587,-8.135878477
Costa Rica,8.691470146,-0.955940008,8.148320198,4.78470993,4.149050236,9.829620361,7.870709896,5.650129795,8.385020256,5.577730179,7.503129959,6.77850008,8.178050041,7.708920002,5.54489994,2.10007,5.517560005,8.904470444,6.267690182,4.939119816,0.75189501,-2.261660099,-7.285570145,2.862989902,6.201700211,1.041409969,5.78494978,6.875440121,3.819390059,5.065670013,3.904920101,2.571919918,9.152020454,7.41369009,4.729599953,3.920880079,0.886592984,5.57818985,8.397850037,8.222189903,1.800830007,1.076400042,2.902179956,6.404510021,4.259449959,5.886380196,8.779640198,7.795470238,4.738174617,-0.873455308,5.360343206,4.403159167,4.882592654,2.49476603,3.54210989,3.652080915,4.204323454,4.157698412,2.615904448,2.417512419,-4.050908681
Croatia,,,,,,,,,,,,,,,,,,,,,,,,,,,,,,,,,,-7.999992407,5.899988651,6.634031553,5.873695349,6.645486088,1.861882938,-0.935506484,3.749204241,3.03248161,5.721725869,5.526032878,4.149217065,4.312658451,4.938557367,4.912293601,1.89571799,-7.282019538,-1.250502855,-0.08494262,-2.276026395,-0.363070386,-0.345980684,2.525934336,3.532198759,3.413937061,2.899982897,3.482319295,-8.101920312
Cyprus,,,,,-8.275864589,23.88661993,6.162483394,13.63235709,5.417960092,9.691616647,3.079001024,12.7272591,6.768424274,3.63023672,-16.91420866,-19.00766028,16.84915669,15.7734326,7.765487727,9.905570063,5.920044574,3.051025776,6.278713629,5.307396734,8.836944128,4.745940283,3.582512481,7.138669967,8.316614992,8.087781332,7.401577493,0.739523418,9.364561485,0.700822336,5.898695103,9.92394732,1.247047045,2.641188665,6.111514865,4.998168294,5.965473825,3.951842069,3.722422673,2.624241539,5.025648987,4.853531745,4.713456613,5.097049254,3.648329828,-2.01616018,2.014548054,0.401856784,-3.447267279,-6.553430307,-1.828470682,3.382093097,6.455481275,5.851884215,5.693470585,5.282795158,-4.984202318
Czech Republic,,,,,,,,,,,,,,,,,,,,,,,,,,,,,,,,,,,,,4.525012832,-0.518331043,-0.356566596,1.384148943,4.001028635,3.042976563,1.569855328,3.583688459,4.814261001,6.60161753,6.766932681,5.570338859,2.686411951,-4.657331092,2.434902159,1.760359624,-0.785004299,-0.045903674,2.262102897,5.388380838,2.53728452,5.168724304,3.22008807,3.029878663,-5.502967961
Côte d'Ivoire,,,,0.461356063,6.846617934,6.846605758,6.846622084,5.002919531,5.397852182,5.647006272,5.875617627,6.398149858,4.666480801,3.934870645,5.658715538,9.218753621,11.98905109,4.711126989,9.899977129,1.994899407,5.196455641,3.497593853,0.2,-2.5,-2,3.6,4.8,-0.5,1.14,2.95,-1.09,0.04,-0.25,-0.18,0.17139879,5.571705587,8.135696693,5.72265496,4.930679628,1.617527443,-2.068400057,0.121371915,-1.667642138,-1.359535942,1.23177284,1.721247367,1.515842364,1.765036784,2.542841476,3.251453719,2.017638592,-4.857338106,10.86402756,9.271942736,8.79407739,8.842865441,7.187257197,7.359637184,6.890286466,6.231709465,1.950674637
Denmark,2.793479919,6.378829956,5.666820049,0.637021005,9.269940376,4.555250168,2.740910053,3.421610117,3.974950075,6.322480202,2.026089907,3.00187993,4.175000191,3.759239912,-0.81595403,-1.221449971,6.093500137,1.978850007,2.274549961,3.950129986,-0.487542003,-0.886904001,3.713979959,2.651859999,4.165579796,4.024439812,4.949240208,0.28993699,-0.142664,0.572899997,1.607439995,1.300400019,1.975450039,-0.089612998,5.525410175,3.065220118,2.834569931,3.198509932,2.1603899,2.560440063,3.528709888,0.704887986,0.465817988,0.383758992,2.296489954,2.445179939,3.394710064,1.692639947,-0.510910059,-4.905317214,1.867581707,1.33635209,0.228870361,0.935138368,1.615943981,2.342963159,3.247526804,2.819303702,1.990632319,1.492537313,-1.993778281
Djibouti,,,,,,,,,,,,,,,,,,,,,,,,,,,,,,,,-4.456498672,0.561900728,-6.750810986,-1.36016651,-3.480900351,-3.732308863,-1.215730241,0.113822599,2.919336278,0.713333133,1.792995181,3.234309641,3.186421053,2.778507357,3.111104774,4.825022859,5.016555641,5.805610687,1.61633475,4.147463966,7.292654611,4.842190489,5.000644749,7.061398449,7.526108907,7.12343236,5.458091502,4.774416892,5.545130601,1.202022024
Dominica,,,,,4.103043367,4.102999189,4.103004548,3.902404329,7.341057975,6.90989894,4.386045134,7.336602265,7.477614357,8.303257584,6.765210372,2.896132863,4.858345913,3.426132452,10.53575329,-18.35928011,13.38317425,10.82932438,4.127677548,2.556333759,4.196642643,1.420932941,7.073345108,6.307564939,7.816629209,-0.191138452,5.418655505,1.346468494,2.029985816,2.162133124,0.034000997,3.030169106,3.104923915,2.185299673,3.773847243,0.354780288,2.339507407,-0.06280226,-2.828878531,6.353391594,3.050694695,0.65623311,4.658759483,6.353759422,7.120741901,-1.169757154,0.672795629,-0.223550688,-1.059000243,-0.999940631,4.753786581,-2.731503063,2.763647982,-6.618994633,3.547584418,5.502483437,-16.60491154
Dominican Republic,4.910270214,-0.955940008,8.148320198,4.78470993,4.149050236,9.829620361,7.870709896,5.650129795,8.385020256,5.577730179,7.503129959,6.77850008,8.178050041,7.708920002,5.54489994,2.10007,5.517560005,8.904470444,6.267690182,4.939119816,0.75189501,-2.261660099,-7.285570145,2.862989902,6.201700211,1.041409969,5.78494978,6.875440121,3.819390059,5.065670013,3.904920101,2.571919918,9.152020454,7.41369009,4.729599953,3.920880079,0.886592984,5.57818985,8.397850037,8.222189903,1.800830007,1.076400042,2.902179956,6.404510021,4.259449959,5.886380196,8.779640198,7.795470238,3.209504264,0.94615517,8.339651056,3.133423005,2.7173679,4.875205089,7.05046369,6.927018774,6.659200262,4.666704676,6.982527584,5.052168023,-6.720239375
Ecuador,,,,,,,,,,,6.4572296,4.5,14.43530292,25.32679739,6.440677966,5.585497305,9.211136891,6.5,6.5,5.3,4.9,3.9,1.2,-2.8,4.2,4.4,3.093569034,-5.971914265,10.48577268,0.284575982,3.007945516,5.112960779,3.614337045,2,4.258250468,2.252548774,1.731747514,4.327864764,3.266529404,-4.739385791,1.091801564,4.0156299,4.096776659,2.722877337,8.211020917,5.291308267,4.403526434,2.190063972,6.3571306,0.566491592,3.525298669,7.868140919,5.641962067,4.946511267,3.788868549,0.098872608,-1.226383985,2.368386526,1.289291933,0.012105103,-7.787607091
El Salvador,,,,,9.326395228,5.367985534,7.161398958,5.437365712,3.235739632,3.486051436,2.977107722,4.812845063,5.464759311,5.060648809,6.424917097,5.560447474,3.970671703,6.067327232,6.399354238,-1.907366671,-8.624993615,-5.725413339,-6.305687954,1.535015936,1.336962906,0.616341558,0.18961238,2.513400207,1.877598943,0.962187983,4.83139209,1.494358897,7.018046408,5.819234683,4.689784109,4.734959462,0.817680361,3.134939708,2.654174421,2.160516409,1.126057073,0.877318715,1.580862317,1.562231069,0.890786387,2.707467443,4.342895512,1.86057905,2.127225334,-2.08339427,2.106212925,3.811815076,2.814074251,2.238644232,1.709846697,2.395462179,2.542113053,2.253059825,2.41247097,2.435077496,-8.174579866
Equatorial Guinea,,,,,5.954465979,5.95446589,5.954456084,1.096694461,1.982314965,8.301677113,9.756866427,4.281782708,2.208065637,7.322087089,3.038642677,6.575848464,0.291635007,7.316594684,-5.003941137,-4.994028812,4.838713236,5.769420426,2.201675995,5.004387159,1.011381645,12.90517881,-2.33055635,4.436737445,2.655262103,-1.229178018,2.536525046,-1.245206668,33.00235803,10.46052392,16.80768303,26.5101634,52.67771016,147.9725402,24.81488836,26.39485244,110.5052164,60.02314722,19.62104661,14.45541975,30.39122135,8.210127849,6.501147671,15.28211121,17.7991119,1.343356288,-8.924162112,6.523922643,8.312842263,-4.133179082,0.415060947,-9.110042557,-8.816417663,-5.667502759,-6.236550984,-5.481823379,-4.241478166
Estonia,,,,,,,,,,,,,,,,,,,,,,,,,,,,,,,,,,,-1.642424392,2.155373515,4.943134049,13.04992911,4.339851684,-0.42507738,10.08766078,6.003609023,6.771332865,7.6004044,6.803931737,9.52642814,9.765578866,7.579192673,-5.131985035,-14.62913766,2.44426041,7.263174012,3.228156852,1.458423627,3.011412815,1.853029371,3.155486039,5.792065647,3.784219288,3.739702402,-0.551009531
Eswatini,,,,,6.846613662,6.846599942,6.846610252,5.002948373,5.397847768,5.646985621,5.875610616,6.398160978,4.66650334,3.934841577,5.658714412,2.697451057,5.945419888,3.942842507,13.1873615,-0.269902213,-3.810861292,6.90188827,1.439460183,-0.547204418,2.480935756,1.924314792,18.58406986,10.01556082,7.571059059,9.407985818,9.858559122,1.760263674,3.226752576,3.1056719,2.400796497,4.825854794,3.842073232,3.102543706,2.60430938,2.951046875,1.760212241,1.054764931,4.38009899,3.880213616,3.623914301,5.998776347,5.992166754,4.435375791,0.821663887,1.565048937,3.793754698,2.247230019,5.396630576,3.86121384,0.923230371,2.227480839,1.062610043,2.026578334,2.368741965,2.703557683,-1.55964278
Ethiopia,,,,,4.905052258,5.882380219,3.917377358,4.523625869,2.983611293,6.049054453,3.602517076,4.491456668,4.769799616,2.69985576,1.443293988,0.101636085,2.309647851,0.595376877,-1.126885159,7.236685239,3.99741623,4.9474E-07,0.961143873,7.845392208,-2.304893643,-11.41302162,9.692599126,13.87021669,0.574320058,-0.457262883,2.601643337,-7.217895397,-8.907379077,13.36309556,3.486430803,6.121044765,13.53266282,2.840443057,-4.185225818,6.293688392,9.837629142,7.4,1.6,-2.1,11.7,12.6,11.5,11.8,11.2,10,10.6,11.4,8.7,9.9,10.3,10.4,8,10.20969479,7.702699674,9.037051703,6.057188447
Fiji,,,,,2.9187313,2.918723993,12.68811208,13.14301685,1.34899118,2.612764402,12.70718341,6.862746127,7.49901692,11.61407256,2.543202644,-0.04861953,1.767785761,-3.474121026,1.939106096,12.29008162,-1.694031086,6.004326875,-1.092216961,-4.211610923,10.10725643,-3.774025086,6.595701151,-7.193695239,3.461509612,13.88775563,5.802428591,-2.7,6.1,2.6,5.1,2.6,4.8,-2.4,1.3,8.7,-1.7,1.9,3.2,0.8,5.4,-1.3,1.9,-0.9,1,-1.4,3,2.7,1.411313846,4.734220337,5.603514809,4.502018108,2.444752967,5.353631074,3.812637219,-0.582026223,-17.00069603
Finland,9.147720337,7.604670048,2.981950045,3.285099983,5.238689899,5.302859783,2.372819901,2.168829918,2.30328989,9.593290329,5.333909988,2.356920004,7.735489845,6.983829975,3.236530066,1.80490005,0.344392985,0.229294002,2.911350012,7.137599945,5.366940022,1.290639997,3.042459965,3.01631999,3.112309933,3.301199913,2.638259888,3.491290092,5.215950012,5.059289932,0.530718982,-6.013060093,-3.48762989,-0.801898003,3.61503005,3.963579893,3.584660053,6.204140186,5.018620014,3.902240038,5.342480183,2.285969973,1.821210027,2.000859976,4.112750053,2.917550087,4.409520149,5.3334198,0.783991502,-8.074411063,3.185943043,2.547177875,-1.397082658,-0.902161713,-0.364908157,0.543659212,2.811457767,3.19240963,1.139718013,1.224308048,-2.226926075
France,7.046689987,5.474329948,6.658800125,5.334469795,6.490699768,4.748020172,5.180650234,4.653659821,4.226200104,6.964459896,5.715710163,5.22247982,4.648600101,6.558030128,4.478680134,-0.971711993,4.412690163,3.556339979,3.954489946,3.52986002,1.675609946,0.905484974,2.407569885,1.162750006,1.448400021,1.672379971,2.415290117,2.448810101,4.562369823,4.143489838,2.613899946,0.986257017,1.340489984,-0.93967998,2.186660051,2.086549997,1.078590035,2.204479933,3.468709946,3.267030001,3.877710104,1.822540045,0.999436021,1.068120003,2.443579912,1.872089982,2.20291996,2.369119883,0.156888742,-2.786576089,1.821109717,2.212027475,0.363268325,0.681868744,0.963238644,1.059248889,0.982809682,2.44802305,1.822644795,1.88364483,-7.902049189
Gabon,,,,,7.016155741,7.016129343,7.016151045,5.418440875,5.390463684,6.17286749,5.749341245,4.96973206,8.391101828,7.043257033,6.647189121,6.900003192,39.40000032,-20.6999985,-27.49993312,-0.70000369,3.78509E-07,-3.999999754,4.1,2,4.9,5.8,-2.1,-15.4,3.5,15.4305481,5.146584541,6.123542357,-3.086775751,3.946555009,3.712754839,4.973847763,3.625049023,5.738367394,3.477833588,-8.943175223,-1.88318461,2.149648615,0.186707952,1.70091162,1.119786552,-0.786428041,-1.908099168,6.332794391,1.732510524,-2.27914479,6.270410586,7.091753341,5.251076919,5.516994227,4.435282779,3.878899395,2.091442209,0.472649909,0.84333277,3.915219169,-1.86369008
Georgia,,,,,,,,,,,,,,,,,,,,,,,,,,,,,,,,-21.1,-44.9,-29.3,-10.4,2.6,10.5,10.5190396,3.104904464,2.869256656,1.838341147,4.805451742,5.473839393,11.05810101,5.794496419,9.58957388,9.419770997,12.57895276,2.418572208,-3.650513994,6.19125258,7.360661618,6.416776679,3.615553719,4.441548404,3.026623927,2.905824251,4.843363017,4.842737981,4.982350459,-6.760439675
Germany,8.061010361,4.11920023,4.265789986,2.818769932,6.078299999,5.069769859,2.964169979,0.309899986,5.274869919,6.611440182,4.679979801,3.132699966,4.300340176,4.777490139,0.890069008,-0.866738975,4.949260235,3.347219944,3.008490086,4.150360107,1.408830047,0.529240012,-0.394840986,1.572409987,2.822949886,2.327929974,2.287339926,1.402150035,3.707240105,3.89654994,5.255010128,5.108260155,2.225869894,-0.802200019,2.657119989,1.89060998,0.994036019,1.804460049,2.030289888,2.010950089,3.209830046,1.24000001,-1.6E-13,-0.217305005,1.207679987,0.753130019,3.368599892,2.657779932,0.959389868,-5.695990285,4.185273497,3.914390009,0.426654496,0.432416056,2.216874574,1.487336678,2.229866598,2.679988493,0.983762411,1.053983534,-3.692266877
Ghana,7.385230064,3.429680109,4.109159946,4.405970097,2.209330082,1.368999958,-4.258289814,3.07536006,0.36886099,6.006169796,9.723469734,5.21612978,-2.487649918,2.884579897,6.852519989,-12.43159962,-3.530179977,2.274110079,8.475939751,-2.514940023,0.471695989,-3.503070116,-6.923649788,-4.563739777,8.647569656,5.091619968,5.199160099,4.79489994,5.628170013,5.085869789,3.32881999,5.281829834,3.879420042,4.849999905,3.299999952,4.112420082,4.602459908,4.196360111,4.700389862,4.400000095,3.700000048,4,4.5,5.199999809,5.599999905,5.900000095,6.400000095,6.459730148,9.008483427,5.682629832,7.768475064,13.94947324,8.427612119,7.242092218,2.856240199,2.12075931,3.373465725,8.128894916,6.200077672,6.507774788,0.51394166
Greece,4.333449841,11.14949989,1.533519983,10.13609982,8.258339882,9.392660141,6.098849773,5.481440067,6.664110184,9.899729729,7.955299854,7.841179848,10.16009998,8.09237957,-6.438240051,6.366809845,6.851900101,2.940999985,7.246860027,3.282079935,0.677130997,-1.553719997,-1.132650018,-1.078619957,2.010580063,2.509560108,0.517660022,-2.258860111,4.287859917,3.799999952,6.4E-14,3.099999905,0.699999988,-1.600000024,2,2.099720001,2.358400106,3.637609959,3.363679886,3.419389963,4.47740984,4.197179794,3.439409971,5.943789959,4.622700214,2.241250038,4.52188015,4.471879959,-0.335185929,-4.300707116,-5.478631836,-10.14932473,-7.086712305,-2.515990644,0.4757256,-0.196077988,-0.487217418,1.092190968,1.668409172,1.803569775,-9.019108572
Grenada,,,,,4.10300254,4.103017201,4.103016443,3.902402249,7.341058876,6.909887772,4.386048379,7.336632828,7.477612737,8.303234998,6.765209425,2.896119096,9.025871665,5.704205806,-0.155167345,5.942846932,15.06723447,1.374921896,4.107137081,3.295321212,3.962544982,5.987872373,7.358082934,9.073245088,2.916490148,3.758459308,4.240833231,1.423020618,-0.81267366,-1.955996676,1.837737884,2.195963805,4.385929483,4.915714525,11.80821059,6.981188136,5.062854449,-2.024270919,3.437654017,9.463653177,-0.647193585,13.27318845,-3.992976921,6.123541604,0.947547715,-6.613128284,-0.511304329,0.76477355,-1.154838164,2.351098017,7.34212396,6.445223147,3.739603956,4.438675669,4.361440394,0.676511739,-13.75662226
Guatemala,,,,,4.632978217,4.350855467,5.519885222,4.105169989,8.773362268,4.736910178,5.707870374,5.583766133,7.333046765,6.782824848,6.375035817,1.94999214,7.387264916,7.813184948,4.999527263,4.7073036,3.700419292,0.644249114,-3.541502343,-2.527533335,0.510377679,-0.599962776,0.100000075,3.578564298,3.891685235,3.943264478,3.101312402,3,4.6,3.4,3.5,4.4,2.8,4.1,4.6,3.7,2.5,2.398932048,4.245142414,2.616680778,2.968742913,3.065172427,5.574851289,6.048822314,3.662432194,0.632103241,2.805722094,4.445107839,3.147268761,3.485440307,4.443977834,4.092170816,2.677802776,3.079851269,3.406873483,4.002315055,-1.764082847
Guinea,,,,,2.588905623,4.101114973,5.454899292,4.884750552,1.507025087,6.612376351,3.797417451,5.365808999,2.315189422,1.567276035,5.250204077,2.876967144,7.923322767,-3.35306782,6.796323337,-1.207893642,2.601359346,0.609737155,1.800004762,1.300011835,1.400009459,4.999930584,3.114040034,3.299937176,6.308117091,4.003476403,4.324061523,2.496542381,3.272502263,5.04849592,4.000663087,4.680047287,4.461575085,5.18160346,3.644121242,3.812004033,2.503060562,3.658346471,5.164609466,1.24860126,2.340117312,2.997272562,2.496728569,6.511587435,4.141931267,-1.537536281,4.218563272,5.613923325,5.913316199,3.945683805,3.696541843,3.825921667,10.82062144,10.30000049,6.358491927,5.616914469,4.919815225
Guinea-Bissau,,,,,,,,,,,,,,,,,,,,,,-0.49751178,4.199999008,-3.400000274,5.500002092,4.299996597,-0.999998651,5.599995044,1.958369569,2.925367377,4.579715512,7.304977606,3.095348117,2.276010958,2.96276111,4.015724839,3.746608583,5.993800975,-22.44572706,16.81502127,1.10027815,4.785971648,3.65393604,-0.285931047,1.171891528,6.559771103,2.666504932,2.559826479,4.524575144,2.447951069,5.605363103,8.085041677,-1.712801157,3.256000027,0.964525747,6.134089355,5.306596331,4.788988834,3.761499729,4.5,1.5
Guyana,,,,-18.53562466,16.94972159,11.07731214,1.56521E-14,8.690228368,0.24057291,4.685161989,3.416651411,2.818243125,-1.971058216,1.717454092,6.990637993,10.42148587,2.926446568,-4.782152912,-2.799985614,-1.60000985,-2.075831392,0.562405364,-8.883630888,-11.496695,2.133902374,0.365630713,-0.234192037,-0.130412102,-5.980673805,-4.944444444,-3.00993571,6.025911419,7.757885763,8.201476793,8.48159883,5.05504381,7.955517536,6.184627575,-1.707025857,2.985556209,-1.345374125,2.260414721,1.149488491,-0.652040854,1.566300439,-1.942183303,5.126917082,7.020313451,1.976647058,3.31862417,4.370869417,5.437126058,5.038717562,3.653298082,1.686400111,0.687398061,3.807483433,3.734494656,4.440980724,5.352830787,43.47961041
Haiti,6.453360081,-2.313250065,17.04719925,6.502900124,6.764860153,-12.48180008,13.46329975,3.327539921,0.238859996,10.89140034,18.22669983,10.87150002,10.39420033,12.89579964,6.001900196,5.193250179,6.72811985,4.981780052,2.140690088,4.531400204,7.968739986,4.279870033,1.698709965,4.627950191,1.252900004,-2.122529984,3.521990061,10.11740017,2.155960083,4.400539875,-5.45430994,0.944139004,10.51319981,7.22262001,2.303260088,5.493629932,7.131370068,8.0042696,7.01060009,6.715350151,5.656599998,1.80922997,5.788209915,-0.25335899,1.311959982,9.262749672,10.6711998,8.474619865,2.658032306,5.890378944,-5.651511522,5.098213543,0.502424402,4.32478411,1.72256561,2.562508825,1.812468077,2.510271347,1.66781096,-1.684595082,-3.343372621
Honduras,6.189179897,38.08649826,9.583219528,-6.492249966,-2.279789925,1.086959958,-0.603200018,-2.03166008,3.959059954,3.26425004,4.716509819,6.492569923,3.554559946,4.497069836,6.320169926,-2.326950073,8.548549652,0.47952801,4.809100151,7.302979946,7.573040009,-2.746170044,-3.416539907,0.759166002,0.288554013,0.207800001,-0.127611995,-0.750679016,0.788541973,1.05381,-0.094802,0.094892003,-5.309929848,-5.426290035,-11.95059967,9.897709846,4.136859894,2.706279993,2.183720112,2.712719917,0.867561996,-1.042780042,-0.253827006,0.36243099,-3.519020081,1.799790025,2.252990007,3.343280077,4.231998923,-2.432000122,3.731337471,3.835560728,4.128748005,2.791500275,3.058136858,3.840023248,3.893024802,4.842860825,3.84499477,2.653066255,-8.964805489
Hong Kong SAR,7.304309845,2.493040085,-1.574550033,0.170459002,2.440520048,1.045600057,3.062860012,-3.656830072,1.888910055,5.864739895,2.333209991,-0.251711011,-1.319569945,0.275200009,2.895339966,6.09691,3.935470104,1.455459952,5.373980045,6.199120045,5.843400002,1.559559941,-9.75786972,-10.27439976,-1.142619967,1.466539979,8.809809685,7.993140221,1.480939984,1.103899956,0.297347993,3.538810015,7.93159008,2.657550097,7.281340122,-1.447600007,5.577960014,8.547679901,4.518889904,-1.939210057,-1.929929972,-3.844130039,-7.732009888,0.805284023,5.004159927,7.460130215,4.325329781,7.462170124,8.535260201,-2.45904994,6.767671585,4.814700127,1.700317502,3.101525545,2.762419701,2.387831926,2.175424337,3.796122074,2.846934795,-1.678246498,-6.545008183
Hungary,5.225649834,5.362130165,7.554249763,7.999829769,6.831029892,8.181650162,11.12250042,8.615989685,8.122260094,6.550660133,11.40799999,4.895370007,4.27850008,10.23639965,4.466259956,4.970399857,9.326809883,9.843460083,10.29570007,5.371759892,5.173540115,5.906869888,5.352350235,5.584199905,5.752429962,4.647240162,5.533830166,9.518950462,13.28810024,12.19050026,11.16720009,8.558259964,8.083390236,8.251049995,8.987179756,9.237480164,5.901340008,-1.371369958,-10.51000023,4.447639942,4.750070095,2.167259932,5.31757021,7.139979839,6.344069958,4.604700089,5.145929813,4.930640221,1.05828925,-6.699554137,1.12217825,1.937107794,-1.380623328,1.860751624,4.228950735,3.819428379,2.303110717,4.268557419,5.359499173,4.554060409,-4.46322087
Iceland,2.24552989,-0.154793993,6.466529846,11.94979954,11.62380028,7.520390034,8.397339821,0.625186026,-6.704229832,0.712871015,6.74048996,19.18090057,0.829487979,9.894579887,10.09689999,-0.489407003,0.102738999,11.71679974,4.70348978,4.678450108,5.993060112,4.388030052,2.566720009,-2.991899967,4.527160168,3.120280027,5.802209854,9.115670204,0.448900014,-0.155195996,1.475589991,0.497229993,-3.363960028,0.663941026,3.646909952,0.137072995,5.572770119,5.108880043,7.913799763,3.444689989,4.997749805,3.261100054,-0.961004972,3.407740116,8.649999619,9.492910385,5.538619995,4.216629982,2.209539584,-7.663762647,-2.832850299,1.845852088,1.063605586,4.552476217,1.687158715,4.436750399,6.303657227,4.194882429,4.888838533,2.415467215,-6.842293237
India,7.00853014,3.192519903,8.532930374,3.900949955,11.12930012,4.16286993,1.510249972,2.833869934,7.337230206,0.706036985,7.711919785,1.479290009,1.282799959,7.109960079,2.069329977,2.896260023,7.727739811,6.270780087,2.346899986,0.764355004,-4.421319962,-0.362810999,-2.071010113,-3.764820099,1.442170024,0.193299994,6.510340214,3.581650019,5.821370125,-8.569879532,6.467939854,9.72988987,6.060470104,0.275388002,-2.349509954,3.951659918,-0.197836995,6.370930195,0.294055015,-5.970459938,3.686939955,3.394239902,-8.855649948,-7.755300045,18.28660011,10.3178997,9.872150421,8.151909828,3.890894976,8.479853272,10.25997474,6.63828305,5.456410186,6.386071017,7.410188576,7.996261281,8.256307011,6.795393961,6.453838769,3.737964441,-6.59611903
Indonesia,4.244649887,246.8650055,2.215329885,5.008080006,7.696949959,-3.96852994,10.42700005,10.62709999,12.50199986,12.90639973,9.836039543,12.97929955,16.28840065,5.533619881,9.38463974,5.753799915,17.73089981,-1.300650001,-7.479340076,-7.124189854,-13.22959995,-5.198629856,12.95680046,12.60820007,-1.573719978,2.065129995,-9.170800209,-1.403689981,-6.299230099,6.177959919,13.68780041,12.59440041,4.251070023,-1.575790048,-0.350553006,2.652689934,7.100739956,3.384809971,2.740590096,1.933820009,5.143159866,3.669670105,7.515600204,7.114679813,5.084050179,4.623400211,5.893939972,7.824790001,7.44177315,4.701768517,6.377625686,6.169784208,6.030050653,5.557263689,5.006668426,4.8763223,5.033069183,5.069785901,5.17429154,5.01928768,-2.065004941
Iran,9.695469856,8.474829674,1.952190042,11.00230026,7.248919964,12.27569962,10.42700005,10.62709999,12.50199986,12.90639973,9.836039543,12.97929955,16.28840065,5.533619881,9.38463974,5.753799915,17.73089981,-1.300650001,-7.479340076,-7.124189854,-13.22959995,-5.198629856,12.95680046,12.60820007,-1.573719978,2.065129995,-9.170800209,-1.403689981,-6.299230099,6.177959919,13.68780041,12.59440041,4.251070023,-1.575790048,-0.350553006,2.652689934,7.100739956,3.384809971,2.740590096,1.933820009,5.143159866,3.669670105,7.515600204,7.114679813,5.084050179,4.623400211,5.893939972,8.155773163,0.250856549,1.007385492,5.797938347,2.645717859,-3.747171402,-1.521979213,4.984775066,-1.424884915,8.815086365,2.758505344,-1.838007569,-3.070587873,3.33028841
Ireland,5.626689911,5.016170025,3.216439962,4.74462986,3.785959959,1.933449984,0.89309299,5.785699844,8.243929863,5.863850117,2.164570093,3.469890118,6.48980999,4.721429825,4.260230064,5.656650066,1.394809961,8.211299896,7.186729908,3.073040009,3.079329967,3.325220108,2.283469915,-0.244301006,4.354370117,3.085609913,-0.428330988,4.663090229,5.217410088,5.813920021,8.466529846,1.929640055,3.343270063,2.692610025,5.755829811,9.634420395,8.085840225,11.4946003,8.431670189,10.65340042,9.446820259,5.742720127,6.477019787,4.385340214,4.595320225,6.175209999,5.356080055,6.024089813,-4.484370973,-5.095786917,1.6830145,0.833820144,-0.005941977,1.126071476,8.648728056,24.3711606,2.00651565,9.005357244,8.527654748,5.441092122,6.184175301
Israel,6.573860168,7.350049973,8.340189934,3.72055006,6.600279808,4.939239979,8.394880295,3.774699926,0.354541004,3.794650078,5.836880207,4.180890083,2.869780064,5.375669956,9.250069618,3.401560068,1.960719943,0.402916998,0.282736003,5.79640007,3.077539921,7.180590153,-0.600000024,-11.80000019,5.199999809,2.799999952,10,8,-8.699999809,-11.69999981,-5.143239975,2.165899992,-0.428766996,4.764999866,12.82159996,8.608909607,2.518219948,6.864059925,-0.657950997,0.914130986,2.950589895,0.214894995,5.020180225,4.032279968,4.97672987,6.826690197,7.740499973,8.868530273,3.251516228,0.883156241,5.66830321,5.560916632,2.587889775,4.41550604,3.91929675,2.485932659,4.521669673,4.276410259,4.070380337,4.156082405,-1.857137833
Italy,5.421949863,8.207249641,6.203649998,5.609729767,2.797699928,3.268019915,5.984789848,7.178609848,6.544559956,6.098060131,5.310500145,1.818109989,3.690490007,7.125860214,5.50014019,-2.090159893,7.125380039,2.560499907,3.240139961,5.959159851,3.430020094,0.844228029,0.413585991,1.169199944,3.225850105,2.798089981,2.859970093,3.191960096,4.194379807,3.388380051,2.052580118,1.53373003,0.772943974,-0.888216019,2.151890039,2.826960087,1.095379949,1.872249961,1.401329994,1.464280009,3.693190098,1.818220019,0.454050004,-0.016923999,1.531820059,0.655870974,2.036030054,1.482229948,-0.96202966,-5.280938694,1.713337918,0.707339103,-2.980916845,-1.841041438,-0.004565804,0.77829208,1.293438568,1.667853475,0.925834677,0.50025719,-9.025678928
Jamaica,,2.376417331,1.24060597,-1.396128021,12.29493274,5.590019665,2.270431875,4.659426033,4.806344183,3.221470044,11.89696768,3.135087132,9.246670146,1.438288343,-4.624755941,1.508771287,-4.754820401,-0.60212924,2.374243603,-0.029490995,-4.041009864,4.420076359,3.079511294,4.152762683,0.94973673,-0.900002117,7.000001282,7.700000409,-3.992571193,4.699997403,4.875179722,0.834125224,2.777696913,2.210577329,1.874879769,2.521333536,0.235702542,-1.640986278,-1.209888988,0.980842453,0.776341152,1.280650866,0.674832199,3.666584482,1.323938686,0.893604755,2.899104786,1.44421277,-0.818114518,-3.410624528,-1.43533314,1.425729946,-0.500816549,0.223903053,0.574678918,0.869101508,1.498305696,0.679247884,1.827454202,0.970242451,-10.04874376
Japan,13.12539959,12.04349995,8.908969879,8.473640442,11.67669964,5.819709778,10.63860035,11.08209991,12.88249969,12.47789955,4.28674984,4.698989868,8.413550377,8.032600403,-1.225239992,3.091579914,3.974980116,4.390339851,5.271940231,5.484039783,2.817589998,4.176839828,3.376610041,3.060739994,4.463900089,6.333360195,2.83107996,4.107429981,7.146689892,5.370150089,5.572400093,3.324340105,0.819029987,0.171063006,0.863578022,1.881659985,2.637290001,1.563570023,-2.048870087,-0.141011,2.860140085,0.184389994,0.26225701,1.413540006,2.744260073,1.934090018,2.039469957,2.362839937,-1.224289001,-5.693236359,4.097917919,0.023809524,1.374731424,2.005119874,0.296186584,1.560664741,0.753826606,1.675331443,0.643263916,-0.357412018,-4.618701259
Jordan,,,,7.221404696,18.21003262,11.18327715,3.010627737,10.16271894,-3.587792479,8.974305027,-10.176686,1.455555641,3.799916201,-5.39782817,-5.192501894,12.64056704,21.2238856,6.40537095,10.69582546,3.499073231,11.32570974,15.32703895,5.241092973,0.238318422,5.587233305,-1.175686976,5.467596684,2.730200151,2.083133775,-11.34826176,1.063061833,2.436850538,13.28013062,3.137226296,5.047033256,6.439296712,0.665172153,4.274496362,3.269657781,2.825612764,4.267283846,4.849823131,6.999817992,3.914522344,8.119309961,8.415248861,8.878267153,7.997875465,6.943500988,5.02371021,2.314834141,2.737179825,2.429358338,2.609947412,3.38407811,2.496528692,1.994180816,2.087610193,1.933596843,1.955466394,-1.55133525
Kenya,,,,5.705367199,5.954470792,-0.288234956,10.93750696,1.199961552,8.598509476,5.511167282,7.382230722,6.850447875,16.12094128,5.937485667,2.138661115,1.471529609,4.566177559,10.11434196,7.970751079,5.453977349,5.571802807,4.1,5.0523556,1.593054941,1.600124078,4.072885428,6.982103894,5.810685974,6.090848009,4.554226213,4.133687241,1.339300115,-1.080186747,-0.094759474,2.531182131,4.286871635,4.479343866,0.411034505,2.982615074,2.199269364,0.3469535,3.978878305,0.481443851,2.948953576,4.635042441,5.6646854,5.854278084,6.850753481,0.232253785,3.306939629,8.058467382,5.121111508,4.568672171,3.797844295,5.020120724,4.967719591,4.213508832,3.81551085,5.670796172,5.114170861,-0.250167096
Kiribati,,,,,,,,,,,,,,,,,,,,,0.058362636,0.242434015,0.748559166,-2.71514551,2.391889101,-4.518783333,0.975092443,0.426241681,9.149306173,-3.101010843,-1.331060207,0.133532492,1.30668177,1.046297683,1.753728256,-0.08442647,1.141255147,1.965373121,6.850261854,-1.771123301,5.955543524,-1.417693559,3.96171699,2.006307394,-1.629353686,4.951663283,-0.049346813,2.035034618,-2.091645751,0.802960288,-1.120248621,1.762562837,5.136122356,4.161613778,-1.096275095,9.865124154,-0.478157951,-0.244666979,5.274166566,-0.539619358,-0.546986884
"Korea, Republic of",1.986379981,11.20390034,10.15610027,10.69569969,7.937190056,9.093970299,-0.079645,2.995019913,16.24200058,13.56569958,7.307330132,11.22430038,13.66079998,3.342540026,6.840260029,3.318340063,1.315850019,-0.007967,4.821509838,6.284800053,6.871290207,5.14786005,1.808840036,3.510819912,0.903755009,3.447819948,4.791429996,7.187689781,2.024139881,0.869138002,6.8354702,7.699379921,5.627799988,5.556869984,6.931829929,6.674119949,5.629749775,2.865890026,4.277870178,3.300640106,9.196470261,-0.042461,-0.664880991,1.511569977,4.998350143,5.09882021,5.698420048,5.314889908,3.012984873,0.79269899,6.804824918,3.685667782,2.402530992,3.164708636,3.202453795,2.809103268,2.946881715,3.15963574,2.907403774,2.24397786,-0.709409962
Kuwait,,,,3.995187376,3.549648359,3.549658508,3.549655052,-1.339885256,9.125187922,12.35222793,11.75458303,7.898831567,5.618675534,-2.881195075,-6.517166497,-1.718412258,11.72022952,3.462319653,5.905526197,8.240383183,-20.36429227,-18.9214116,-9.503675842,5.253443225,5.239663505,-4.257685066,8.565244244,8.142354674,-10.04961351,25.89593767,-26.22889252,-41.00779049,82.80932846,35.13165321,8.615530134,1.669385167,0.597739681,2.493139273,3.6541197,-1.78859726,4.690894147,0.209154394,3.014334259,17.33659296,10.76219425,10.07595132,7.520249075,5.991661314,2.479843886,-7.076102807,-2.370603652,9.628406975,6.625266792,1.150521895,0.499416159,0.592769736,2.926153263,-4.714198561,2.437067636,-0.551974017,-8.855340568
Kyrgyz Republic,,,,,,,,,,,,,,,,,,,,,,,,,,,,,,,,,,-13.00523319,-19.80675957,-5.423821885,7.084502419,9.915253875,2.121835252,3.655789406,5.443336616,5.321621411,-0.017324619,7.030315942,7.026859686,-0.175548189,3.102898735,8.542874743,7.566225527,2.886294569,-0.471566606,5.956274309,-0.088150213,10.91546948,4.024038629,3.875825443,4.335855889,4.739937254,3.459213989,4.600625657,-8.616551018
Lebanon,,,,0.814955736,6.047887412,10.10731202,6.794863784,-4.729872842,12.6007986,2.17098052,6.593638789,9.227289089,12.15428037,4.713974758,2.403067383,-30.30349573,-56.99366202,67.6999945,-2.599995954,2.390015187,1.466645205,0.54966401,-36.78882508,22.70980378,44.4792522,24.2999087,-6.77325436,16.72902697,-28.20889147,-42.19534976,-13.42131181,38.2,4.494851712,6.99972258,8.02976987,6.49278426,4.038207297,10.18990871,3.9,-0.8,1.1,3.9,3.4,1.7,7.5,0.7,1.549096153,9.31194907,9.067490984,10.23392413,7.974065656,0.867929737,2.564278016,3.827807059,2.485100641,0.460829493,1.555576359,0.903378451,-1.884982566,-6.915066963,-25.90734041
Lesotho,,,,,-2.205883823,-2.161668861,-2.161370571,-2.160036834,7.175104615,10.62735544,9.902646691,7.508669066,4.871058055,4.610672362,6.26835766,2.089087685,5.627443752,-30.42734329,24.65192896,-6.406058504,-0.824932933,3.078712731,5.55631445,2.979513717,4.329168727,3.308564489,4.072252464,2.140268287,7.738285794,5.520221421,5.191162051,4.766676012,6.221771772,3.846825396,4.475472564,2.813581915,4.920742154,3.482358115,1.404131599,1.590176948,4.903884642,3.275988913,1.576216116,4.070918983,2.397610751,3.111949715,4.417354751,4.992812455,3.759894172,0.361715578,5.099985837,5.060529652,5.145597895,1.771757306,2.068443385,3.254953492,1.884993214,-2.704771282,-0.279677814,0.000285648,-5.995116025
Luxembourg,5.364737028,5.053707598,5.351781604,4.3721336,6.978018908,3.67080572,2.830793549,3.969270236,4.248778466,6.556399517,7.598031303,3.54115663,5.466087772,5.638422643,4.299618116,-1.531350278,5.787592543,0.347351185,5.451304297,4.897918709,3.170205442,0.79798404,1.039473684,1.886530364,4.729545493,5.595985377,9.983139703,3.951040157,8.463523665,9.797964777,5.319931119,8.644651633,1.819473097,4.200850301,3.821112944,1.432278073,1.515272012,5.937191533,6.492341216,8.420521462,8.441611122,3.074141049,3.225350611,2.619609099,4.230818603,2.48220271,6.016678173,8.098310592,-0.301835894,-3.239298066,3.760374439,1.044523186,1.649692017,3.171441428,2.623075387,2.268541692,4.977790091,1.317085873,2.004473294,3.283765034,-1.776513366
Madagascar,,1.965980905,2.240736798,-0.910471472,3.868073375,-0.352787233,2.025947781,5.513779845,6.833568353,3.659976101,4.141254932,2.186295557,-3.209307939,-2.01826098,1.618445202,1.286993089,-3.986645942,2.3821397,-2.469977416,9.923434669,0.788296994,-9.8,-1.9,0.9,1.760181942,1.156344139,1.960224882,1.17491326,3.40692921,4.074880658,3.128905054,-6.306351594,1.180884942,2.099923187,-0.042101301,1.678592318,2.154204476,3.693492616,3.917074599,4.699227044,4.456858938,5.980235764,-12.4079711,9.784892122,5.257003622,4.755845097,5.39850845,5.710564197,6.71263895,-3.978708646,0.619229746,1.57842942,3.011146408,2.300386934,3.339202244,3.132295888,3.993146085,3.933316171,3.194343635,4.41123213,-7.140611591
Malaysia,,,,7.249518306,4.759498429,7.334470496,8.443080318,5.2424016,8.029198585,3.515337559,4.948398958,7.083497846,9.388459832,11.70107685,8.31866252,0.801053609,11.56348395,7.753057254,6.653918497,9.349095423,7.444230586,6.941955576,5.940926297,6.250249942,7.761938833,-0.875686921,1.152505561,5.388651279,9.937719677,9.059600866,9.007498534,9.547444394,8.886055887,9.895734447,9.211255642,9.82974432,10.0020405,7.327390516,-7.358840006,6.131046326,8.670627275,0.517599591,5.391141144,5.788704017,6.782722489,4.975935883,5.584390672,6.299054214,4.832166424,-1.513806982,7.527991704,5.293497302,5.473640676,4.693694871,6.006658407,5.007142099,4.449844512,5.812682216,4.843138823,4.41322045,-5.534456218
Maldives,,,,,2.753881683,4.02008852,5.475054133,4.885485854,1.382830142,6.676230736,3.83580113,5.249520717,2.401470732,1.563441847,5.743039888,-8.006721183,0.619547154,-1.398591291,1.382976644,7.520101827,18.80287059,7.886086982,7.465663523,4.414496558,17.3787326,13.80094332,8.595708446,8.866389054,8.721988989,9.292384109,-4.048788591,6.895992738,6.467198447,5.417439386,7.505202,7.376898772,9.083848975,10.40542131,9.789445287,7.229585757,4.769682764,3.451737238,6.097943362,25.39396271,6.031318526,-13.12929076,26.11175529,7.713847037,9.485346174,-7.22900656,7.266703597,8.566733614,2.51738385,7.281074038,7.329626061,2.884548618,6.338300534,7.209910203,8.123128933,6.883688777,-33.49988654
Marshall Islands,,,,,,,,,,,,,,,,,,,,,,,,,,,,,,,,,,,,,,,-0.69204936,-1.130545965,1.497581042,6.731463673,3.729041426,-1.569543127,-0.268796052,2.348647439,-0.176502898,3.400376798,-6.389250578,2.605929396,6.822320867,-0.646285177,-2.183710644,3.885084527,-1.023152594,1.550277666,1.436704335,3.275557905,3.052274828,6.845482474,-1.629837447
Mexico,8.103090286,1.855659962,5.76485014,3.580440044,5.416649818,9.037130356,5.373839855,5.977540016,6.598179817,0.655439019,3.626719952,3.994999886,5.762300014,7.869850159,-1.227640033,2.130680084,10.5007,10.38389969,10.00570011,4.664420128,0.668480992,2.533200026,-1.391219974,-0.92435199,4.345689774,4.188230038,0.722676992,6.03139019,4.60984993,4.32585001,0.096881002,3.252029896,5.624300003,6.23003006,-1.303259969,4.062980175,3.595249891,4.993720055,2.901590109,-1.889529943,5.748149872,2.72322011,3.754349947,4.547039986,6.232319832,6.050879955,6.56690979,6.307380199,1.143586585,-5.285743766,5.11811587,3.663008613,3.64232238,1.354093985,2.849772156,3.293152162,2.6305319,2.113128666,2.19499512,-0.199047853,-8.057317409
"Micronesia, Fed. States of",,,,,,,,,,,,,,,,,,,,,,,,,,,,,,,,,,,,,-3.086950476,-6.060558078,2.745527421,1.52697105,4.859608961,2.089089866,0.613226175,1.605638649,-3.136790399,2.057588364,-0.114809877,-1.939003452,-2.194262678,1.030634283,2.259373637,3.188555315,-1.866790542,-3.679786534,-2.305778627,4.621898281,0.900187187,2.682178867,0.211658399,1.2,-1.818302489
Moldova,,,,,,,,,,,,,,,,,,,,,,,,,,,,,,,,-17.50000822,-29.70000031,-1.200183119,-30.90008676,-1.427806152,-5.9,1.6,-6.5,-3.4,2.1,6.1,7.8,6.6,7.4,7.5,4.8,3,7.8,-6,7.1,5.818165709,-0.589733963,9.04386557,4.999625923,-0.338235559,4.408886709,4.2,4.1,3.6,-8.3
Mongolia,6.900007397,6.899995735,6.899999862,6.900003229,6.900000099,6.899999939,6.900004588,6.899993961,6.900002112,6.993700264,8.72843779,4.686964642,3.608396915,8.90606184,4.220035238,6.512047159,3.904246296,7.784826897,7.519994586,4.264360136,6.442742244,8.376198815,8.331031444,5.792216707,5.9138616,5.67918456,9.426319994,3.541938448,5.145863371,4.182940773,-2.485633599,-9.198665591,-9.256465705,-3.168791547,2.134382692,6.376426886,2.235093843,3.896713584,3.339936603,3.07036901,1.146062135,4.638605384,5.266915485,7.357390314,9.424989486,6.507275727,8.162916496,8.756752511,7.818929924,-2.069487692,7.313041989,17.29077795,12.31981894,11.64891723,7.88522458,2.410307106,1.489784512,5.636876302,7.744880744,5.602244544,-4.557752459
Morocco,,,,3.42924471,1.081084541,1.884861661,-1.387615043,6.472808945,12.42289116,-3.002107743,5.002780278,5.823166514,2.101070079,3.821641072,14.29918341,4.329803153,7.224781722,3.947208445,5.361992884,4.969161163,3.791699314,-2.764602738,9.618729912,-0.557168242,4.337011054,6.324110819,8.300154271,-2.54414501,10.41463225,2.365896238,4.034731765,7.216088161,-2.097738754,-0.740591677,10.58800038,-5.405447851,12.37287626,-1.560702335,7.238552682,1.081332559,1.912872978,7.319967467,3.12144964,5.961162152,4.797018364,3.291639692,7.574631636,3.531906773,5.923277686,4.243757314,3.815717925,5.245697302,3.00996126,4.535424193,2.675062338,4.344582976,0.521185509,5.057898157,3.065641334,2.890974761,-7.187079581
Namibia,,,,,,,,,,,,,,,,,,,,,,,,,,,,,,,,5.34258264,9.269770285,-1.619904002,3.004726536,4.114552606,3.195777789,4.216454905,3.290799096,3.366405097,3.497414653,2.393148695,6.680179749,3.477418424,6.632294352,4.67032967,3.947506562,3.646096354,2.649812009,0.295970945,6.039249491,5.091338114,5.061682087,5.614721455,6.092519139,4.264174529,0.033794488,-1.027250823,1.059943443,-0.839154678,-8.036213662
Netherlands,8.414110184,0.295547009,6.843510151,3.624619961,8.274900436,8.643099785,2.741100073,5.280010223,6.416130066,6.429450035,5.6947999,4.330780029,2.506530046,5.78426981,4.255919933,0.123020001,4.787650108,1.921280026,2.330749989,2.021919966,3.251199961,-0.783744991,-1.240739942,2.069910049,3.061650038,2.580250025,2.786950111,1.931030035,3.441400051,4.420000076,4.183209896,2.43927002,1.705909967,1.257660031,2.961060047,3.116270065,3.406310081,4.278439999,3.923520088,4.684490204,3.94092989,1.925780058,0.076288998,0.335651994,2.236510038,2.046499968,3.394269943,3.613120079,2.172070084,-3.667446474,1.341079693,1.549729903,-1.031311152,-0.126926917,1.42404755,1.958315786,2.191713719,2.910948462,2.360895023,1.955602466,-3.913431003
New Zealand,,3.315649986,3.080869913,6.102119923,6.103280067,6.111730099,6.248459816,-4.589419842,-0.048847999,10.19470024,-1.397609949,3.785459995,5.119110107,7.800280094,5.993440151,-1.731680036,0.928812027,-3.936340094,-0.626619995,-0.066027999,0.89527601,3.253000021,4.319079876,2.738889933,4.932320118,0.771193981,2.094409943,1.601140022,-0.150142998,0.542674005,0.035762999,-1.294260025,1.121070027,6.373459816,5.287409782,4.244619846,3.41576004,1.696969986,0.51522398,5.269609928,2.355730057,3.509589911,4.882380009,4.292170048,3.660049915,3.15644002,0.857482016,2.939620018,-0.184121673,-1.207940523,1.76786093,1.821517694,2.47924809,2.282402221,3.757214423,3.675775405,3.958476283,3.505835963,3.432755996,2.866984337,-2.081029456
Nicaragua,1.369860053,5.002920151,4.664410114,8.106889725,11.7014389,9.513007164,3.309227943,6.956932545,1.35704565,6.232672691,1.347254753,4.931390285,3.187559366,6.416488171,14.19457245,-0.155195698,5.210603237,8.405654907,-7.845785141,-26.47733116,4.612211227,5.360833645,-0.816824615,4.614677906,-1.565664887,-4.083636761,-1.015466809,-0.705880582,-12.39999962,-1.694363356,-0.132159516,-0.154388383,0.400000006,-0.400000006,5,5.911907673,6.344268322,3.966650963,3.711681366,7.035970688,4.101590157,2.960843563,0.753938913,2.52073288,5.312170506,4.282398224,3.804864645,5.076352119,3.435716867,-3.292665243,4.41009903,6.316685677,6.496136665,4.927093983,4.785459995,4.792267799,4.563147545,4.631207466,-3.36335659,-3.779782057,-1.789481997
Niger,,,,4.269299625,-5.889769263,6.65995657,23.34485574,-3.434232829,-7.797692454,-1.599984944,9.262472373,-3.401552561,-7.56531498,-10.89285685,6.245821617,20.49669215,15.28828556,3.480242108,8.327851157,13.58604331,4.885873263,-0.177680007,2.174482578,-3.863643359,-16.81983899,7.718152981,6.352123768,0.088276338,6.871144272,0.957037285,-1.308458711,-0.440090429,2.000644117,0.322918905,1.85801303,2.454229337,0.099752816,1.526522592,9.975437103,-0.222401776,-1.208599978,7.26932206,4.919867017,2.183521174,0.361587809,7.334600135,5.932608172,3.143505102,7.732741123,1.962761066,8.580798567,2.356015574,10.54176929,5.310682805,6.643984393,4.393380111,5.740882545,5.001384073,7.204468744,5.906521424,3.622995598
Nigeria,,,,,,,,,,,,,,,,,,,,,,,,,,,,,,,,-0.552029758,2.193492874,1.568806952,0.256574706,1.87234846,4.052033925,2.885915632,2.495601534,0.521844421,5.518499709,6.666848197,14.60438145,9.502606136,10.44200376,7.008456876,6.725974141,7.318080902,7.199287107,8.353344181,11.25890658,4.887388018,4.279277398,5.394416855,6.309717146,2.652692521,-1.616868291,0.805886973,1.922757157,2.208429709,-1.7942536
North Macedonia ,,,,,,,,,,,,,,,,,,,,,,,,,,,,,,,,,,-7.5,-1.8000048,-1.1,1.2,1.350716555,3.380997408,4.347713044,4.538817655,-3.067256625,1.493665472,2.222601657,4.67408958,4.724088642,5.137025162,6.473486858,5.47200139,-0.358614857,3.358750858,2.339886045,-0.456183224,2.925257665,3.629123513,3.85586514,2.848205194,1.081772738,2.88059671,3.910198636,-6.110687112
Norway,5.626649857,6.273330212,2.813950062,3.785039902,5.00965023,5.285610199,3.786509991,6.256080151,2.259880066,4.504610062,1.998639941,5.615429878,5.26485014,4.478000164,3.818500042,5.025320053,5.792580128,4.139669895,3.854049921,4.357560158,4.504220009,1.547600031,0.125019997,3.866909981,5.894080162,5.353990078,4.037610054,1.780040026,-0.172915995,0.997493982,1.927539945,3.104680061,3.523119926,2.786609888,5.05136013,4.186399937,5.099760056,5.392570019,2.682820082,2.02579999,3.253489971,1.990159988,1.502110004,1.013560057,3.864089966,2.739200115,2.280879974,2.731040001,0.476370755,-1.727020635,0.701819489,0.981420399,2.703107037,1.03407503,1.969515365,1.967169031,1.071547996,2.323209926,1.1188788,0.74580787,-0.717163315
Oman,,,,12.49999623,12.49998576,11.11110582,10.00000643,7.999991033,15.00000722,9.999985874,3.319828889,1.018843611,9.231959745,-13.99146841,28.24107774,28.58982503,15.97396552,-2.360247984,-6.361317365,4.113926263,6.079028036,17.09644931,11.50081724,15.94734367,13.90396301,14.5234574,2.144546124,-3.992226144,5.245115193,2.983408004,8.377753957,6.043513296,8.492296405,6.144185485,3.84536622,4.831394202,2.888554469,6.177629708,2.704286003,0.297735434,6.19254452,4.612689311,-0.78408058,-2.194657839,1.992450725,2.779651646,4.669847742,4.980425001,8.950222921,5.981870619,2.472152916,2.894419487,8.863415575,5.227444396,1.292195609,5.017318124,5.04620702,0.304109018,1.287200509,-1.129666663,-3.200306979
Pakistan,4.907539845,14.92739964,14.59350014,11.67160034,11.60140038,17.37319946,6.853869915,1.955520034,3.238130093,11.97000027,9.509630203,7.407579899,11.00279999,17.39830017,2.167220116,0.532503009,16.46209908,11.64299965,8.465909958,11.63930035,10.30529976,9.316940308,2.920330048,5.96641016,9.92249012,0.671374977,11.09790039,13.41110039,8.444840431,2.222140074,3.898469925,5.694399834,6.093009949,6.04324007,6.013289928,2.293139935,4.192840099,5.056350231,-6.026470184,2.55588007,7.951379776,0.49724099,1.840980053,3.005889893,8.466560364,7.082089901,7.019649982,6.382040024,4.988094637,0.360726005,2.580501579,3.623770404,3.836689789,3.683110962,4.053353403,4.05785189,4.563290229,4.608602833,6.095758544,3.120002528,-0.94333719
Panama,5.986869812,10.75139999,8.36480999,8.42261982,4.530029774,9.134400368,7.519309998,8.565879822,6.928929806,8.528429985,6.386750221,9.645879745,4.580279827,5.405920029,2.441509962,1.590829968,1.643640041,1.155449986,9.739919662,4.507880211,1.098500013,9.206809998,5.348460197,-4.491360188,2.709470034,4.942230225,3.567790031,-1.809049964,-13.37979984,1.562250018,8.09899044,9.419010162,8.201680183,5.455739975,2.850150108,1.751680017,2.810580015,6.460989952,7.341499805,3.917210102,2.71536994,0.57427299,2.228889942,4.205760002,7.522079945,7.191279888,8.527759552,12.11270046,9.855656353,1.242987611,5.827991629,11.31362419,9.77882806,6.903437605,5.066611509,5.7326908,4.953442733,5.59132829,3.685336519,2.979715795,-17.94485726
Papua New Guinea,,,,,2.913644148,2.924671131,2.91591049,4.63118321,3.544034552,5.215587042,11.16040439,10.63533704,2.467651022,8.675506861,3.841254322,0.881923907,-1.627000621,-4.307592645,6.047962653,1.81907235,-2.309320675,1.149123383,0.832420591,3.437975234,-0.98349958,3.577649108,5.653774485,2.761646664,2.909288794,-1.423690205,-3.132083247,9.568176984,13.82697833,13.33447041,10.49241512,-3.446135544,6.598542883,-6.343363277,4.681673061,1.855553847,-2.493583614,-0.122577482,-0.158900358,9.04585684,0.577870068,4.251905335,2.537243851,7.815189349,-0.296457696,6.800421281,10.1284541,1.107543597,4.657119635,3.824946266,13.54377062,6.575543753,5.492357063,3.534610884,-0.279252337,4.480464159,-3.496629489
Paraguay,0.883152008,7.055719852,1.345669985,3.87232995,3.886470079,5.363619804,1.16249001,8.515910149,3.148819923,4.122439861,4.879799843,5.441919804,6.441180229,7.19464016,8.238180161,6.320129871,7.018070221,10.93389988,11.35009956,11.35700035,14.81890011,8.536250114,-3.716550112,-3.024960041,3.077359915,3.976109982,,4.333069801,6.35476017,5.798639774,3.090600014,2.469530106,3.422879934,3.911799908,3.72706008,5.452260017,0.402556986,2.991960049,0.579383016,-1.481750011,-3.345590115,2.064280033,-0.048567999,3.8396101,4.135280132,2.876179934,4.322589874,6.761300087,6.49629212,-0.261137328,11.09523127,4.286371207,-0.708043112,8.293076489,5.301238592,2.957151735,4.268025833,4.810078856,3.204250341,-0.401855101,-0.819785391
Peru,13.81480026,7.400209904,11.6953001,9.943180084,11.1111002,9.003860474,3.30114007,6.969510078,1.34296,6.237699986,1.35382998,3.304759979,2.220720053,6.41700983,14.19239998,-0.153246999,5.209459782,8.368479729,-7.838799953,-26.47879982,4.611730099,5.363289833,-0.816362023,4.613210201,-1.566089988,-4.081850052,-1.017310023,-0.706353009,-12.44979954,-1.697610021,-0.093065001,-0.190712005,0.385466993,-0.391139001,3.337460041,5.911819935,6.344170094,3.966779947,3.711590052,7.035739899,4.101910114,2.960740089,0.753910005,2.520620108,5.312290192,4.282549858,3.903039932,3.150670052,9.126568301,1.095823659,8.332459107,6.327192402,6.139724706,5.852518211,2.382157372,3.252458764,3.953103271,2.518835442,3.976935718,2.233361077,-11.01414913
Philippines,1.362280011,5.616580009,4.77312994,7.060490131,3.446990013,5.265810013,4.425990105,5.324150085,4.945419788,4.656360149,3.764610052,5.428629875,5.446790218,8.920649529,3.558120012,5.564770222,8.806630135,5.602059841,5.172100067,5.639679909,5.148910046,3.423269987,3.619329929,1.874619961,-7.323679924,-7.306610107,3.416779995,4.311639786,6.752540112,6.205309868,3.0369699,-0.578334987,0.337603003,2.116309881,4.387619972,4.678689957,5.845870018,5.185359955,-0.576722026,3.396399975,5.968460083,1.755669951,4.449409962,4.929729939,6.379489899,4.951869965,5.341020107,7.046589851,4.344494734,1.448308509,7.334500873,3.858238569,6.896962298,6.750527344,6.347986411,6.348304599,7.14946067,6.930993316,6.341490054,6.11851767,-9.518303155
Poland,5.383580208,3.429680109,4.109159946,4.405970097,2.209330082,1.368999958,-4.258289814,3.07536006,0.36886099,6.006169796,9.723469734,5.21612978,-2.487649918,2.884579897,6.852519989,-12.43159962,-3.530179977,2.274110079,8.475939751,-2.514940023,0.471695989,-3.503070116,-6.923649788,-4.563739777,8.647569656,5.091619968,5.199160099,4.79489994,5.628170013,5.085869789,3.32881999,5.281829834,3.879420042,4.849999905,3.299999952,4.112420082,4.602459908,4.196360111,4.700389862,4.400000095,3.700000048,4,4.5,5.199999809,5.599999905,5.900000095,6.400000095,6.459730148,4.199959389,2.832257301,3.740552738,4.757627247,1.324905902,1.125743702,3.378562733,4.236289848,3.141748929,4.830679568,5.353683668,4.744954865,-2.199919268
Portugal,6.67757988,5.534900188,6.614449978,5.873700142,6.310750008,7.468989849,4.077909946,7.544479847,8.875510216,2.120739937,12.61270046,6.631649971,8.01570034,11.20069981,1.142860055,-4.347630024,6.900229931,5.602600098,2.815969944,5.638939857,4.58934021,1.618100047,2.13538003,-0.173113003,-1.879979968,2.807440042,4.140950203,6.381390095,7.489109993,6.440639973,3.950520039,4.368209839,1.089480042,-2.043279886,0.964838028,4.28278017,3.659699917,4.382760048,5.049660206,4.077159882,3.926199913,1.966689944,0.710464001,-0.931428015,1.558099985,0.757086992,1.439499974,2.386110067,0.319238309,-3.122053496,1.737687423,-1.696206887,-4.057247276,-0.922715552,0.792227138,1.792013703,2.019494722,3.506357988,2.849263944,2.682785915,-8.442430593
Qatar,,,,,3.549649602,3.549664148,3.54965837,-1.339928234,9.125201339,12.35222391,11.75457237,10.00901561,11.08239242,10.78218023,5.939045725,5.87997624,8.347469521,-7.305432408,8.863369781,5.227729634,-1.016417376,-3.894379347,-8.209771467,-5.329218328,15.98845747,-13.03093139,3.7064638,0.900001068,4.700001232,5.300002844,-14.64430246,-1.52385274,10.42420726,-0.890783343,1.929147754,0.36054224,4.229250927,27.74524417,10.25276832,3.767326948,6.945757089,4.499598349,6.873386071,3.987038644,19.22469249,7.792050239,28.08243287,18.19062834,17.49417487,13.06260017,17.74578889,11.30247565,4.730085137,5.556103642,5.334341598,4.753323729,3.064105032,-1.497562091,1.23483197,0.688255894,-3.557651667
Romania,4.415070057,202.7169952,-1.360139966,5.995200157,4.468329906,5.522469997,6.310929775,3.619689941,6.054959774,-1.010100007,5.190770149,7.127789974,7.28346014,7.522940159,5.87030983,4.706639767,2.493839979,1.862419963,3.627249956,-1.849740028,-2.522469997,4.900159836,2.334569931,3.430310011,3.396440029,2.68343997,4.207600117,6.054510117,10.94470024,-3.289880037,-9.117380142,-8.445360184,-7.272389889,-1.480209947,1.818009973,2.860189915,-9.030059814,-1.645529985,4.861360073,1.964140058,5.725969791,4.15143013,4.65019989,5.50537014,6.748290062,6.358310223,6.510620117,6.44825983,9.3074775,-5.517411766,-3.901238581,1.906066875,2.040666739,3.770969308,3.608733214,2.953658194,4.703005169,7.319442134,4.474531609,4.188248639,-3.747908463
Russian Federation,,,,,,,,,,,,,,,,,,,,,,,,,,,,,,,,-5,-14.5,-8.699999809,-12.69999981,-4.099999905,-3.599999905,1.399999976,-5.300000191,6.400000095,10.04562378,5.090469837,4.744285583,7.348946571,7.175777912,6.375944138,8.15363884,8.535119057,5.247611046,-7.82083559,4.503489494,5.066143036,4.024068356,1.755403042,0.736250043,-1.97269249,0.193679154,1.825824857,2.807203054,2.19811964,-2.663742304
Rwanda,,-2.044631029,1.328318104,-1.118325433,-5.113639623,8.982013171,0.366327107,9.489039375,9.333316024,10.97559009,10.98903581,1.237624793,0.244498979,3.414636949,0.707525051,1.990645596,1.836981664,5.185980863,9.796535981,9.402875844,-3.575901447,2.472348731,-2.46835443,6.03504218,12.97429621,4.387865655,5.500778412,-0.295130349,0.296003947,-5.705853419,0.418960453,-4.3,6.6000002,-10.37808446,-41.88995195,24.54105575,11.59550487,14.89996924,8.339936948,3.307990466,8.377723971,8.489722967,13.17957166,2.219796215,7.440370239,9.377070908,9.209330506,7.656033287,11.15691832,6.235512286,7.331442287,7.96909941,8.642440218,4.714038128,6.173452499,8.854247857,5.971645425,3.972972973,8.578112815,9.468518075,-3.357025697
Saint Kitts and Nevis,,,,6.846613345,6.846607714,6.846622058,6.846604683,5.002942307,5.397841989,5.646996252,5.875610141,6.398139288,4.666527683,3.934822697,5.658736176,2.697423862,5.945422615,6.050439681,2.191472966,7.491131844,1.278353032,2.70172371,6.112486466,-2.058167833,9.650557961,6.43724895,8.842097123,8.268483864,10.35291332,6.013272219,5.454426634,2.27026727,3.077424082,5.418213411,5.404460428,3.461675157,5.897036596,7.326831167,1.023595075,3.943195644,9.713538452,5.308948617,1.369691539,-3.93591785,3.996373698,9.73353457,3.1503812,0.600602327,11.17852813,-3.379308163,0.043697406,1.616741251,-0.516912967,5.705602179,7.587324727,0.716606943,3.903968886,0.943663726,2.669828163,4.803988318,-13.96880702
Saint Lucia,,,,18.43700798,2.587364457,4.096775056,5.460588403,4.886297946,1.500998156,6.616290555,3.791224249,5.365252572,2.320559163,1.579278208,5.685628132,4.430368374,18.84854851,8.996544354,10.50920134,5.735303942,-0.509961366,5.104835804,2.114280381,4.058775672,8.010014774,12.59030035,14.40189378,3.923505657,13.89850539,8.982586335,9.890252043,0.376221307,7.951720191,0.583161325,1.599364056,1.748955007,2.921657291,-0.693539284,6.286263366,2.670241864,0.049460432,-3.409210073,0.417201416,4.264339634,7.26810824,-0.410833578,6.232978937,1.943238799,4.882730586,-1.857679231,0.507096742,4.819140697,-0.356424249,-2.204821339,1.305644357,-0.212284888,3.773183088,3.387056508,2.880820974,-0.650157887,-24.36461878
Saint Vincent and the Grenadines,,,,,2.528735407,4.26009864,5.376334213,4.897965586,1.556422173,6.513412111,3.77694732,5.372648864,2.30260927,1.768503519,5.845177092,5.223889769,10.34896208,3.489634436,9.897531439,2.812036448,2.910320094,3.879508903,2.57779663,3.217863654,5.302740599,4.271361129,5.404912351,0.649820631,13.16887868,3.27379719,4.805853163,2.220634029,7.096484219,3.589414782,-1.164766653,6.797686282,1.059769282,3.740979871,4.459291801,2.106718329,1.805821725,1.607072112,4.870682623,6.125532758,3.748715295,2.269326629,6.538412865,3.086929131,0.429481278,-1.224155111,-4.275232362,-0.611575998,1.051661066,2.462482218,1.145756924,2.785222668,4.149565316,1.669364782,3.052342927,0.404012378,-5.312647581
Saudi Arabia,,,,-4.606751802,3.549645516,3.549653772,3.549649294,-1.339911539,9.125186215,6.793082725,15.28623838,14.41464062,15.35137955,19.73609221,15.08274599,0.255990016,15.09999952,5.899995565,6.700003719,10.09999877,5.652414973,1.943018388,-20.72991906,-16.05138358,-4.661463197,-9.794523644,17.01277391,-6.632477694,13.10930715,-0.503074285,15.19351538,15.00778423,3.987621169,-1.363756707,0.558751596,0.21201008,2.637497834,1.103794946,2.893298982,-3.763264851,5.625431723,-1.21075489,-2.819193235,11.24207479,7.958397311,5.573927066,2.788376939,1.847157886,6.249737879,-2.059214893,5.039437973,9.996885061,5.411436516,2.699224147,3.652493545,4.106402011,1.67065058,-0.741529927,2.514184688,0.333792046,-4.137682254
Senegal,,,,,-2.034420248,-2.034427103,-2.034427765,-2.034418927,5.612475362,-3.584995012,8.267714823,-0.121215287,6.432038323,-5.625236327,3.302463362,7.758272212,7.887125515,0.771300252,-6.244817654,9.638270683,-0.826814939,5.069516436,7.843064628,-5.326392721,3.74576436,3.283470694,3.113339715,6.094374588,-0.592431002,3.977856085,-0.675638151,2.555825439,1.242647228,1.31134467,-0.228270837,6.092968466,1.873729976,2.716895418,5.972168353,5.977666298,3.887210959,4.310851466,0.068696574,5.593950946,4.643293936,4.310238526,2.330770984,2.827119201,3.703169064,2.752104484,3.390889253,1.33409108,4.00299555,2.412385276,6.224074438,6.367043651,6.356068572,7.407486186,6.209241034,4.613769409,1.326442852
Seychelles,,,,,-2.034424704,-2.034416064,-2.034421636,-2.034422094,7.156889367,10.63865346,9.901954267,7.483988864,4.88080172,4.612086035,6.259627279,2.083212329,5.617857003,7.877454971,6.722472651,16.04468163,-2.253170054,-3.876783111,-2.071074418,-0.616235246,4.305622878,10.29374164,0.761946632,4.874552383,5.326410386,10.28565461,7.454766319,2.760425962,7.173044636,7.303370787,-2.436568667,0.48503612,9.997945979,12.19364175,2.467440603,1.872005198,4.253198868,-2.271163111,1.212832551,-5.887127947,-2.850453855,9.005761179,9.406128362,10.41767675,-2.095657376,-1.095056905,6.321256583,5.684391637,3.820124351,6.403440182,4.717289187,5.637533749,5.352597564,4.511190031,3.199039348,3.087545893,-7.723375324
Slovak Republic,,,,,,,,,,,,,,,,,,,,,,,,,,,,,,,,,,,6.206080822,7.872060133,6.940963287,4.44459,4.076288294,-0.10596855,1.166423272,3.253827659,4.509288566,5.499407124,5.278672693,6.623474978,8.493253184,10.83207977,5.574652608,-5.455549798,6.293631529,2.637279194,1.358187427,0.654742046,2.724506625,5.215460416,1.931827143,2.98017718,3.794381468,2.605350867,-4.358857793
Slovenia,,,,,,,,,,,,,,,,,,,,,,,,,,,,,,,,,,2.8,5.3,4.100056117,3.601867502,5.049704838,3.279246844,5.332705217,3.672562744,3.216401599,3.505563973,2.960158826,4.359478,3.797805309,5.746387765,6.980247597,3.509763864,-7.548555321,1.343860519,0.861293756,-2.639249014,-1.029429473,2.76813378,2.210089263,3.191864772,4.815518673,4.454312477,3.451071277,-4.321471375
Solomon Islands,,,,,2.492187798,4.054082061,5.455320111,4.9260861,1.642808737,6.46684547,3.903193423,5.428648436,2.178835052,1.549192319,5.716517182,-10.69958461,14.59291772,7.37264787,7.116121485,18.06790811,-2.663190451,-1.797019369,-1.669565561,3.890591632,0.170200303,-3.132322903,-0.201430161,8.421310181,1.250196323,4.264256724,2.2,6,12.7,4,8.1,10.08861622,1.609907121,-0.914076782,1.291512915,-0.485731633,-14.27699817,-7.956605916,-2.799985745,6.523468576,6.66707761,5.526281643,4.874239494,4.442256645,5.805617327,2.569480457,8.615939172,7.266692754,1.367213742,5.236532991,1.185947395,1.678354824,5.555849852,3.077355442,2.744968207,1.748549983,-3.381858434
South Africa,4.203390121,3.845400095,6.177269936,7.373559952,7.93983984,8.896030426,4.43844986,7.196499825,4.153369904,4.715970039,5.248539925,4.278999805,1.654790044,4.572030067,6.111070156,1.695369959,2.249989986,-0.094095998,3.014509916,3.79053998,6.62059021,5.360740185,-0.383354008,-1.846549988,5.099070072,-1.211439967,0.017787,2.10078001,4.200039864,2.394860029,-0.317782998,-1.018309951,-2.1370399,1.233610034,3.234100103,3.115700006,4.30670023,2.646759987,0.517382979,2.358129978,4.15459013,2.735419989,3.667840004,2.949069977,4.554540157,5.277120113,5.603720188,5.485919952,3.191037001,-1.538086037,3.039746179,3.168552434,2.396215931,2.485473869,1.413828121,1.321875778,0.664541407,1.157955503,1.522313116,0.303463807,-6.342464968
Spain,1.584439993,11.83870029,9.953439713,9.596500397,5.308509827,6.253139973,7.246059895,4.340340137,6.597020149,8.907019615,4.244969845,4.649469852,8.149749756,7.788469791,5.61879015,0.542203009,3.303790092,2.838570118,1.463000059,0.041547,2.208729982,-0.132468998,1.246459961,1.770120025,1.784690022,2.321439981,3.253319979,5.547120094,5.09431982,4.827030182,3.781389952,2.546000004,0.929215014,-1.031489968,2.383189917,2.75748992,2.417010069,3.868690014,4.468160152,4.745940208,5.049819946,3.648000002,2.704220057,3.096379995,3.266829967,3.614330053,4.018630028,3.56340003,0.888677385,-3.768981591,0.167566388,-0.813909304,-2.957649354,-1.437189171,1.381652923,3.83687361,3.027589343,2.977261161,2.290449579,2.082423009,-10.82276212
Sri Lanka,,,,7.320062052,6.193425081,2.425780417,5.14063772,6.057712147,4.354510876,8.180137994,15.81838492,-0.060802634,7.833933026,3.524859995,3.952185225,4.692400746,4.437700575,3.820690724,6.199999594,6.077692412,5.84721396,5.345057724,5.232797235,3.314356932,6.724802437,4.957133962,4.281281373,1.45368936,2.698366143,2.250314994,6.173549442,-0.408558866,-3.134984348,7.476541448,8.035774789,6.051177556,12.16211673,10.29106908,-1.645804648,2.879241081,8.417617985,-1.947933334,3.72660229,5.940333831,5.445061279,6.241802761,7.66828795,6.796775035,5.950088146,3.538869779,8.016003508,8.669486226,8.632178913,4.051740058,6.37798042,4.205954151,5.053641022,6.460678526,2.310063693,-0.220475953,-3.472296051
Sudan,,,,-2.713520557,-1.247477031,7.00229335,-1.745616863,-2.832376217,6.041847078,5.947512757,-3.946802305,4.976645225,4.756325204,-7.078541888,12.52701,6.481135399,15.74706852,5.678067379,-5.424800358,4.524284208,2.499572556,6.320125156,4.126983296,-1.50998573,-5.628635666,-0.623208465,9.933406903,6.461885674,4.29246786,1.422852939,0.837923573,7.024453291,5.541472751,2.750476314,3.514153793,8.860415197,5.464946514,6.057445131,8.24164833,4.235199901,8.384799504,10.86740188,5.941300151,6.288808161,5.135974754,5.648452998,6.531411747,5.734905115,3.846744633,-2.767704201,3.858241807,-3.213531979,-17.00468857,1.955144591,4.661379996,4.90604,4.69998,0.76786,-2.28995,-2.4998,-3.62981
Suriname,,,,,6.846587672,6.846617369,6.846619258,5.002931823,5.397852278,5.647004145,5.875626754,6.398130737,4.666506458,3.934852261,-7.170789224,10.07725068,16.52312118,11.2510281,12.7991826,-1.081134941,-6.5,1.9,-6.3,-5.1,-3,-0.9,-2.4,-8.8,10.8,2.3,-1.5,-13.79928252,3.9,-2.2,-7,11.3,11.2,7,2.2,-0.9,-0.1,4.901963775,3.747269206,6.190201406,7.305360903,4.918653292,5.767003048,5.098918178,4.149367349,3.017299244,5.163065127,5.846994055,2.696938259,2.93091202,0.254000555,-3.413796514,-4.911660509,1.566037825,4.948271085,1.097767484,-15.90604471
Sweden,4.240409851,6.118999958,3.331199884,5.684720039,8.681380272,5.148049831,0.684822023,4.126150131,4.824920177,5.258639812,11.32320023,1.518460035,2.573950052,3.894570112,4.303390026,6.154640198,1.719820023,-2.750099897,2.026070118,5.526259899,0.430496007,-3.540570021,0.810095012,3.02989006,3.877320051,0.766867995,5.627399921,5.108139992,2.135970116,4.142620087,0.036180001,-2.069519997,-2.181020021,-3.435290098,4.125810146,4.968770027,2.532710075,2.584889889,5.936870098,4.207709789,4.779930115,0.976813972,1.931280017,2.837909937,4.234859943,3.160779953,4.297180176,3.314239979,-0.450571977,-4.33981057,5.952109696,3.195338539,-0.588292614,1.187758361,2.657791071,4.489273341,2.070585106,2.56794011,1.950013302,1.986210806,-2.170226863
Switzerland,6.997200012,8.108670235,4.78993988,4.879199982,5.25635004,2.104549885,2.461460114,3.055919886,3.5880301,5.632909775,6.377409935,4.07543993,3.200510025,3.049910069,1.45491004,-7.283170223,-1.403679967,2.433650017,0.409083992,2.491509914,4.601980209,1.769569993,-1.328359962,0.530574977,3.128599882,3.513180017,1.707949996,1.255110025,3.27854991,4.550600052,3.797719955,-0.946196973,0.099820003,-0.185292006,1.190819979,0.350235999,0.628427029,2.075670004,2.638590097,1.311130047,3.582099915,1.152080059,0.443141013,-0.197794005,2.532700062,2.640650034,3.630389929,3.644530058,2.691284606,-2.308092415,3.219350553,1.892572737,1.201760743,1.840308278,2.309775567,1.584636534,2.083788511,1.429967111,2.863898924,1.162343398,-2.514387196
Tanzania,,,,-1.351818353,5.954467996,5.954458149,12.83565318,4.037441076,5.179295729,1.837802795,5.799726029,4.179668969,6.724175834,3.056569154,2.499989433,5.68737107,6.608616467,0.401793718,2.129989085,2.910007731,3.266435768,0.5,0.6,2.4,3.4,4.6,6.6,5.9,4.4,3.8,7.045146218,2.071835213,0.583955005,1.206243206,1.567011469,3.570500283,4.544435371,3.525275878,3.708471235,4.840447636,4.933795928,5.997841203,7.163564526,6.886225826,7.828278443,7.369889714,4.660570996,8.464381585,5.566595313,5.382346168,6.358886081,7.904507572,5.141013621,6.781586238,6.732461297,6.160629343,6.867116196,6.77290597,6.95892171,6.970642698,4.80614231
Thailand,12.12530041,3.867619991,3.131269932,6.278019905,7.436830044,21.6196003,-0.035726,7.831880093,3.373430014,6.539259911,5.154550076,1.631260037,-0.549103022,3.318739891,1.184720039,9.147339821,1.65534997,7.258769989,5.708650112,-5.237589836,6.743780136,5.999330044,3.465579987,7.29929018,3.823230028,5.234159946,4.768239975,3.957420111,9.637390137,5.950739861,5.528989792,1.063629985,5.480269909,4.7676301,6.654150009,7.569250107,7.557209969,4.054500103,6.193540096,7.387310028,4.030409813,5.216899872,3.766829967,8.370900154,8.278169632,9.318920135,9.271829605,9.817000389,1.725698849,-0.690618232,7.513390533,0.840132083,7.242796202,2.687495563,0.984468864,3.134047249,3.435157717,4.177681032,4.222870287,2.151656122,-6.19548916
Togo,,,,8.045379827,13.75919994,9.935228386,10.60902446,5.683836521,4.537819239,11.57555342,3.602298127,6.046126126,3.779448621,-4.169459974,4.253704712,-0.621351068,-0.468906339,5.559328003,6.023753796,5.396845924,-2.285169007,-3.419027114,-3.707550274,-5.156320288,5.881083269,3.717155877,3.260437619,-2.483971084,10.12413483,4.099999999,5.897243755,-0.590318772,-3.206650831,-16.3190184,13.92961877,19.69111969,-3.870967742,3.803131991,-2.262931034,2.540003338,-0.969996585,0.820002413,3.830003378,6.720003476,-0.979996775,-4.669996896,2.650003337,-1.179996787,4.060003377,5.540003422,6.100003443,6.400003453,6.54000346,6.110003442,5.920003433,5.740003426,5.600003418,4.347748238,4.966614689,5.464379821,1.757803418
Trinidad and Tobago,,,,,5.572753429,2.785926467,9.974323206,5.527509693,3.731390563,0.127925739,6.560088569,2.202736658,3.498085507,2.998250643,3.699588244,2.500888165,7.767777136,8.026477496,-4.241049524,7.806908908,10.4,4.577208558,3.799318071,-10.30032848,-5.750906169,-4.119419554,-3.279163048,-4.561778538,-3.919724051,-0.829914211,1.509167842,3.112407948,10.09297938,-0.669114647,3.567180445,3.809913231,7.134477381,7.522854738,8.124564009,8.024817633,6.901359504,3.697812561,7.152133282,13.87798649,7.327760168,5.895082952,14.18144411,4.255073702,3.286033689,-4.823296316,3.461141356,-0.191724273,-0.632989251,2.270222834,-0.855308657,1.783567959,-6.31755344,-2.681210792,-0.706435308,-0.171437013,-7.374285265
Tunisia,,,,10.65754571,3.91185571,4.991663322,3.109027609,-0.143050978,7.225077475,17.49197662,7.43156395,11.04368323,17.81419829,0.371069388,5.63770817,6.999116202,7.931326027,5.598637852,6.448958204,6.599990888,7.400001005,5.521800139,-0.481835583,4.673825155,5.730659026,5.668473351,-1.453301988,6.701366298,0.071138211,2.579465827,7.074541989,4.138371749,8.008691535,2.477079011,3.627660235,2.671448838,6.854683343,5.72519014,4.962959927,6.017108124,4.3,3.796269504,1.322559815,4.702407669,6.235789013,3.486539353,5.24410493,6.709515765,4.237776891,3.043448862,3.511160213,-2.046633878,4.216677117,2.429930905,3.090328055,0.967703184,1.117425857,2.237838682,2.547438727,1.398828221,-8.734975727
"Türkiye, Republic of",2.94968009,1.156069994,5.571430206,9.066309929,5.459060192,2.823529959,11.21280003,4.73251009,6.777999878,4.081150055,3.233510017,5.566699982,7.425789833,3.262330055,5.594470024,7.174109936,10.46119976,3.406670094,1.502930045,-0.624113023,-2.447350025,4.856649876,3.563230038,4.971079826,6.71201992,4.241330147,7.012030125,9.48554039,2.320739985,0.290244013,9.266150475,0.720278978,5.035630226,7.651269913,-4.668149948,7.878270149,7.37966013,7.577660084,2.308209896,-3.365350008,6.774459839,-5.697480202,6.163839817,5.26526022,9.362810135,8.401619911,6.893489838,4.668580055,0.815024592,-4.823154055,8.427104437,11.20011056,4.788492652,8.485817023,4.939715133,6.084487003,3.323084167,7.501997437,2.979885265,0.78361025,1.9400322
Uganda,,,,,5.954471299,5.954453343,5.954465889,1.096685828,2.588958984,11.02337971,1.506059443,2.9262262,0.667373307,-0.609925391,0.173440852,-2.024233359,0.733994633,1.565232601,5.061347796,-7.591244233,-3.392009589,3.859373392,8.204534879,4.899210954,-2.999999652,-3,0.946280914,4,8.294375974,6.403296488,6.497418244,1.77841215,5.850240233,6.685840898,7.693566997,9.174065966,6.594640605,4.620189969,6.074023998,7.953097106,3.941355526,8.765467796,7.056939974,6.158864571,5.803342488,10.00741211,7.04936137,8.063858848,10.42799562,8.068835395,7.483948636,7.677182503,2.333456613,3.938199519,5.744865805,8.005795493,0.158884195,6.830681548,5.496772358,7.814712427,-1.38836773
Ukraine,,,,,,,,,,,,,,,,,,,,,,,,,,,,,,,,,-9.9,-14.2,-22.9,-12.2,-10,-3,-1.9,-0.2,5.9,8.8,5.3,9.5,11.8,3.1,7.6,8.2,2.2,-15.1,4.1,5.460488449,0.224332245,0.00165226,-6.574730711,-9.787795742,2.416781472,2.359972281,3.488363045,3.199496603,-3.752797984
United Arab Emirates,,,,,,,,,,,14.4999927,14.49999625,14.49999737,14.50000171,14.49792886,6.227336293,15.04164294,17.43873964,-4.382276532,7.272727273,-1.779659724,8.024154702,-7.188498578,-5.249568532,4.450500993,-2.521740457,-19.26850916,5.303870775,-2.623294774,15.73275646,23.56223034,2.141280244,3.095155756,-0.028567669,7.362619894,6.579804371,5.340224803,8.553054364,0.791009131,3.751124697,12.32860905,1.284275215,2.478424527,8.813226911,9.576977389,4.866850076,9.831142133,3.231272665,3.214675347,-5.22859842,1.5946107,6.928580288,4.483730396,5.053132661,4.410101138,5.060294915,2.98423259,2.373539836,1.189852335,3.411557619,-4.799997354
United Kingdom,5.760479927,2.573570013,1.327990055,3.956239939,5.03828001,2.788980007,2.049309969,2.310970068,3.984740019,2.052449942,2.455019951,2.024230003,3.566469908,7.12789011,-1.359979987,-0.626648009,2.644129992,2.394419909,3.241290092,2.68776989,-2.087169886,-1.32257998,2.09243989,3.624049902,2.670540094,3.599839926,4.012589931,4.562059879,5.032040119,2.281409979,0.779358983,-1.392439961,0.146651,2.222120047,4.280250072,3.052360058,2.885370016,3.307339907,3.606760025,3.472559929,3.915570021,2.461349964,2.096980095,2.808199883,2.950920105,2.172990084,2.852740049,2.559170008,-0.239638074,-4.2473563,2.13143824,1.457563352,1.469887546,1.890018334,2.991164813,2.622596682,2.263463516,2.134453136,1.650925455,1.671944229,-9.270410853
United States,2.488140106,2.326760054,6.040299892,4.323550224,5.802110195,6.393819809,6.570909977,2.503489971,4.769820213,3.038000107,0.184801996,3.345439911,5.427700043,5.77159977,-0.591745019,-0.356184006,5.565080166,4.640860081,5.514430046,3.182369947,-0.228008002,2.450570107,-2.025490046,4.329889774,7.265749931,3.849090099,3.416069984,3.39793992,4.172870159,3.507950068,1.761279941,-0.469595999,3.049550056,2.654069901,4.036759853,2.668859959,3.571150064,4.432240009,4.282120228,4.114079952,3.75270009,0.251614988,2.44569993,2.502589941,3.584579945,3.059920073,2.67414999,1.947409987,0.122248802,-2.599889088,2.708831391,1.549779539,2.280775445,1.841857146,2.287603416,2.706557544,1.667596304,2.255476434,2.918982304,2.288813767,-3.404539824
Uruguay,3.538140059,10.75139999,8.36480999,8.42261982,4.530029774,9.134400368,7.519309998,8.565879822,6.928929806,8.528429985,6.386750221,9.645879745,4.580279827,5.405920029,2.441509962,1.590829968,1.643640041,1.155449986,9.739919662,4.507880211,1.098500013,9.206809998,5.348460197,-4.491360188,2.709470034,4.942230225,3.567790031,-1.809049964,-13.37979984,1.562250018,8.09899044,9.419010162,8.201680183,5.455739975,2.850150108,1.751680017,2.810580015,6.460989952,7.341499805,3.917210102,2.71536994,0.57427299,2.228889942,4.205760002,7.522079945,7.191279888,8.527759552,12.11270046,7.176144661,4.243494195,7.803409655,5.162133022,3.538178722,4.63753863,3.238791229,0.370741256,1.689621454,1.627892428,0.477968752,0.350333032,-6.114851306
Uzbekistan,,,,,,,,,,,,,,,,,,,,,,,,,,,,,,,,,-11.1,-2.3,-5.2,-0.9,1.7,5.2,4.3,4.3,3.8,4.2,4,4.2,7.4,7,7.5,9.5,9,8.1,7.093933484,7.525139894,7.102444887,7.29655037,6.873838441,7.218773508,5.9321508,4.395274633,5.354996888,5.709633917,1.886225185
Vanuatu,,,,,2.918725015,1.734336576,5.798078607,1.961006959,1.734442616,8.254550998,10.14659955,4.341696931,2.110742353,6.832727354,3.434391527,6.057495005,1.249147743,6.530958557,8.684377957,3.219288535,5.451093002,4.375461628,1.980188638,3.0097133,9.576898474,1.000750563,-0.148625217,-2.894236335,-1.694626586,1.533264033,11.69695418,3.146959976,2.584419431,0.736302606,9.079183088,1.005124162,2.328455285,4.90688362,1.175836494,0.337293222,5.924809057,-3.397582489,-5.198318759,4.288335117,3.987392802,5.305326473,8.460697472,2.875892288,5.600991821,3.037303541,1.258867203,3.1398029,1.010047687,0.463390415,3.136867294,0.366522075,4.688756366,6.317305384,2.900230273,3.241187655,-5.396116794
Venezuela,0.317927986,7.055719852,1.345669985,3.87232995,3.886470079,5.363619804,1.16249001,8.515910149,3.148819923,4.122439861,4.879799843,5.441919804,6.441180229,7.19464016,8.238180161,6.320129871,7.018070221,10.93389988,11.35009956,11.35700035,14.81890011,8.536250114,-3.716550112,-3.024960041,3.077359915,3.976109982,,4.333069801,6.35476017,5.798639774,3.090600014,2.469530106,3.422879934,3.911799908,3.72706008,5.452260017,0.402556986,2.991960049,0.579383016,-1.481750011,-3.345590115,2.064280033,-0.048567999,3.8396101,4.135280132,2.876179934,4.322589874,6.761300087,5.277854124,-3.202302657,-1.488791251,4.176425359,5.625956975,1.343094036,-3.894386475,-6.221371027,-17.0403346,-15.67140887,-19.6553416,-27.67038002,-29.99195853
Yemen,,,,,,,,,,,,,,,,,,,,,,,,,,,,,,,,6.293493885,8.207598132,4.001966352,6.721949141,5.669371293,4.634967351,5.231112029,6.006694589,3.775530485,6.18191561,3.803645878,3.935231493,3.747398199,3.972696389,5.591748067,3.170409371,3.338427947,3.647569474,3.866229517,7.702307049,-12.7148969,2.392990203,4.823519082,-0.188690239,-27.99454624,-9.375123822,-5.071795642,0.752447592,1.4,-8.5